,rider_code,nb_race_climb,nb_win_climb,nb_pod_climb,nb_top10_climb,pts_climb,avg_rnk_climb,pct_win_climb,pct_pod_climb,pct_top10_climb,avg_pts_climb
0,laurens-de-plus,68,0,2,3,158.0,68.68518518518519,0.0,0.029411764705882353,0.04411764705882353,2.323529411764706
1,oliver-naesen,113,1,4,18,1092.0,52.60747663551402,0.008849557522123894,0.035398230088495575,0.1592920353982301,9.663716814159292
2,tim-wellens,129,4,7,24,1218.0,51.53508771929825,0.031007751937984496,0.05426356589147287,0.18604651162790697,9.44186046511628
3,greg-van-avermaet,119,1,10,33,2078.0,42.71551724137931,0.008403361344537815,0.08403361344537816,0.2773109243697479,17.462184873949578
4,marc-hirschi,137,6,15,31,1970.0,52.47692307692308,0.043795620437956206,0.10948905109489052,0.22627737226277372,14.379562043795621
5,mike-teunissen,80,0,0,8,358.0,71.30263157894737,0.0,0.0,0.1,4.475
6,ivan-garcia-cortina,107,1,2,16,780.0,61.78260869565217,0.009345794392523364,0.018691588785046728,0.14953271028037382,7.289719626168225
7,stefan-kung,117,0,2,12,748.0,54.51304347826087,0.0,0.017094017094017096,0.10256410256410256,6.3931623931623935
8,simon-clarke,150,1,7,22,1135.0,64.45185185185186,0.006666666666666667,0.04666666666666667,0.14666666666666667,7.566666666666666
9,,0.0,,,,,,,,,
10,fabio-felline,128,0,1,4,129.0,62.38834951456311,0.0,0.0078125,0.03125,1.0078125
11,sep-vanmarcke,63,1,1,6,520.0,63.017857142857146,0.015873015873015872,0.015873015873015872,0.09523809523809523,8.253968253968255
12,dion-smith,95,1,2,12,478.0,64.66279069767442,0.010526315789473684,0.021052631578947368,0.12631578947368421,5.031578947368421
13,zdenek-stybar,95,1,2,7,760.0,72.26373626373626,0.010526315789473684,0.021052631578947368,0.07368421052631578,8.0
14,ruben-guerreiro,121,2,4,15,608.0,33.07079646017699,0.01652892561983471,0.03305785123966942,0.12396694214876033,5.024793388429752
15,dylan-van-baarle,152,3,5,17,1519.0,56.080536912751676,0.019736842105263157,0.03289473684210526,0.1118421052631579,9.993421052631579
16,martijn-tusveld,130,0,0,3,95.0,65.6260162601626,0.0,0.0,0.023076923076923078,0.7307692307692307
17,florian-senechal,84,0,2,12,693.0,81.62025316455696,0.0,0.023809523809523808,0.14285714285714285,8.25
18,stan-dewulf,101,1,2,6,313.0,68.16842105263157,0.009900990099009901,0.019801980198019802,0.0594059405940594,3.099009900990099
19,lukas-postlberger,86,1,1,2,119.0,94.41558441558442,0.011627906976744186,0.011627906976744186,0.023255813953488372,1.3837209302325582
20,timo-roosen,64,0,0,1,125.0,77.53571428571429,0.0,0.0,0.015625,1.953125
21,nico-denz,126,1,1,1,134.0,98.38461538461539,0.007936507936507936,0.007936507936507936,0.007936507936507936,1.0634920634920635
22,kevin-geniets,85,0,0,3,180.0,69.34210526315789,0.0,0.0,0.03529411764705882,2.1176470588235294
23,jenthe-biermans,80,0,1,5,203.0,73.92857142857143,0.0,0.0125,0.0625,2.5375
24,tim-declercq,99,0,0,2,68.0,94.7840909090909,0.0,0.0,0.020202020202020204,0.6868686868686869
25,lawrence-warbasse,124,0,0,1,151.0,54.760330578512395,0.0,0.0,0.008064516129032258,1.217741935483871
26,jack-bauer,67,0,0,0,85.0,86.58730158730158,0.0,0.0,0.0,1.2686567164179106
27,mads-pedersen,98,5,9,14,1091.0,92.5340909090909,0.05102040816326531,0.09183673469387756,0.14285714285714285,11.13265306122449
28,valentin-madouas,139,2,8,21,1380.0,39.44525547445255,0.014388489208633094,0.05755395683453238,0.1510791366906475,9.928057553956835
29,robert-stannard,107,0,0,5,299.0,68.72916666666667,0.0,0.0,0.04672897196261682,2.794392523364486
30,amaury-capiot,37,1,2,7,285.0,56.064516129032256,0.02702702702702703,0.05405405405405406,0.1891891891891892,7.702702702702703
31,casper-pedersen,94,1,1,3,184.0,98.46428571428571,0.010638297872340425,0.010638297872340425,0.031914893617021274,1.9574468085106382
32,davide-ballerini,109,1,2,8,380.0,74.16483516483517,0.009174311926605505,0.01834862385321101,0.07339449541284404,3.4862385321100917
33,milan-menten,30,0,1,7,203.0,38.291666666666664,0.0,0.03333333333333333,0.23333333333333334,6.766666666666667
34,piet-allegaert,52,0,0,5,259.0,70.47826086956522,0.0,0.0,0.09615384615384616,4.980769230769231
35,jasha-sutterlin,114,0,0,2,140.0,80.33663366336634,0.0,0.0,0.017543859649122806,1.2280701754385965
36,carlos-verona,166,1,4,10,360.0,58.3416149068323,0.006024096385542169,0.024096385542168676,0.060240963855421686,2.1686746987951806
37,michael-schar,129,0,0,0,148.0,66.91735537190083,0.0,0.0,0.0,1.1472868217054264
38,callum-scotson,90,0,0,0,10.0,90.35802469135803,0.0,0.0,0.0,0.1111111111111111
39,jasper-philipsen,99,4,7,17,903.0,75.7159090909091,0.04040404040404041,0.0707070707070707,0.1717171717171717,9.121212121212121
40,aime-de-gendt,64,0,1,2,213.0,91.15517241379311,0.0,0.015625,0.03125,3.328125
41,jos-van-emden,94,0,0,0,30.0,97.36470588235294,0.0,0.0,0.0,0.3191489361702128
42,edoardo-affini,75,0,0,0,41.0,112.5,0.0,0.0,0.0,0.5466666666666666
43,sam-bennett,178,5,7,12,776.0,103.85276073619632,0.028089887640449437,0.03932584269662921,0.06741573033707865,4.359550561797753
44,lukasz-wisniowski,95,0,0,0,79.0,104.2289156626506,0.0,0.0,0.0,0.8315789473684211
45,guillaume-van-keirsbulck,48,0,0,0,25.0,92.6842105263158,0.0,0.0,0.0,0.5208333333333334
46,gijs-van-hoecke,52,0,0,1,78.0,74.66666666666667,0.0,0.0,0.019230769230769232,1.5
47,ryan-gibbons,97,1,3,8,414.0,60.89655172413793,0.010309278350515464,0.030927835051546393,0.08247422680412371,4.268041237113402
48,kristoffer-halvorsen,32,0,1,5,87.0,67.88,0.0,0.03125,0.15625,2.71875
49,leonardo-basso,57,0,0,0,45.0,98.10810810810811,0.0,0.0,0.0,0.7894736842105263
50,edward-theuns,118,0,1,8,313.0,89.35087719298245,0.0,0.00847457627118644,0.06779661016949153,2.652542372881356
51,boy-van-poppel,51,0,0,0,59.0,106.13636363636364,0.0,0.0,0.0,1.1568627450980393
52,wesley-kreder,62,0,0,0,20.0,113.16666666666667,0.0,0.0,0.0,0.3225806451612903
53,reto-hollenstein,136,0,0,0,95.0,91.088,0.0,0.0,0.0,0.6985294117647058
54,dmitriy-gruzdev,97,0,0,0,10.0,103.95121951219512,0.0,0.0,0.0,0.10309278350515463
55,oscar-riesebeek,58,0,1,2,113.0,96.17857142857143,0.0,0.017241379310344827,0.034482758620689655,1.9482758620689655
56,dries-van-gestel,36,0,2,2,228.0,57.75,0.0,0.05555555555555555,0.05555555555555555,6.333333333333333
57,baptiste-planckaert,54,0,0,2,161.0,75.02272727272727,0.0,0.0,0.037037037037037035,2.9814814814814814
58,ludovic-robeet,22,0,0,0,28.0,70.6470588235294,0.0,0.0,0.0,1.2727272727272727
59,tom-bohli,86,0,0,1,30.0,110.64285714285714,0.0,0.0,0.011627906976744186,0.3488372093023256
60,aaron-verwilst,33,0,0,0,15.0,67.5,0.0,0.0,0.0,0.45454545454545453
61,edward-planckaert,47,0,0,0,5.0,110.67441860465117,0.0,0.0,0.0,0.10638297872340426
62,arnaud-demare,97,2,10,16,793.0,86.0,0.020618556701030927,0.10309278350515463,0.16494845360824742,8.175257731958762
63,rui-oliveira,88,0,1,4,201.0,93.3375,0.0,0.011363636363636364,0.045454545454545456,2.284090909090909
64,dorian-godon,117,2,6,19,745.0,52.57017543859649,0.017094017094017096,0.05128205128205128,0.1623931623931624,6.367521367521367
65,josef-cerny,113,0,1,1,89.0,112.23655913978494,0.0,0.008849557522123894,0.008849557522123894,0.7876106194690266
66,jakub-mareczko,50,0,1,1,28.0,116.48571428571428,0.0,0.02,0.02,0.56
67,adrien-petit,54,0,0,0,24.0,110.5952380952381,0.0,0.0,0.0,0.4444444444444444
68,miles-scotson,105,0,0,1,74.0,101.6938775510204,0.0,0.0,0.009523809523809525,0.7047619047619048
69,ramon-sinkeldam,79,0,0,0,49.0,111.57894736842105,0.0,0.0,0.0,0.620253164556962
70,juan-sebastian-molano,115,0,1,9,111.0,115.22340425531915,0.0,0.008695652173913044,0.0782608695652174,0.9652173913043478
71,alex-kirsch,84,0,0,0,67.0,101.14285714285714,0.0,0.0,0.0,0.7976190476190477
72,matteo-moschetti,68,0,1,3,54.0,125.66666666666667,0.0,0.014705882352941176,0.04411764705882353,0.7941176470588235
73,alvaro-jose-hodeg,48,0,0,0,0.0,130.63888888888889,0.0,0.0,0.0,0.0
74,bob-jungels,121,1,1,4,299.0,49.86086956521739,0.008264462809917356,0.008264462809917356,0.03305785123966942,2.4710743801652892
75,soren-kragh-andersen,89,2,4,9,490.0,62.75,0.02247191011235955,0.0449438202247191,0.10112359550561797,5.50561797752809
76,yevgeniy-gidich,50,0,0,0,40.0,86.09677419354838,0.0,0.0,0.0,0.8
77,manuele-boaro,126,0,0,3,63.0,87.66666666666667,0.0,0.0,0.023809523809523808,0.5
78,filippo-ganna,87,1,1,2,141.0,92.0,0.011494252873563218,0.011494252873563218,0.022988505747126436,1.6206896551724137
79,lionel-taminiaux,32,0,1,2,83.0,105.43333333333334,0.0,0.03125,0.0625,2.59375
80,tom-devriendt,36,0,0,0,26.0,76.78260869565217,0.0,0.0,0.0,0.7222222222222222
81,hector-carretero,110,0,1,2,87.0,86.46739130434783,0.0,0.00909090909090909,0.01818181818181818,0.7909090909090909
82,lluis-guillermo-mas,87,0,0,0,69.0,85.63013698630137,0.0,0.0,0.0,0.7931034482758621
83,remy-mertz,73,0,1,2,121.0,75.98214285714286,0.0,0.0136986301369863,0.0273972602739726,1.6575342465753424
84,frederik-frison,69,0,0,0,40.0,114.57894736842105,0.0,0.0,0.0,0.5797101449275363
85,senne-leysen,66,0,0,0,22.0,95.81666666666666,0.0,0.0,0.0,0.3333333333333333
86,julius-van-den-berg,107,0,0,0,31.0,115.9381443298969,0.0,0.0,0.0,0.2897196261682243
87,matej-mohoric,124,4,10,19,1641.0,59.58620689655172,0.03225806451612903,0.08064516129032258,0.1532258064516129,13.233870967741936
88,victor-campenaerts,84,1,2,5,272.0,84.36708860759494,0.011904761904761904,0.023809523809523808,0.05952380952380952,3.238095238095238
89,luke-durbridge,117,0,0,0,112.0,94.86538461538461,0.0,0.0,0.0,0.9572649572649573
90,jasper-stuyven,109,1,6,20,1191.0,58.08571428571429,0.009174311926605505,0.05504587155963303,0.1834862385321101,10.926605504587156
91,tiesj-benoot,107,0,5,27,1523.0,42.83168316831683,0.0,0.04672897196261682,0.2523364485981308,14.233644859813085
92,nikias-arndt,131,2,6,16,444.0,70.475,0.015267175572519083,0.04580152671755725,0.12213740458015267,3.3893129770992365
93,kasper-asgreen,103,3,6,17,1274.0,70.76842105263158,0.02912621359223301,0.05825242718446602,0.1650485436893204,12.368932038834952
94,gianni-vermeersch,66,0,1,9,437.0,67.87301587301587,0.0,0.015151515151515152,0.13636363636363635,6.621212121212121
95,mads-wurtz-schmidt,71,1,1,4,175.0,79.49152542372882,0.014084507042253521,0.014084507042253521,0.056338028169014086,2.464788732394366
96,andrey-amador,127,0,0,1,63.0,79.175,0.0,0.0,0.007874015748031496,0.49606299212598426
97,tom-van-asbroeck,55,0,0,2,118.0,55.84313725490196,0.0,0.0,0.03636363636363636,2.1454545454545455
98,alfred-wright,89,0,4,14,462.0,69.8,0.0,0.0449438202247191,0.15730337078651685,5.191011235955056
99,christophe-laporte,98,3,11,14,1323.0,78.2840909090909,0.030612244897959183,0.11224489795918367,0.14285714285714285,13.5
100,danny-van-poppel,93,1,2,13,438.0,84.7875,0.010752688172043012,0.021505376344086023,0.13978494623655913,4.709677419354839
101,kenneth-van-rooy,22,0,0,2,135.0,27.72222222222222,0.0,0.0,0.09090909090909091,6.136363636363637
102,ben-swift,88,0,1,5,180.0,60.358024691358025,0.0,0.011363636363636364,0.056818181818181816,2.0454545454545454
103,guillaume-boivin,101,0,0,3,203.0,87.17241379310344,0.0,0.0,0.0297029702970297,2.00990099009901
104,gianni-moscon,103,1,2,6,492.0,55.724137931034484,0.009708737864077669,0.019417475728155338,0.05825242718446602,4.776699029126213
105,michael-morkov,112,0,0,2,141.0,115.73148148148148,0.0,0.0,0.017857142857142856,1.2589285714285714
106,brandon-mcnulty,123,3,7,15,653.0,44.88392857142857,0.024390243902439025,0.056910569105691054,0.12195121951219512,5.308943089430894
107,tosh-van-der-sande,110,0,3,6,342.0,75.78787878787878,0.0,0.02727272727272727,0.05454545454545454,3.109090909090909
108,hugo-houle,135,1,2,6,360.0,52.416,0.007407407407407408,0.014814814814814815,0.044444444444444446,2.6666666666666665
109,michael-gogl,101,0,0,3,232.0,83.02298850574712,0.0,0.0,0.0297029702970297,2.297029702970297
110,peter-sagan,145,7,18,36,1987.0,81.2919708029197,0.04827586206896552,0.12413793103448276,0.2482758620689655,13.703448275862069
111,jake-stewart,35,0,1,3,117.0,58.03333333333333,0.0,0.02857142857142857,0.08571428571428572,3.342857142857143
112,mathias-norsgaard,48,0,0,0,40.0,96.04444444444445,0.0,0.0,0.0,0.8333333333333334
113,jonas-rickaert,32,0,0,1,29.0,87.60714285714286,0.0,0.0,0.03125,0.90625
114,alexis-renard,43,0,0,0,21.0,83.79411764705883,0.0,0.0,0.0,0.4883720930232558
115,olav-kooij,20,0,3,5,116.0,80.26315789473684,0.0,0.15,0.25,5.8
116,attila-valter,82,0,2,10,410.0,41.59493670886076,0.0,0.024390243902439025,0.12195121951219512,5.0
117,andrea-pasqualon,120,1,3,13,667.0,56.27927927927928,0.008333333333333333,0.025,0.10833333333333334,5.558333333333334
118,samuele-battistella,77,1,3,8,381.0,65.17241379310344,0.012987012987012988,0.03896103896103896,0.1038961038961039,4.9480519480519485
119,andreas-kron,105,2,4,18,591.0,50.33695652173913,0.01904761904761905,0.0380952380952381,0.17142857142857143,5.628571428571429
120,stefan-bissegger,71,1,1,1,94.0,89.3225806451613,0.014084507042253521,0.014084507042253521,0.014084507042253521,1.323943661971831
121,tim-merlier,43,1,2,5,194.0,117.48780487804878,0.023255813953488372,0.046511627906976744,0.11627906976744186,4.511627906976744
122,stanislaw-aniolkowski,24,0,0,2,62.0,67.84210526315789,0.0,0.0,0.08333333333333333,2.5833333333333335
123,heinrich-haussler,76,0,0,0,94.0,95.22727272727273,0.0,0.0,0.0,1.236842105263158
124,finn-fisher-black,28,0,0,1,25.0,60.142857142857146,0.0,0.0,0.03571428571428571,0.8928571428571429
125,arjen-livyns,42,0,0,1,143.0,53.5,0.0,0.0,0.023809523809523808,3.4047619047619047
126,laurenz-rex,13,0,0,1,28.0,66.0,0.0,0.0,0.07692307692307693,2.1538461538461537
127,barnabas-peak,54,0,0,1,45.0,87.95121951219512,0.0,0.0,0.018518518518518517,0.8333333333333334
128,dries-de-bondt,61,0,0,5,183.0,83.0,0.0,0.0,0.08196721311475409,3.0
129,fabian-lienhard,59,0,0,3,135.0,89.4,0.0,0.0,0.05084745762711865,2.288135593220339
130,arne-marit,14,1,1,1,145.0,73.22222222222223,0.07142857142857142,0.07142857142857142,0.07142857142857142,10.357142857142858
131,attilio-viviani,41,0,0,0,10.0,112.0,0.0,0.0,0.0,0.24390243902439024
132,guy-sagiv,52,0,0,0,20.0,116.23529411764706,0.0,0.0,0.0,0.38461538461538464
133,jasper-de-buyst,80,0,0,5,188.0,94.12676056338029,0.0,0.0,0.0625,2.35
134,charlie-quarterman,14,0,0,0,5.0,96.53846153846153,0.0,0.0,0.0,0.35714285714285715
135,phil-bauhaus,92,1,5,15,359.0,99.12941176470588,0.010869565217391304,0.05434782608695652,0.16304347826086957,3.902173913043478
136,vegard-stake-laengen,102,0,1,1,141.0,86.3,0.0,0.00980392156862745,0.00980392156862745,1.3823529411764706
137,szymon-sajnok,56,0,0,2,39.0,108.0,0.0,0.0,0.03571428571428571,0.6964285714285714
138,elia-viviani,122,6,10,17,1023.0,98.36842105263158,0.04918032786885246,0.08196721311475409,0.13934426229508196,8.385245901639344
139,benjamin-thomas-2,81,0,1,8,211.0,73.32,0.0,0.012345679012345678,0.09876543209876543,2.6049382716049383
140,alexander-konychev,38,0,0,0,25.0,100.28,0.0,0.0,0.0,0.6578947368421053
141,mikkel-bjerg,84,0,1,2,78.0,92.43589743589743,0.0,0.011904761904761904,0.023809523809523808,0.9285714285714286
142,ryan-mullen,68,0,0,2,37.0,108.60344827586206,0.0,0.0,0.029411764705882353,0.5441176470588235
143,toms-skujins,143,0,2,8,773.0,65.69064748201438,0.0,0.013986013986013986,0.055944055944055944,5.405594405594406
144,dries-devenyns,158,1,1,4,370.0,79.00735294117646,0.006329113924050633,0.006329113924050633,0.02531645569620253,2.3417721518987342
145,dylan-groenewegen,61,0,1,5,137.0,121.41509433962264,0.0,0.01639344262295082,0.08196721311475409,2.2459016393442623
146,cees-bol,89,1,1,3,100.0,122.4074074074074,0.011235955056179775,0.011235955056179775,0.033707865168539325,1.1235955056179776
147,matteo-sobrero,90,0,1,2,83.0,65.49333333333334,0.0,0.011111111111111112,0.022222222222222223,0.9222222222222223
148,maciej-bodnar,115,0,0,0,30.0,118.97894736842105,0.0,0.0,0.0,0.2608695652173913
149,daniel-oss,124,0,0,2,142.0,89.0,0.0,0.0,0.016129032258064516,1.1451612903225807
150,geraint-thomas,106,1,5,22,573.0,35.70103092783505,0.009433962264150943,0.04716981132075472,0.20754716981132076,5.40566037735849
151,thomas-de-gendt,212,4,6,8,395.0,75.82722513089006,0.018867924528301886,0.02830188679245283,0.03773584905660377,1.8632075471698113
152,caleb-ewan,98,4,11,15,1123.0,106.35632183908046,0.04081632653061224,0.11224489795918367,0.15306122448979592,11.459183673469388
153,jonathan-milan,21,0,1,2,40.0,83.81818181818181,0.0,0.047619047619047616,0.09523809523809523,1.9047619047619047
154,max-walscheid,111,0,1,4,103.0,113.71698113207547,0.0,0.009009009009009009,0.036036036036036036,0.9279279279279279
155,jakob-fuglsang,143,5,14,39,2262.0,31.28985507246377,0.03496503496503497,0.0979020979020979,0.2727272727272727,15.818181818181818
156,emanuel-buchmann,120,1,2,22,537.0,29.6,0.008333333333333333,0.016666666666666666,0.18333333333333332,4.475
157,wout-poels,161,1,4,22,508.0,49.04516129032258,0.006211180124223602,0.024844720496894408,0.13664596273291926,3.1552795031055902
158,thibaut-pinot,109,2,5,20,703.0,36.63809523809524,0.01834862385321101,0.045871559633027525,0.1834862385321101,6.4495412844036695
159,dylan-teuns,139,5,6,26,1376.0,37.621212121212125,0.03597122302158273,0.04316546762589928,0.18705035971223022,9.899280575539569
160,aleksey-lutsenko,132,4,7,23,878.0,43.479674796747965,0.030303030303030304,0.05303030303030303,0.17424242424242425,6.651515151515151
161,david-martin-romero,123,2,8,25,854.0,41.18181818181818,0.016260162601626018,0.06504065040650407,0.2032520325203252,6.943089430894309
162,romain-bardet,167,1,5,27,1151.0,31.972602739726028,0.005988023952095809,0.029940119760479042,0.16167664670658682,6.892215568862276
163,warren-barguil,127,2,6,28,1450.0,32.29752066115702,0.015748031496062992,0.047244094488188976,0.2204724409448819,11.417322834645669
164,xandro-meurisse,105,1,4,8,388.0,49.144329896907216,0.009523809523809525,0.0380952380952381,0.0761904761904762,3.6952380952380954
165,sebastien-reichenbach,131,0,1,9,242.0,41.49193548387097,0.0,0.007633587786259542,0.06870229007633588,1.8473282442748091
166,hermann-pernsteiner,123,0,2,6,300.0,40.83471074380165,0.0,0.016260162601626018,0.04878048780487805,2.4390243902439024
167,guillaume-martin,181,1,8,40,1426.0,22.162011173184357,0.0055248618784530384,0.04419889502762431,0.22099447513812154,7.878453038674033
168,gorka-izagirre,170,1,1,12,675.0,46.585798816568044,0.0058823529411764705,0.0058823529411764705,0.07058823529411765,3.9705882352941178
169,magnus-cort-nielsen,136,6,8,14,719.0,77.09448818897638,0.04411764705882353,0.058823529411764705,0.10294117647058823,5.286764705882353
170,nicolas-edet,189,0,3,10,397.0,57.2,0.0,0.015873015873015872,0.05291005291005291,2.1005291005291005
171,rudy-molard,143,0,0,8,647.0,41.618705035971225,0.0,0.0,0.055944055944055944,4.524475524475524
172,simone-petilli,125,0,0,2,185.0,53.68421052631579,0.0,0.0,0.016,1.48
173,mikael-cherel,117,0,0,0,71.0,55.0,0.0,0.0,0.0,0.6068376068376068
174,neilson-powless,141,3,5,14,980.0,47.02985074626866,0.02127659574468085,0.03546099290780142,0.09929078014184398,6.950354609929078
175,joey-rosskopf,89,0,1,3,132.0,68.53571428571429,0.0,0.011235955056179775,0.033707865168539325,1.4831460674157304
176,sepp-kuss,167,2,4,29,665.0,42.27439024390244,0.011976047904191617,0.023952095808383235,0.17365269461077845,3.9820359281437128
177,jack-haig,90,0,3,19,657.0,32.15294117647059,0.0,0.03333333333333333,0.2111111111111111,7.3
178,michal-kwiatkowski,109,2,4,17,1362.0,51.02,0.01834862385321101,0.03669724770642202,0.1559633027522936,12.495412844036696
179,damien-howson,122,0,0,5,84.0,66.75454545454545,0.0,0.0,0.040983606557377046,0.6885245901639344
180,carl-fredrik-hagen,84,0,1,6,121.0,45.49382716049383,0.0,0.011904761904761904,0.07142857142857142,1.4404761904761905
181,nils-politt,111,2,2,8,625.0,63.38095238095238,0.018018018018018018,0.018018018018018018,0.07207207207207207,5.63063063063063
182,julian-alaphilippe,126,16,26,46,4459.0,31.551724137931036,0.12698412698412698,0.20634920634920634,0.36507936507936506,35.388888888888886
183,alessandro-de-marchi,126,1,4,11,551.0,75.42857142857143,0.007936507936507936,0.031746031746031744,0.0873015873015873,4.373015873015873
184,ruben-fernandez,113,0,0,2,100.0,55.3921568627451,0.0,0.0,0.017699115044247787,0.8849557522123894
185,david-gaudu,147,6,13,43,1878.0,29.21323529411765,0.04081632653061224,0.08843537414965986,0.2925170068027211,12.775510204081632
186,edvald-boasson-hagen,115,1,2,7,302.0,74.43119266055047,0.008695652173913044,0.017391304347826087,0.06086956521739131,2.626086956521739
187,eduardo-sepulveda,98,0,0,2,54.0,61.550561797752806,0.0,0.0,0.02040816326530612,0.5510204081632653
188,julien-bernard,140,0,1,1,90.0,67.51162790697674,0.0,0.007142857142857143,0.007142857142857143,0.6428571428571429
189,wout-van-aert,98,11,33,44,4437.0,30.094736842105263,0.11224489795918367,0.336734693877551,0.4489795918367347,45.275510204081634
190,maxime-bouet,73,0,0,1,92.0,57.09090909090909,0.0,0.0,0.0136986301369863,1.2602739726027397
191,matthieu-ladagnous,115,0,0,0,49.0,86.22826086956522,0.0,0.0,0.0,0.4260869565217391
192,felix-grossschartner,142,1,3,22,369.0,49.833333333333336,0.007042253521126761,0.02112676056338028,0.15492957746478872,2.5985915492957745
193,lennard-hofstede,102,0,0,0,31.0,98.32608695652173,0.0,0.0,0.0,0.30392156862745096
194,jonas-koch,93,0,0,6,155.0,90.84415584415585,0.0,0.0,0.06451612903225806,1.6666666666666667
195,nick-schultz,138,0,1,5,252.0,56.80487804878049,0.0,0.007246376811594203,0.036231884057971016,1.826086956521739
196,niklas-eg,102,0,0,0,38.0,58.75257731958763,0.0,0.0,0.0,0.37254901960784315
197,florian-stork,35,0,0,1,24.0,84.85714285714286,0.0,0.0,0.02857142857142857,0.6857142857142857
198,jan-tratnik,126,1,3,6,506.0,84.64102564102564,0.007936507936507936,0.023809523809523808,0.047619047619047616,4.015873015873016
199,mark-padun,114,2,3,4,246.0,81.16,0.017543859649122806,0.02631578947368421,0.03508771929824561,2.1578947368421053
200,quentin-pacher,119,0,2,18,556.0,39.07142857142857,0.0,0.01680672268907563,0.15126050420168066,4.6722689075630255
201,anthony-delaplace,108,1,2,8,286.0,64.61855670103093,0.009259259259259259,0.018518518518518517,0.07407407407407407,2.6481481481481484
202,daryl-impey,122,3,11,14,853.0,66.21052631578948,0.02459016393442623,0.09016393442622951,0.11475409836065574,6.991803278688525
203,jens-keukeleire,106,0,0,2,236.0,77.42105263157895,0.0,0.0,0.018867924528301886,2.2264150943396226
204,remi-cavagna,161,2,3,5,298.0,82.22727272727273,0.012422360248447204,0.018633540372670808,0.031055900621118012,1.8509316770186335
205,stefan-de-bod,97,0,0,0,81.0,67.48314606741573,0.0,0.0,0.0,0.8350515463917526
206,benoit-cosnefroy,137,4,10,19,1841.0,73.39097744360902,0.029197080291970802,0.072992700729927,0.1386861313868613,13.437956204379562
207,kevin-ledanois,86,0,0,1,118.0,78.96,0.0,0.0,0.011627906976744186,1.372093023255814
208,cesare-benedetti,155,1,1,1,225.0,92.50694444444444,0.0064516129032258064,0.0064516129032258064,0.0064516129032258064,1.4516129032258065
209,imanol-erviti,150,0,1,1,146.0,78.34965034965035,0.0,0.006666666666666667,0.006666666666666667,0.9733333333333334
210,pascal-eenkhoorn,62,0,0,2,160.0,66.7457627118644,0.0,0.0,0.03225806451612903,2.5806451612903225
211,clement-venturini,101,0,2,14,343.0,66.67368421052632,0.0,0.019801980198019802,0.13861386138613863,3.396039603960396
212,adam-yates,127,4,17,51,1728.0,20.04237288135593,0.031496062992125984,0.13385826771653545,0.4015748031496063,13.606299212598426
213,steven-kruijswijk,121,0,2,16,227.0,34.578947368421055,0.0,0.01652892561983471,0.1322314049586777,1.8760330578512396
214,gregor-muhlberger,121,0,3,5,244.0,61.80555555555556,0.0,0.024793388429752067,0.04132231404958678,2.0165289256198347
215,fabien-doubey,104,0,1,1,107.0,58.904761904761905,0.0,0.009615384615384616,0.009615384615384616,1.0288461538461537
216,alberto-bettiol,127,2,5,17,1222.0,55.95495495495496,0.015748031496062992,0.03937007874015748,0.13385826771653545,9.622047244094489
217,michael-woods,141,3,14,44,2059.0,36.6,0.02127659574468085,0.09929078014184398,0.3120567375886525,14.602836879432624
218,wilco-kelderman,142,0,4,30,639.0,30.67153284671533,0.0,0.028169014084507043,0.2112676056338028,4.5
219,ion-izagirre,167,4,7,21,655.0,44.63354037267081,0.023952095808383235,0.041916167664670656,0.12574850299401197,3.9221556886227544
220,ben-o-connor,141,4,8,23,678.0,38.54744525547445,0.028368794326241134,0.05673758865248227,0.16312056737588654,4.808510638297872
221,tao-geoghegan-hart,127,1,5,15,466.0,47.05042016806723,0.007874015748031496,0.03937007874015748,0.11811023622047244,3.6692913385826773
222,enric-mas,167,2,13,47,1502.0,24.558282208588956,0.011976047904191617,0.07784431137724551,0.281437125748503,8.994011976047904
223,patrick-konrad,139,1,6,25,938.0,34.6124031007752,0.007194244604316547,0.04316546762589928,0.17985611510791366,6.748201438848921
224,aurelien-paret-peintre,127,1,2,8,463.0,40.58196721311475,0.007874015748031496,0.015748031496062992,0.06299212598425197,3.645669291338583
225,louis-meintjes,151,2,3,14,410.0,43.56944444444444,0.013245033112582781,0.019867549668874173,0.09271523178807947,2.7152317880794703
226,ben-hermans,58,1,2,7,367.0,47.0,0.017241379310344827,0.034482758620689655,0.1206896551724138,6.327586206896552
227,mattias-skjelmose-jensen,52,0,1,8,269.0,40.21568627450981,0.0,0.019230769230769232,0.15384615384615385,5.173076923076923
228,felix-gall,56,0,0,5,115.0,59.723404255319146,0.0,0.0,0.08928571428571429,2.0535714285714284
229,joe-dombrowski,110,1,2,4,156.0,56.23809523809524,0.00909090909090909,0.01818181818181818,0.03636363636363636,1.4181818181818182
230,kenny-elissonde,121,0,2,7,250.0,54.87826086956522,0.0,0.01652892561983471,0.05785123966942149,2.0661157024793386
231,jaakko-hanninen,92,0,0,1,61.0,68.22619047619048,0.0,0.0,0.010869565217391304,0.6630434782608695
232,carlos-rodriguez-cano,47,1,1,10,421.0,28.822222222222223,0.02127659574468085,0.02127659574468085,0.2127659574468085,8.957446808510639
233,sylvain-moniquet,88,0,0,3,163.0,59.13414634146341,0.0,0.0,0.03409090909090909,1.8522727272727273
234,tsgabu-gebremaryam-grmay,125,0,0,2,67.0,72.0,0.0,0.0,0.016,0.536
235,bruno-armirail,129,0,1,2,111.0,81.24324324324324,0.0,0.007751937984496124,0.015503875968992248,0.8604651162790697
236,robert-gesink,135,0,1,2,185.0,57.526315789473685,0.0,0.007407407407407408,0.014814814814814815,1.3703703703703705
237,ilan-van-wilder,62,0,1,5,142.0,43.129629629629626,0.0,0.016129032258064516,0.08064516129032258,2.2903225806451615
238,christopher-froome,99,0,1,1,62.0,90.41304347826087,0.0,0.010101010101010102,0.010101010101010102,0.6262626262626263
239,simon-geschke,166,0,1,10,418.0,62.158940397350996,0.0,0.006024096385542169,0.060240963855421686,2.5180722891566263
240,oscar-rodriguez,99,0,2,8,186.0,54.1063829787234,0.0,0.020202020202020204,0.08080808080808081,1.878787878787879
241,jonas-vingegaard-rasmussen,100,6,14,30,1257.0,39.55789473684211,0.06,0.14,0.3,12.57
242,santiago-buitrago-sanchez,68,1,3,4,219.0,54.13333333333333,0.014705882352941176,0.04411764705882353,0.058823529411764705,3.2205882352941178
243,chad-haga,104,0,0,0,23.0,96.45652173913044,0.0,0.0,0.0,0.22115384615384615
244,anthony-perez,116,2,3,5,385.0,77.85840707964601,0.017241379310344827,0.02586206896551724,0.04310344827586207,3.3189655172413794
245,michel-ries,66,0,0,3,100.0,68.68333333333334,0.0,0.0,0.045454545454545456,1.5151515151515151
246,steff-cras,116,0,0,5,150.0,49.067961165048544,0.0,0.0,0.04310344827586207,1.293103448275862
247,lukasz-owsian,141,0,0,1,129.0,69.45038167938931,0.0,0.0,0.0070921985815602835,0.9148936170212766
248,lawson-craddock,122,0,1,6,170.0,83.45945945945945,0.0,0.00819672131147541,0.04918032786885246,1.3934426229508197
249,jose-joaquin-rojas,147,0,1,5,225.0,52.67625899280576,0.0,0.006802721088435374,0.034013605442176874,1.530612244897959
250,jorge-arcas,114,0,1,1,84.0,80.99029126213593,0.0,0.008771929824561403,0.008771929824561403,0.7368421052631579
251,kevin-vermaerke,42,0,0,2,77.0,69.35483870967742,0.0,0.0,0.047619047619047616,1.8333333333333333
252,alex-aranburu,112,1,6,21,948.0,57.70192307692308,0.008928571428571428,0.05357142857142857,0.1875,8.464285714285714
253,omer-goldstein,107,0,0,1,59.0,83.34831460674157,0.0,0.0,0.009345794392523364,0.5514018691588785
254,marco-brenner,62,0,0,1,44.0,83.91836734693878,0.0,0.0,0.016129032258064516,0.7096774193548387
255,brent-van-moer,89,1,3,5,202.0,79.0952380952381,0.011235955056179775,0.033707865168539325,0.056179775280898875,2.269662921348315
256,franck-bonnamour,82,1,2,12,400.0,48.733333333333334,0.012195121951219513,0.024390243902439025,0.14634146341463414,4.878048780487805
257,laurent-pichon,75,0,0,2,161.0,64.44117647058823,0.0,0.0,0.02666666666666667,2.1466666666666665
258,sebastian-schonberger,69,0,0,3,145.0,51.42622950819672,0.0,0.0,0.043478260869565216,2.101449275362319
259,olivier-le-gac,105,0,1,2,109.0,82.49019607843137,0.0,0.009523809523809525,0.01904761904761905,1.0380952380952382
260,sven-erik-bystrom,93,0,0,5,261.0,69.2,0.0,0.0,0.053763440860215055,2.806451612903226
261,william-barta,96,0,0,0,43.0,80.55172413793103,0.0,0.0,0.0,0.4479166666666667
262,yuriy-natarov,63,0,0,0,25.0,81.86274509803921,0.0,0.0,0.0,0.3968253968253968
263,pierre-luc-perichon,138,0,1,7,250.0,86.13709677419355,0.0,0.007246376811594203,0.050724637681159424,1.8115942028985508
264,andres-camilo-ardila,41,0,0,0,4.0,75.66666666666667,0.0,0.0,0.0,0.0975609756097561
265,sebastien-grignard,56,0,0,0,45.0,90.97560975609755,0.0,0.0,0.0,0.8035714285714286
266,marco-haller,134,0,0,4,284.0,95.83064516129032,0.0,0.0,0.029850746268656716,2.1194029850746268
267,alexander-kristoff,107,2,9,20,1741.0,79.12745098039215,0.018691588785046728,0.08411214953271028,0.18691588785046728,16.27102803738318
268,shane-archbold,51,0,0,0,5.0,122.15217391304348,0.0,0.0,0.0,0.09803921568627451
269,frederik-wandahl,49,0,0,0,48.0,85.125,0.0,0.0,0.0,0.9795918367346939
270,clement-russo,73,0,0,0,86.0,89.47058823529412,0.0,0.0,0.0,1.178082191780822
271,fabio-jakobsen,72,2,2,3,151.0,122.71428571428571,0.027777777777777776,0.027777777777777776,0.041666666666666664,2.0972222222222223
272,michael-schwarzmann,92,0,0,2,75.0,111.34615384615384,0.0,0.0,0.021739130434782608,0.8152173913043478
273,patrick-gamper,76,0,0,0,77.0,96.04761904761905,0.0,0.0,0.0,1.013157894736842
274,harry-sweeny,70,0,1,4,113.0,84.83333333333333,0.0,0.014285714285714285,0.05714285714285714,1.6142857142857143
275,primoz-roglic,152,19,49,76,3794.0,17.175675675675677,0.125,0.3223684210526316,0.5,24.960526315789473
276,damiano-caruso,141,2,4,23,688.0,39.10294117647059,0.014184397163120567,0.028368794326241134,0.16312056737588654,4.879432624113475
277,johan-esteban-chaves,141,2,6,19,711.0,36.765957446808514,0.014184397163120567,0.0425531914893617,0.1347517730496454,5.042553191489362
278,tobias-halland-johannessen,22,0,0,5,86.0,26.9,0.0,0.0,0.22727272727272727,3.909090909090909
279,matteo-jorgenson,74,0,1,7,230.0,55.166666666666664,0.0,0.013513513513513514,0.0945945945945946,3.108108108108108
280,ethan-hayter,44,1,4,11,453.0,42.357142857142854,0.022727272727272728,0.09090909090909091,0.25,10.295454545454545
281,andrea-bagioli,88,2,6,15,704.0,61.9875,0.022727272727272728,0.06818181818181818,0.17045454545454544,8.0
282,jan-hirt,150,1,3,9,251.0,70.59154929577464,0.006666666666666667,0.02,0.06,1.6733333333333333
283,george-bennett,154,1,4,14,613.0,42.943661971830984,0.006493506493506494,0.025974025974025976,0.09090909090909091,3.9805194805194803
284,luis-leon-sanchez,182,2,8,13,496.0,44.31609195402299,0.01098901098901099,0.04395604395604396,0.07142857142857142,2.7252747252747254
285,andrey-zeits,93,0,0,2,94.0,55.04597701149425,0.0,0.0,0.021505376344086023,1.010752688172043
286,kobe-goossens,92,2,2,8,325.0,53.96341463414634,0.021739130434782608,0.021739130434782608,0.08695652173913043,3.532608695652174
287,simon-guglielmi,104,0,0,3,140.0,76.37,0.0,0.0,0.028846153846153848,1.3461538461538463
288,edward-irl-dunbar,60,0,1,4,201.0,50.40384615384615,0.0,0.016666666666666666,0.06666666666666667,3.35
289,mattia-cattaneo,107,0,4,10,355.0,52.142857142857146,0.0,0.037383177570093455,0.09345794392523364,3.317757009345794
290,alexis-vuillermoz,103,1,2,8,373.0,43.11702127659574,0.009708737864077669,0.019417475728155338,0.07766990291262135,3.621359223300971
291,geoffrey-bouchard,122,0,2,13,212.0,58.55,0.0,0.01639344262295082,0.10655737704918032,1.7377049180327868
292,mark-donovan,79,0,0,2,100.0,68.30985915492958,0.0,0.0,0.02531645569620253,1.2658227848101267
293,michael-storer,153,2,4,8,399.0,72.29655172413793,0.013071895424836602,0.026143790849673203,0.05228758169934641,2.607843137254902
294,maxim-van-gils,76,0,0,6,203.0,52.953125,0.0,0.0,0.07894736842105263,2.6710526315789473
295,jonas-gregaard,88,0,0,2,95.0,64.42857142857143,0.0,0.0,0.022727272727272728,1.0795454545454546
296,hugo-toumire,35,0,0,0,12.0,68.06451612903226,0.0,0.0,0.0,0.34285714285714286
297,mikkel-honore,137,1,6,15,842.0,65.55038759689923,0.0072992700729927005,0.043795620437956206,0.10948905109489052,6.145985401459854
298,matteo-fabbro,129,0,0,6,125.0,61.0672268907563,0.0,0.0,0.046511627906976744,0.9689922480620154
299,anders-skaarseth,32,0,1,1,120.0,62.407407407407405,0.0,0.03125,0.03125,3.75
300,simone-velasco,98,1,4,10,613.0,46.1875,0.01020408163265306,0.04081632653061224,0.10204081632653061,6.255102040816326
301,matis-louvel,71,2,5,11,485.0,57.78125,0.028169014084507043,0.07042253521126761,0.15492957746478872,6.830985915492958
302,tony-gallopin,122,0,1,2,200.0,57.405660377358494,0.0,0.00819672131147541,0.01639344262295082,1.639344262295082
303,antonio-tiberi,69,0,0,5,87.0,62.56666666666667,0.0,0.0,0.07246376811594203,1.2608695652173914
304,hugo-page,37,0,1,7,266.0,43.73529411764706,0.0,0.02702702702702703,0.1891891891891892,7.1891891891891895
305,javier-romo,42,0,0,0,13.0,67.875,0.0,0.0,0.0,0.30952380952380953
306,filippo-conca,72,0,0,2,70.0,76.60344827586206,0.0,0.0,0.027777777777777776,0.9722222222222222
307,romain-combaud,74,0,0,0,55.0,84.3731343283582,0.0,0.0,0.0,0.7432432432432432
308,victor-lafay,93,1,4,7,331.0,75.91891891891892,0.010752688172043012,0.043010752688172046,0.07526881720430108,3.5591397849462365
309,sean-quinn,33,0,1,3,84.0,46.724137931034484,0.0,0.030303030303030304,0.09090909090909091,2.5454545454545454
310,alexandr-riabushenko,114,0,2,3,140.0,77.28235294117647,0.0,0.017543859649122806,0.02631578947368421,1.2280701754385965
311,james-shaw,36,0,0,1,62.0,79.66666666666667,0.0,0.0,0.027777777777777776,1.7222222222222223
312,laurens-huys,64,0,0,0,60.0,70.22448979591837,0.0,0.0,0.0,0.9375
313,owain-doull,102,0,0,2,143.0,79.82105263157895,0.0,0.0,0.0196078431372549,1.4019607843137254
314,thibault-guernalec,52,0,0,1,38.0,85.23255813953489,0.0,0.0,0.019230769230769232,0.7307692307692307
315,fabien-grellier,92,0,0,1,54.0,89.3076923076923,0.0,0.0,0.010869565217391304,0.5869565217391305
316,francois-bidard,100,0,1,4,99.0,61.97727272727273,0.0,0.01,0.04,0.99
317,eddy-fine,50,0,0,1,68.0,70.1304347826087,0.0,0.0,0.02,1.36
318,antwan-tolhoek,108,1,1,3,180.0,74.22105263157894,0.009259259259259259,0.009259259259259259,0.027777777777777776,1.6666666666666667
319,chris-harper,59,0,0,2,36.0,63.72222222222222,0.0,0.0,0.03389830508474576,0.6101694915254238
320,anthon-charmig,17,0,0,0,15.0,91.3125,0.0,0.0,0.0,0.8823529411764706
321,ivo-emanuel-alves,91,0,0,1,38.0,101.40579710144928,0.0,0.0,0.01098901098901099,0.4175824175824176
322,thomas-champion,81,0,0,0,20.0,87.47058823529412,0.0,0.0,0.0,0.24691358024691357
323,amund-grondahl-jansen,86,0,0,1,162.0,117.26582278481013,0.0,0.0,0.011627906976744186,1.8837209302325582
324,kevin-colleoni,49,0,0,1,62.0,70.275,0.0,0.0,0.02040816326530612,1.2653061224489797
325,valentin-ferron,68,1,5,7,358.0,65.53968253968254,0.014705882352941176,0.07352941176470588,0.10294117647058823,5.264705882352941
326,idar-andersen,24,1,1,2,94.0,88.25,0.041666666666666664,0.041666666666666664,0.08333333333333333,3.9166666666666665
327,kamil-gradek,65,0,0,0,10.0,114.44067796610169,0.0,0.0,0.0,0.15384615384615385
328,julius-johansen,44,0,0,0,5.0,113.85365853658537,0.0,0.0,0.0,0.11363636363636363
329,alexander-edmondson,71,0,0,0,49.0,105.64615384615385,0.0,0.0,0.0,0.6901408450704225
330,jannik-steimle,41,0,1,2,85.0,80.89473684210526,0.0,0.024390243902439025,0.04878048780487805,2.073170731707317
331,tadej-pogacar,125,25,38,69,4817.0,13.092436974789916,0.2,0.304,0.552,38.536
332,mikel-landa,118,0,7,34,905.0,31.27102803738318,0.0,0.059322033898305086,0.288135593220339,7.669491525423729
333,maximilian-schachmann,118,3,14,36,1530.0,41.24107142857143,0.025423728813559324,0.11864406779661017,0.3050847457627119,12.966101694915254
334,hugh-carthy,154,1,2,21,473.0,38.41958041958042,0.006493506493506494,0.012987012987012988,0.13636363636363635,3.0714285714285716
335,diego-ulissi,161,3,11,41,1779.0,29.2987012987013,0.018633540372670808,0.06832298136645963,0.2546583850931677,11.049689440993788
336,lucas-hamilton,126,0,0,14,195.0,51.49152542372882,0.0,0.0,0.1111111111111111,1.5476190476190477
337,victor-de-la-parte,106,0,0,1,44.0,49.93684210526316,0.0,0.0,0.009433962264150943,0.41509433962264153
338,daniel-felipe-martinez,112,4,9,20,968.0,41.654545454545456,0.03571428571428571,0.08035714285714286,0.17857142857142858,8.642857142857142
339,bauke-mollema,147,3,6,36,2180.0,34.97841726618705,0.02040816326530612,0.04081632653061224,0.24489795918367346,14.829931972789115
340,mikel-bizkarra,96,0,1,3,69.0,62.967032967032964,0.0,0.010416666666666666,0.03125,0.71875
341,jonathan-lastra,84,0,2,4,213.0,62.21951219512195,0.0,0.023809523809523808,0.047619047619047616,2.5357142857142856
342,david-de-la-cruz,132,0,0,7,104.0,55.9344262295082,0.0,0.0,0.05303030303030303,0.7878787878787878
343,jai-hindley,128,2,6,29,654.0,31.694214876033058,0.015625,0.046875,0.2265625,5.109375
344,amanuel-ghebreigzabhier,110,0,0,3,138.0,68.13684210526316,0.0,0.0,0.02727272727272727,1.2545454545454546
345,omar-fraile,139,0,2,8,229.0,70.80916030534351,0.0,0.014388489208633094,0.05755395683453238,1.6474820143884892
346,daniel-navarro,113,0,0,1,31.0,62.266666666666666,0.0,0.0,0.008849557522123894,0.2743362831858407
347,luis-angel-mate,115,0,0,0,34.0,60.94444444444444,0.0,0.0,0.0,0.2956521739130435
348,chris-hamilton,144,0,2,9,216.0,58.98540145985402,0.0,0.013888888888888888,0.0625,1.5
349,pello-bilbao,149,4,10,33,1077.0,34.7891156462585,0.026845637583892617,0.06711409395973154,0.2214765100671141,7.228187919463087
350,pieter-serry,119,0,0,4,184.0,76.14851485148515,0.0,0.0,0.03361344537815126,1.546218487394958
351,nicola-conci,90,0,1,5,213.0,58.23456790123457,0.0,0.011111111111111112,0.05555555555555555,2.3666666666666667
352,julen-amezqueta,64,0,0,1,54.0,62.96491228070175,0.0,0.0,0.015625,0.84375
353,jesus-herrada-lopez,146,4,9,17,1003.0,55.285714285714285,0.0273972602739726,0.06164383561643835,0.11643835616438356,6.86986301369863
354,mikel-iturria,89,1,2,3,159.0,84.6,0.011235955056179775,0.02247191011235955,0.033707865168539325,1.7865168539325842
355,sergio-samitier,87,0,0,1,35.0,83.89873417721519,0.0,0.0,0.011494252873563218,0.40229885057471265
356,jhojan-garcia,37,0,0,0,7.0,74.45454545454545,0.0,0.0,0.0,0.1891891891891892
357,david-gonzalez-lopez,14,0,0,0,12.0,65.92307692307692,0.0,0.0,0.0,0.8571428571428571
358,cristian-rodriguez,86,0,0,2,64.0,52.82432432432432,0.0,0.0,0.023255813953488372,0.7441860465116279
359,antonio-pedrero,112,0,1,7,175.0,56.00952380952381,0.0,0.008928571428571428,0.0625,1.5625
360,mauri-vansevenant,78,1,4,8,474.0,56.935064935064936,0.01282051282051282,0.05128205128205128,0.10256410256410256,6.076923076923077
361,james-knox,145,0,0,10,141.0,65.86567164179104,0.0,0.0,0.06896551724137931,0.9724137931034482
362,richard-carapaz,147,8,17,43,1869.0,25.963768115942027,0.05442176870748299,0.11564625850340136,0.2925170068027211,12.714285714285714
363,patrick-bevin,101,2,5,13,233.0,57.174418604651166,0.019801980198019802,0.04950495049504951,0.12871287128712872,2.3069306930693068
364,gino-mader,122,2,4,9,335.0,38.48076923076923,0.01639344262295082,0.03278688524590164,0.07377049180327869,2.7459016393442623
365,pierre-latour,123,0,2,17,471.0,50.05309734513274,0.0,0.016260162601626018,0.13821138211382114,3.8292682926829267
366,sam-oomen,113,0,0,1,107.0,35.836363636363636,0.0,0.0,0.008849557522123894,0.9469026548672567
367,sergio-higuita,127,3,12,41,1275.0,32.857142857142854,0.023622047244094488,0.09448818897637795,0.3228346456692913,10.039370078740157
368,quinten-hermans,52,0,3,12,418.0,34.82608695652174,0.0,0.057692307692307696,0.23076923076923078,8.038461538461538
369,odd-christian-eiking,99,0,1,8,329.0,42.54216867469879,0.0,0.010101010101010102,0.08080808080808081,3.323232323232323
370,rafal-majka,137,1,2,16,509.0,39.0,0.0072992700729927005,0.014598540145985401,0.11678832116788321,3.7153284671532845
371,jesus-ezquerra-muela,70,0,0,4,96.0,74.78461538461538,0.0,0.0,0.05714285714285714,1.3714285714285714
372,jon-agirre,29,0,0,0,5.0,63.391304347826086,0.0,0.0,0.0,0.1724137931034483
373,jose-felix-parra,44,0,0,0,16.0,49.5,0.0,0.0,0.0,0.36363636363636365
374,tobias-foss,55,0,0,2,69.0,51.745098039215684,0.0,0.0,0.03636363636363636,1.2545454545454546
375,juan-pedro-lopez,92,0,1,3,92.0,55.107142857142854,0.0,0.010869565217391304,0.03260869565217391,1.0
376,gotzon-martin,75,0,0,5,152.0,53.32876712328767,0.0,0.0,0.06666666666666667,2.026666666666667
377,nicolas-prodhomme,75,0,0,2,27.0,68.28378378378379,0.0,0.0,0.02666666666666667,0.36
378,jan-polanc,135,1,1,9,438.0,45.075630252100844,0.007407407407407408,0.007407407407407408,0.06666666666666667,3.2444444444444445
379,angel-madrazo,81,1,2,2,149.0,76.5,0.012345679012345678,0.024691358024691357,0.024691358024691357,1.8395061728395061
380,krists-neilands,105,0,0,4,234.0,73.95959595959596,0.0,0.0,0.0380952380952381,2.2285714285714286
381,txomin-juaristi,27,0,0,0,4.0,66.33333333333333,0.0,0.0,0.0,0.14814814814814814
382,mathieu-burgaudeau,92,1,4,9,414.0,58.048780487804876,0.010869565217391304,0.043478260869565216,0.09782608695652174,4.5
383,roger-adria,55,0,1,4,204.0,56.51020408163265,0.0,0.01818181818181818,0.07272727272727272,3.709090909090909
384,fernando-barcelo,101,0,2,8,212.0,69.2,0.0,0.019801980198019802,0.07920792079207921,2.099009900990099
385,yukiya-arashiro,104,0,0,0,107.0,88.56122448979592,0.0,0.0,0.0,1.0288461538461537
386,giovanni-aleotti,76,0,1,4,218.0,65.52112676056338,0.0,0.013157894736842105,0.05263157894736842,2.8684210526315788
387,einer-augusto-rubio-reyes,71,1,1,2,108.0,56.17910447761194,0.014084507042253521,0.014084507042253521,0.028169014084507043,1.5211267605633803
388,jon-barrenetxea-golzarri,28,0,0,0,16.0,62.81818181818182,0.0,0.0,0.0,0.5714285714285714
389,christopher-juul-jensen,147,0,0,1,112.0,100.15714285714286,0.0,0.0,0.006802721088435374,0.7619047619047619
390,mauro-schmid,63,1,3,9,353.0,67.27586206896552,0.015873015873015872,0.047619047619047616,0.14285714285714285,5.603174603174603
391,lars-van-den-berg,36,0,0,1,44.0,73.42424242424242,0.0,0.0,0.027777777777777776,1.2222222222222223
392,ander-okamika,67,0,0,2,51.0,80.41935483870968,0.0,0.0,0.029850746268656716,0.7611940298507462
393,raul-garcia-pierna,48,0,0,1,21.0,72.4888888888889,0.0,0.0,0.020833333333333332,0.4375
394,oier-lazkano,61,0,0,0,11.0,99.64583333333333,0.0,0.0,0.0,0.18032786885245902
395,jon-aberasturi,71,0,1,4,97.0,110.484375,0.0,0.014084507042253521,0.056338028169014086,1.3661971830985915
396,julien-simon,117,2,2,16,727.0,60.090090090090094,0.017094017094017096,0.017094017094017096,0.13675213675213677,6.213675213675214
397,valerio-conti,116,0,4,9,268.0,75.54166666666667,0.0,0.034482758620689655,0.07758620689655173,2.310344827586207
398,alexander-kamp,71,0,1,6,315.0,83.13207547169812,0.0,0.014084507042253521,0.08450704225352113,4.436619718309859
399,andreas-leknessund,65,1,1,5,174.0,47.67741935483871,0.015384615384615385,0.015384615384615385,0.07692307692307693,2.6769230769230767
400,ide-schelling,74,1,1,6,347.0,80.54838709677419,0.013513513513513514,0.013513513513513514,0.08108108108108109,4.6891891891891895
401,lorenzo-rota,142,0,3,20,1101.0,43.354330708661415,0.0,0.02112676056338028,0.14084507042253522,7.753521126760563
402,stefano-oldani,98,1,5,12,442.0,62.129411764705885,0.01020408163265306,0.05102040816326531,0.12244897959183673,4.510204081632653
403,jonathan-klever-caicedo,127,1,1,1,137.0,82.87719298245614,0.007874015748031496,0.007874015748031496,0.007874015748031496,1.078740157480315
404,diego-andres-camargo,65,0,0,0,0.0,93.55932203389831,0.0,0.0,0.0,0.0
405,unai-cuadrado,35,0,0,1,18.0,74.34782608695652,0.0,0.0,0.02857142857142857,0.5142857142857142
406,urko-berrade-fernandez,58,0,0,1,23.0,66.34693877551021,0.0,0.0,0.017241379310344827,0.39655172413793105
407,carlos-canal,53,0,0,3,92.0,73.71428571428571,0.0,0.0,0.05660377358490566,1.7358490566037736
408,aleksandr-vlasov,109,2,12,35,1304.0,20.284313725490197,0.01834862385321101,0.11009174311926606,0.3211009174311927,11.963302752293577
409,remco-evenepoel,70,7,11,26,1809.0,26.876923076923077,0.1,0.15714285714285714,0.37142857142857144,25.84285714285714
410,marc-soler,166,3,8,21,628.0,46.21153846153846,0.018072289156626505,0.04819277108433735,0.12650602409638553,3.783132530120482
411,rigoberto-uran,124,1,1,20,611.0,35.04237288135593,0.008064516129032258,0.008064516129032258,0.16129032258064516,4.92741935483871
412,gianluca-brambilla,141,0,1,14,355.0,49.27131782945737,0.0,0.0070921985815602835,0.09929078014184398,2.517730496453901
413,ben-tulett,50,0,0,3,202.0,42.06382978723404,0.0,0.0,0.06,4.04
414,igor-arrieta-lizarraga,21,0,0,0,6.0,43.470588235294116,0.0,0.0,0.0,0.2857142857142857
415,davide-formolo,147,1,8,20,951.0,38.96402877697842,0.006802721088435374,0.05442176870748299,0.1360544217687075,6.469387755102041
416,domen-novak,90,0,1,1,59.0,89.29411764705883,0.0,0.011111111111111112,0.011111111111111112,0.6555555555555556
417,ibon-ruiz,25,0,0,0,10.0,72.3125,0.0,0.0,0.0,0.4
418,jeremy-cabot,43,0,0,1,27.0,98.44827586206897,0.0,0.0,0.023255813953488372,0.627906976744186
419,gijs-leemreize,42,0,2,5,135.0,62.41025641025641,0.0,0.047619047619047616,0.11904761904761904,3.2142857142857144
420,pelayo-sanchez-mayo,42,0,1,1,55.0,75.71428571428571,0.0,0.023809523809523808,0.023809523809523808,1.3095238095238095
421,jetse-bol,89,0,1,1,86.0,79.87951807228916,0.0,0.011235955056179775,0.011235955056179775,0.9662921348314607
422,alan-jousseaume,35,0,0,1,38.0,61.80769230769231,0.0,0.0,0.02857142857142857,1.0857142857142856
423,alessandro-covi,112,2,8,17,803.0,48.42553191489362,0.017857142857142856,0.07142857142857142,0.15178571428571427,7.169642857142857
424,leon-heinschke,24,0,0,0,10.0,112.46153846153847,0.0,0.0,0.0,0.4166666666666667
425,tim-naberman,21,0,0,0,5.0,88.17647058823529,0.0,0.0,0.0,0.23809523809523808
426,antonio-nibali,105,0,0,0,15.0,88.86904761904762,0.0,0.0,0.0,0.14285714285714285
427,lennard-kamna,98,3,4,16,616.0,63.82954545454545,0.030612244897959183,0.04081632653061224,0.16326530612244897,6.285714285714286
428,nelson-oliveira,161,0,0,6,218.0,61.80769230769231,0.0,0.0,0.037267080745341616,1.3540372670807452
429,andrea-vendrame,116,1,6,27,992.0,48.252252252252255,0.008620689655172414,0.05172413793103448,0.23275862068965517,8.551724137931034
430,egan-bernal,84,4,12,33,1336.0,17.468354430379748,0.047619047619047616,0.14285714285714285,0.39285714285714285,15.904761904761905
431,lilian-calmejane,101,0,0,12,358.0,59.204301075268816,0.0,0.0,0.1188118811881188,3.5445544554455446
432,simon-yates,85,4,9,17,730.0,38.68292682926829,0.047058823529411764,0.10588235294117647,0.2,8.588235294117647
433,giulio-ciccone,143,3,8,28,1147.0,38.956204379562045,0.02097902097902098,0.055944055944055944,0.1958041958041958,8.020979020979022
434,elie-gesbert,96,0,0,8,222.0,57.02439024390244,0.0,0.0,0.08333333333333333,2.3125
435,matteo-trentin,111,3,14,40,1861.0,47.51485148514851,0.02702702702702703,0.12612612612612611,0.36036036036036034,16.765765765765767
436,ivan-ramiro-sosa,85,0,1,1,167.0,60.0,0.0,0.011764705882352941,0.011764705882352941,1.964705882352941
437,anthony-turgis,109,0,2,13,767.0,81.72,0.0,0.01834862385321101,0.11926605504587157,7.036697247706422
438,john-degenkolb,106,0,2,7,537.0,84.75,0.0,0.018867924528301886,0.0660377358490566,5.066037735849057
439,jhonatan-narvaez,98,1,1,6,318.0,62.625,0.01020408163265306,0.01020408163265306,0.061224489795918366,3.2448979591836733
440,bryan-coquard,87,0,6,13,495.0,69.30379746835443,0.0,0.06896551724137931,0.14942528735632185,5.689655172413793
441,ignatas-konovalovas,77,0,0,0,10.0,105.58461538461539,0.0,0.0,0.0,0.12987012987012986
442,jacopo-guarnieri,81,0,0,2,24.0,119.91666666666667,0.0,0.0,0.024691358024691357,0.2962962962962963
443,luke-rowe,124,0,0,2,175.0,107.80733944954129,0.0,0.0,0.016129032258064516,1.4112903225806452
444,niccolo-bonifazio,57,0,1,4,145.0,107.44,0.0,0.017543859649122806,0.07017543859649122,2.543859649122807
445,thomas-scully,88,0,0,0,40.0,120.15789473684211,0.0,0.0,0.0,0.45454545454545453
446,bert-van-lerberghe,52,0,0,0,20.0,124.95833333333333,0.0,0.0,0.0,0.38461538461538464
447,alessandro-fedeli,29,0,1,3,226.0,50.111111111111114,0.0,0.034482758620689655,0.10344827586206896,7.793103448275862
448,geoffrey-soupe,50,0,0,0,20.0,87.925,0.0,0.0,0.0,0.4
449,luka-mezgec,88,1,5,7,502.0,91.275,0.011363636363636364,0.056818181818181816,0.07954545454545454,5.704545454545454
450,daniel-mclay,68,0,0,4,141.0,105.43396226415095,0.0,0.0,0.058823529411764705,2.073529411764706
451,harm-vanhoucke,137,0,2,10,208.0,82.66929133858268,0.0,0.014598540145985401,0.072992700729927,1.5182481751824817
452,michael-matthews,139,5,20,49,3130.0,47.5078125,0.03597122302158273,0.14388489208633093,0.35251798561151076,22.51798561151079
453,kristian-sbaragli,102,0,0,6,476.0,54.734693877551024,0.0,0.0,0.058823529411764705,4.666666666666667
454,damien-touze,67,0,0,2,112.0,77.22222222222223,0.0,0.0,0.029850746268656716,1.671641791044776
455,rohan-dennis,104,1,4,6,134.0,66.74,0.009615384615384616,0.038461538461538464,0.057692307692307696,1.2884615384615385
456,yves-lampaert,59,0,0,3,404.0,83.56140350877193,0.0,0.0,0.05084745762711865,6.8474576271186445
457,rui-costa,137,1,8,20,822.0,53.447154471544714,0.0072992700729927005,0.058394160583941604,0.145985401459854,6.0
458,connor-swift,71,0,0,2,215.0,80.76811594202898,0.0,0.0,0.028169014084507043,3.028169014084507
459,jacopo-mosca,101,0,0,4,122.0,67.78494623655914,0.0,0.0,0.039603960396039604,1.2079207920792079
460,cyril-barthe,86,0,0,6,146.0,64.91764705882353,0.0,0.0,0.06976744186046512,1.697674418604651
461,rein-taaramae,110,1,3,5,197.0,61.53398058252427,0.00909090909090909,0.02727272727272727,0.045454545454545456,1.790909090909091
462,nacer-bouhanni,38,0,0,3,81.0,74.34285714285714,0.0,0.0,0.07894736842105263,2.1315789473684212
463,nils-eekhoff,43,0,0,1,80.0,101.67567567567568,0.0,0.0,0.023255813953488372,1.8604651162790697
464,florian-vermeersch,59,0,0,2,105.0,86.88888888888889,0.0,0.0,0.03389830508474576,1.7796610169491525
465,rick-zabel,94,0,0,1,69.0,108.34117647058824,0.0,0.0,0.010638297872340425,0.7340425531914894
466,jelle-wallays,62,0,0,0,29.0,105.69090909090909,0.0,0.0,0.0,0.46774193548387094
467,jonas-rutsch,62,0,0,0,44.0,75.05172413793103,0.0,0.0,0.0,0.7096774193548387
468,taco-van-der-hoorn,75,1,1,2,149.0,112.04285714285714,0.013333333333333334,0.013333333333333334,0.02666666666666667,1.9866666666666666
469,jordi-meeus,63,2,6,8,384.0,106.56603773584905,0.031746031746031744,0.09523809523809523,0.12698412698412698,6.095238095238095
470,pascal-ackermann,77,5,9,14,823.0,97.26470588235294,0.06493506493506493,0.11688311688311688,0.18181818181818182,10.688311688311689
471,johan-jacobs,62,0,0,0,47.0,90.7,0.0,0.0,0.0,0.7580645161290323
472,giacomo-nizzolo,83,1,4,11,697.0,83.36764705882354,0.012048192771084338,0.04819277108433735,0.13253012048192772,8.397590361445783
473,joao-almeida,109,3,11,39,1041.0,22.847619047619048,0.027522935779816515,0.10091743119266056,0.3577981651376147,9.55045871559633
474,georg-zimmermann,100,0,1,9,343.0,52.07954545454545,0.0,0.01,0.09,3.43
475,silvan-dillier,92,0,0,1,104.0,68.93023255813954,0.0,0.0,0.010869565217391304,1.1304347826086956
476,victor-koretzky,18,0,0,0,20.0,60.1875,0.0,0.0,0.0,1.1111111111111112
477,tobias-bayer,43,0,0,2,45.0,78.25714285714285,0.0,0.0,0.046511627906976744,1.0465116279069768
478,albert-torres,81,0,0,1,31.0,117.95,0.0,0.0,0.012345679012345678,0.38271604938271603
479,campbell-stewart,20,0,0,0,0.0,98.6923076923077,0.0,0.0,0.0,0.0
480,otto-vergaerde,63,0,0,0,61.0,106.38775510204081,0.0,0.0,0.0,0.9682539682539683
481,nathan-van-hooydonck,87,0,0,0,107.0,89.91463414634147,0.0,0.0,0.0,1.2298850574712643
482,loic-vliegen,79,0,2,4,262.0,68.45,0.0,0.02531645569620253,0.05063291139240506,3.3164556962025316
483,simon-carr,62,0,0,2,128.0,71.31481481481481,0.0,0.0,0.03225806451612903,2.064516129032258
484,luca-mozzato,48,0,0,8,230.0,67.14634146341463,0.0,0.0,0.16666666666666666,4.791666666666667
485,pavel-sivakov,105,0,4,9,550.0,46.71,0.0,0.0380952380952381,0.08571428571428572,5.238095238095238
486,merhawi-kudus,100,0,1,2,119.0,57.628865979381445,0.0,0.01,0.02,1.19
487,eduard-prades,60,0,1,4,199.0,45.42,0.0,0.016666666666666666,0.06666666666666667,3.316666666666667
488,salvatore-puccio,127,0,1,1,84.0,83.47008547008546,0.0,0.007874015748031496,0.007874015748031496,0.6614173228346457
489,jose-herrada,112,0,2,2,97.0,62.54205607476636,0.0,0.017857142857142856,0.017857142857142856,0.8660714285714286
490,dario-cataldo,170,1,1,2,167.0,77.24516129032259,0.0058823529411764705,0.0058823529411764705,0.011764705882352941,0.9823529411764705
491,marc-sarreau,44,0,1,5,143.0,96.725,0.0,0.022727272727272728,0.11363636363636363,3.25
492,peter-kusztor,26,0,0,0,10.0,69.05263157894737,0.0,0.0,0.0,0.38461538461538464
493,fernando-gaviria,106,2,7,12,523.0,103.30526315789474,0.018867924528301886,0.0660377358490566,0.11320754716981132,4.933962264150943
494,david-lozano,24,0,0,0,10.0,74.14285714285714,0.0,0.0,0.0,0.4166666666666667
495,sam-brand,26,0,0,0,10.0,100.72222222222223,0.0,0.0,0.0,0.38461538461538464
496,andrea-peron,31,0,0,1,13.0,93.22727272727273,0.0,0.0,0.03225806451612903,0.41935483870967744
497,charles-planet,19,0,0,0,10.0,87.5,0.0,0.0,0.0,0.5263157894736842
498,simone-consonni,107,1,3,10,401.0,98.04040404040404,0.009345794392523364,0.028037383177570093,0.09345794392523364,3.7476635514018692
499,gonzalo-serrano,89,0,2,10,400.0,66.32926829268293,0.0,0.02247191011235955,0.11235955056179775,4.49438202247191
500,nans-peters,149,3,4,10,583.0,63.26056338028169,0.020134228187919462,0.026845637583892617,0.06711409395973154,3.912751677852349
501,roland-thalmann,37,0,0,3,69.0,41.8,0.0,0.0,0.08108108108108109,1.864864864864865
502,stephen-williams,62,1,1,2,107.0,80.68627450980392,0.016129032258064516,0.016129032258064516,0.03225806451612903,1.7258064516129032
503,matteo-badilatti,97,0,0,1,36.0,67.12765957446808,0.0,0.0,0.010309278350515464,0.3711340206185567
504,anton-palzer,51,0,0,0,0.0,69.76086956521739,0.0,0.0,0.0,0.0
505,thymen-arensman,96,1,4,11,318.0,53.03225806451613,0.010416666666666666,0.041666666666666664,0.11458333333333333,3.3125
506,joel-suter,35,0,1,2,84.0,83.64,0.0,0.02857142857142857,0.05714285714285714,2.4
507,hugo-hofstetter,80,0,1,13,390.0,85.54794520547945,0.0,0.0125,0.1625,4.875
508,nickolas-zukowsky,28,0,0,1,58.0,77.27272727272727,0.0,0.0,0.03571428571428571,2.0714285714285716
509,floris-de-tier,75,0,0,1,111.0,74.40625,0.0,0.0,0.013333333333333334,1.48
510,matthew-walls,22,0,0,0,14.0,119.3076923076923,0.0,0.0,0.0,0.6363636363636364
511,tobias-ludvigsson,102,0,0,1,44.0,80.90217391304348,0.0,0.0,0.00980392156862745,0.43137254901960786
512,michael-hepburn,111,0,0,0,25.0,105.75490196078431,0.0,0.0,0.0,0.22522522522522523
513,jay-vine,46,2,6,8,332.0,77.3157894736842,0.043478260869565216,0.13043478260869565,0.17391304347826086,7.217391304347826
514,magnus-sheffield,22,1,1,2,175.0,54.8,0.045454545454545456,0.045454545454545456,0.09090909090909091,7.954545454545454
515,sebastian-berwick,52,0,0,0,10.0,91.4390243902439,0.0,0.0,0.0,0.19230769230769232
516,natnael-tesfatsion,70,0,1,7,272.0,63.88135593220339,0.0,0.014285714285714285,0.1,3.8857142857142857
517,marius-mayrhofer,11,1,1,1,230.0,70.71428571428571,0.09090909090909091,0.09090909090909091,0.09090909090909091,20.90909090909091
518,reuben-thompson,8,0,0,0,0.0,45.42857142857143,0.0,0.0,0.0,0.0
519,milan-vader,9,0,0,1,13.0,35.75,0.0,0.0,0.1111111111111111,1.4444444444444444
520,alex-baudin,8,0,0,0,24.0,31.125,0.0,0.0,0.0,3.0
521,corbin-strong,23,0,1,5,259.0,43.9375,0.0,0.043478260869565216,0.21739130434782608,11.26086956521739
522,paul-penhoet,12,0,0,2,31.0,28.444444444444443,0.0,0.0,0.16666666666666666,2.5833333333333335
523,derek-gee,13,0,0,0,5.0,58.1,0.0,0.0,0.0,0.38461538461538464
524,kaden-groves,50,1,3,7,118.0,91.77777777777777,0.02,0.06,0.14,2.36
525,ivan-romeo,8,0,0,0,5.0,63.2,0.0,0.0,0.0,0.625
526,emils-liepins,54,0,0,2,71.0,88.27659574468085,0.0,0.0,0.037037037037037035,1.3148148148148149
527,luke-plapp,35,0,0,3,49.0,77.61290322580645,0.0,0.0,0.08571428571428572,1.4
528,asbjorn-hellemose,15,0,0,0,5.0,56.61538461538461,0.0,0.0,0.0,0.3333333333333333
529,leo-hayter,10,0,0,0,5.0,55.142857142857146,0.0,0.0,0.0,0.5
530,paul-lapeira,30,0,0,1,67.0,60.59090909090909,0.0,0.0,0.03333333333333333,2.2333333333333334
531,matthew-dinham,7,0,0,1,25.0,39.57142857142857,0.0,0.0,0.14285714285714285,3.5714285714285716
532,michael-vink,11,0,0,0,5.0,85.0,0.0,0.0,0.0,0.45454545454545453
533,tim-van-dijke,6,0,0,0,5.0,76.0,0.0,0.0,0.0,0.8333333333333334
534,marc-brustenga-masague,19,0,0,0,0.0,99.0,0.0,0.0,0.0,0.0
535,stan-van-tricht,16,0,0,2,67.0,53.6,0.0,0.0,0.125,4.1875
536,kim-heiduk,16,0,0,0,5.0,73.125,0.0,0.0,0.0,0.3125
537,alessandro-verre,21,0,0,2,60.0,45.06666666666667,0.0,0.0,0.09523809523809523,2.857142857142857
538,sjoerd-bax,21,1,1,1,86.0,76.125,0.047619047619047616,0.047619047619047616,0.047619047619047616,4.095238095238095
539,jarrad-drizners,23,0,0,0,5.0,102.21052631578948,0.0,0.0,0.0,0.21739130434782608
540,samuel-gaze,4,0,0,0,5.0,92.5,0.0,0.0,0.0,1.25
541,ewen-costiou,9,0,0,0,19.0,57.625,0.0,0.0,0.0,2.111111111111111
542,luis-joe-luhrs,12,0,0,0,0.0,73.25,0.0,0.0,0.0,0.0
543,andre-carvalho,26,0,0,0,35.0,93.2,0.0,0.0,0.0,1.3461538461538463
544,mathis-le-berre,10,0,0,0,17.0,65.55555555555556,0.0,0.0,0.0,1.7
545,laurence-pithie,9,0,1,1,43.0,65.57142857142857,0.0,0.1111111111111111,0.1111111111111111,4.777777777777778
546,davide-cimolai,111,0,2,8,297.0,113.1923076923077,0.0,0.018018018018018018,0.07207207207207207,2.675675675675676
547,lorenzo-germani,11,0,0,0,18.0,62.875,0.0,0.0,0.0,1.6363636363636365
548,harrison-wood,6,0,0,0,5.0,80.66666666666667,0.0,0.0,0.0,0.8333333333333334
549,cameron-scott,4,0,0,0,0.0,95.5,0.0,0.0,0.0,0.0
550,martin-svrcek,10,0,0,0,5.0,51.75,0.0,0.0,0.0,0.5
551,martin-laas,51,0,0,1,12.0,139.5,0.0,0.0,0.0196078431372549,0.23529411764705882
552,jensen-plowright,7,0,0,0,0.0,109.0,0.0,0.0,0.0,0.0
553,taj-jones,24,0,0,0,5.0,98.8125,0.0,0.0,0.0,0.20833333333333334
554,gerben-thijssen,37,0,0,0,6.0,117.3030303030303,0.0,0.0,0.0,0.16216216216216217
555,joonas-henttala,16,0,0,0,5.0,86.375,0.0,0.0,0.0,0.3125
556,filippo-fiorelli,75,0,1,4,230.0,81.43548387096774,0.0,0.013333333333333334,0.05333333333333334,3.066666666666667
557,mark-cavendish,55,0,1,1,43.0,117.16,0.0,0.01818181818181818,0.01818181818181818,0.7818181818181819
558,corey-davis,13,0,0,0,0.0,97.25,0.0,0.0,0.0,0.0
559,fausto-masnada,90,1,4,11,534.0,42.03409090909091,0.011111111111111112,0.044444444444444446,0.12222222222222222,5.933333333333334
560,koen-bouwman,105,2,2,5,251.0,54.80808080808081,0.01904761904761905,0.01904761904761905,0.047619047619047616,2.3904761904761904
561,samuele-zoccarato,47,0,0,1,64.0,78.0,0.0,0.0,0.02127659574468085,1.3617021276595744
562,vadim-pronskiy,77,0,0,1,32.0,59.0,0.0,0.0,0.012987012987012988,0.4155844155844156
563,luca-covili,71,0,0,1,47.0,57.17460317460318,0.0,0.0,0.014084507042253521,0.6619718309859155
564,simon-pellaud,91,0,0,2,113.0,74.86585365853658,0.0,0.0,0.02197802197802198,1.2417582417582418
565,clement-berthet,43,0,0,0,127.0,37.609756097560975,0.0,0.0,0.0,2.953488372093023
566,alessandro-tonelli,64,0,1,4,125.0,75.51785714285714,0.0,0.015625,0.0625,1.953125
567,alberto-dainese,57,0,1,5,157.0,103.18518518518519,0.0,0.017543859649122806,0.08771929824561403,2.754385964912281
568,mathias-vacek,15,0,1,3,104.0,48.7,0.0,0.06666666666666667,0.2,6.933333333333334
569,marijn-van-den-berg,22,1,2,4,231.0,48.857142857142854,0.045454545454545456,0.09090909090909091,0.18181818181818182,10.5
570,filip-maciejuk,27,0,0,0,16.0,83.71428571428571,0.0,0.0,0.0,0.5925925925925926
571,luca-rastelli,28,0,0,0,0.0,96.04545454545455,0.0,0.0,0.0,0.0
572,ethan-vernon,18,1,2,3,118.0,80.25,0.05555555555555555,0.1111111111111111,0.16666666666666666,6.555555555555555
573,max-kanter,71,0,1,7,144.0,93.12307692307692,0.0,0.014084507042253521,0.09859154929577464,2.028169014084507
574,niklas-markl,19,0,0,0,15.0,87.6875,0.0,0.0,0.0,0.7894736842105263
575,clement-davy,40,0,0,0,10.0,117.36363636363636,0.0,0.0,0.0,0.25
576,matteo-malucelli,13,0,0,0,14.0,98.36363636363636,0.0,0.0,0.0,1.0769230769230769
577,johan-price-pejtersen,19,0,0,0,5.0,114.26666666666667,0.0,0.0,0.0,0.2631578947368421
578,kelland-brien,22,0,0,0,19.0,119.75,0.0,0.0,0.0,0.8636363636363636
579,ben-zwiehoff,67,0,0,5,81.0,58.21875,0.0,0.0,0.07462686567164178,1.208955223880597
580,matthew-riccitello,5,0,0,0,0.0,35.333333333333336,0.0,0.0,0.0,0.0
581,valentin-paret-peintre,25,0,0,0,3.0,65.53333333333333,0.0,0.0,0.0,0.12
582,yannis-voisard,29,0,0,0,7.0,56.23076923076923,0.0,0.0,0.0,0.2413793103448276
583,georg-steinhauser,15,0,0,0,7.0,64.0,0.0,0.0,0.0,0.4666666666666667
584,jason-osborne,5,0,0,0,0.0,46.0,0.0,0.0,0.0,0.0
585,thomas-gloag,5,0,0,1,31.0,18.0,0.0,0.0,0.2,6.2
586,harold-tejada,85,0,0,0,6.0,68.24691358024691,0.0,0.0,0.0,0.07058823529411765
587,michel-hessmann,13,0,0,0,22.0,84.61538461538461,0.0,0.0,0.0,1.6923076923076923
588,joshua-tarling,2,0,0,0,0.0,46.0,0.0,0.0,0.0,0.0
589,arthur-kluckers,5,0,0,0,0.0,61.0,0.0,0.0,0.0,0.0
590,jan-maas,8,0,0,0,41.0,47.125,0.0,0.0,0.0,5.125
591,louis-vervaeke,86,0,1,3,194.0,62.04054054054054,0.0,0.011627906976744186,0.03488372093023256,2.255813953488372
592,juri-hollmann,28,0,0,0,36.0,63.666666666666664,0.0,0.0,0.0,1.2857142857142858
593,mika-heming,7,0,0,0,0.0,87.66666666666667,0.0,0.0,0.0,0.0
594,tom-paquot,40,0,1,2,76.0,56.75,0.0,0.025,0.05,1.9
595,rick-pluimers,7,0,0,0,6.0,56.666666666666664,0.0,0.0,0.0,0.8571428571428571
596,elmar-reinders,15,0,0,2,48.0,66.7,0.0,0.0,0.13333333333333333,3.2
597,fran-miholjevic,5,0,0,0,0.0,64.66666666666667,0.0,0.0,0.0,0.0
598,filippo-magli2,51,0,0,0,21.0,111.66666666666667,0.0,0.0,0.0,0.4117647058823529
599,rudiger-selig,55,0,0,2,23.0,122.3409090909091,0.0,0.0,0.03636363636363636,0.41818181818181815
600,maurice-ballerstedt,7,0,0,0,10.0,66.71428571428571,0.0,0.0,0.0,1.4285714285714286
601,davide-martinelli,51,0,0,2,30.0,99.45,0.0,0.0,0.0392156862745098,0.5882352941176471
602,matevz-govekar,9,0,0,2,54.0,76.5,0.0,0.0,0.2222222222222222,6.0
603,fabio-van-den-bossche,16,0,0,0,23.0,62.92857142857143,0.0,0.0,0.0,1.4375
604,riccardo-lucca,25,0,0,0,8.0,76.45,0.0,0.0,0.0,0.32
605,luca-colnaghi,14,0,0,0,15.0,69.44444444444444,0.0,0.0,0.0,1.0714285714285714
606,blake-quick,4,0,0,0,0.0,99.0,0.0,0.0,0.0,0.0
607,sam-welsford,7,1,1,1,75.0,96.5,0.14285714285714285,0.14285714285714285,0.14285714285714285,10.714285714285714
608,bram-welten,20,0,0,1,33.0,65.89473684210526,0.0,0.0,0.05,1.65
609,itamar-einhorn,34,0,0,0,2.0,116.04166666666667,0.0,0.0,0.0,0.058823529411764705
610,maikel-zijlaard,7,0,0,0,1.0,85.0,0.0,0.0,0.0,0.14285714285714285
611,enrico-zanoncello,7,0,0,0,0.0,118.0,0.0,0.0,0.0,0.0
612,arvid-de-kleijn,7,1,1,2,89.0,66.0,0.14285714285714285,0.14285714285714285,0.2857142857142857,12.714285714285714
613,sebastian-kolze-changizi,6,0,0,0,0.0,97.2,0.0,0.0,0.0,0.0
614,cameron-wurf,31,0,0,0,10.0,92.65,0.0,0.0,0.0,0.3225806451612903
615,andrea-garosio,67,0,0,1,101.0,59.833333333333336,0.0,0.0,0.014925373134328358,1.507462686567164
616,mick-van-dijke,18,0,0,1,34.0,53.75,0.0,0.0,0.05555555555555555,1.8888888888888888
617,clement-champoussin,102,1,4,20,630.0,44.252631578947366,0.00980392156862745,0.0392156862745098,0.19607843137254902,6.176470588235294
618,jonathan-castroviejo,139,0,2,3,151.0,63.97674418604651,0.0,0.014388489208633094,0.02158273381294964,1.0863309352517985
619,antonio-soto,41,1,1,6,175.0,77.94871794871794,0.024390243902439025,0.024390243902439025,0.14634146341463414,4.2682926829268295
620,colin-joyce,25,0,0,0,5.0,85.10526315789474,0.0,0.0,0.0,0.2
621,juan-jose-lobato,48,0,0,1,26.0,115.1842105263158,0.0,0.0,0.020833333333333332,0.5416666666666666
622,alan-riou,56,1,1,1,123.0,85.34146341463415,0.017857142857142856,0.017857142857142856,0.017857142857142856,2.1964285714285716
623,joan-bou,57,0,0,0,0.0,91.53061224489795,0.0,0.0,0.0,0.0
624,juan-ayuso-pesquera,46,1,6,16,524.0,20.125,0.021739130434782608,0.13043478260869565,0.34782608695652173,11.391304347826088
625,torstein-traeen,19,0,0,1,57.0,37.0,0.0,0.0,0.05263157894736842,3.0
626,henri-vandenabeele,22,0,0,2,8.0,94.8125,0.0,0.0,0.09090909090909091,0.36363636363636365
627,francisco-galvan,48,0,1,2,107.0,70.5,0.0,0.020833333333333332,0.041666666666666664,2.2291666666666665
628,joel-nicolau,26,0,0,0,45.0,54.95238095238095,0.0,0.0,0.0,1.7307692307692308
629,michal-schlegel,22,0,0,0,0.0,78.52631578947368,0.0,0.0,0.0,0.0
630,jacob-hindsgaul-madsen,17,0,0,0,5.0,96.36363636363636,0.0,0.0,0.0,0.29411764705882354
631,alexandre-delettre,43,0,0,2,85.0,57.35,0.0,0.0,0.046511627906976744,1.9767441860465116
632,manuel-penalver,18,0,0,3,56.0,64.64285714285714,0.0,0.0,0.16666666666666666,3.111111111111111
633,jonas-iversby-hvideberg,32,0,0,1,32.0,88.0,0.0,0.0,0.03125,1.0
634,rasmus-tiller,39,0,2,3,280.0,82.97222222222223,0.0,0.05128205128205128,0.07692307692307693,7.17948717948718
635,giovanni-lonardi,38,0,0,1,18.0,102.34375,0.0,0.0,0.02631578947368421,0.47368421052631576
636,lawrence-naesen,68,0,0,3,115.0,91.86440677966101,0.0,0.0,0.04411764705882353,1.6911764705882353
637,giovanni-carboni,70,0,0,3,93.0,60.78688524590164,0.0,0.0,0.04285714285714286,1.3285714285714285
638,mirco-maestri,60,0,0,0,30.0,93.09803921568627,0.0,0.0,0.0,0.5
639,paul-ourselin,84,0,0,1,67.0,72.02739726027397,0.0,0.0,0.011904761904761904,0.7976190476190477
640,umberto-poli,15,0,0,0,10.0,128.28571428571428,0.0,0.0,0.0,0.6666666666666666
641,vincenzo-albanese,71,0,3,8,380.0,60.515625,0.0,0.04225352112676056,0.11267605633802817,5.352112676056338
642,mathijs-paasschens,38,0,0,0,58.0,67.64285714285714,0.0,0.0,0.0,1.5263157894736843
643,robbe-ghys,11,0,0,0,5.0,59.142857142857146,0.0,0.0,0.0,0.45454545454545453
644,lindsay-de-vylder,20,0,0,0,20.0,64.375,0.0,0.0,0.0,1.0
645,mathieu-van-der-poel,61,12,19,27,3013.0,37.625,0.19672131147540983,0.3114754098360656,0.4426229508196721,49.39344262295082
646,lasse-norman-leth,12,0,0,1,24.0,78.625,0.0,0.0,0.08333333333333333,2.0
647,jimmy-janssens,66,0,0,2,99.0,88.0,0.0,0.0,0.030303030303030304,1.5
648,august-jensen,20,0,0,1,39.0,66.76470588235294,0.0,0.0,0.05,1.95
649,dimitri-peyskens,38,0,0,0,42.0,49.15,0.0,0.0,0.0,1.105263157894737
650,adam-de-vos,15,0,0,0,27.0,53.09090909090909,0.0,0.0,0.0,1.8
651,aaron-van-poucke,40,0,0,0,73.0,58.93103448275862,0.0,0.0,0.0,1.825
652,davide-gabburo,87,0,1,3,253.0,66.35064935064935,0.0,0.011494252873563218,0.034482758620689655,2.9080459770114944
653,etienne-van-empel,19,0,0,1,13.0,83.6875,0.0,0.0,0.05263157894736842,0.6842105263157895
654,lorenzo-fortunato,62,1,1,3,208.0,35.916666666666664,0.016129032258064516,0.016129032258064516,0.04838709677419355,3.3548387096774195
655,edoardo-zambanini,112,0,1,2,96.0,65.77551020408163,0.0,0.008928571428571428,0.017857142857142856,0.8571428571428571
656,alexis-guerin,15,0,0,0,15.0,44.92307692307692,0.0,0.0,0.0,1.0
657,charlesetienne-chretien,10,0,0,0,5.0,87.83333333333333,0.0,0.0,0.0,0.5
658,lucas-eriksson,20,0,0,1,113.0,44.78947368421053,0.0,0.0,0.05,5.65
659,benjamin-perry,17,0,0,0,20.0,76.54545454545455,0.0,0.0,0.0,1.1764705882352942
660,antonio-barac,1,0,0,0,0.0,,0.0,0.0,0.0,0.0
661,rory-townsend,7,0,0,1,24.0,33.2,0.0,0.0,0.14285714285714285,3.4285714285714284
662,jefferson-cepeda-hernandez,2,0,0,0,0.0,,0.0,0.0,0.0,0.0
663,marco-tizza,44,0,0,5,172.0,37.63636363636363,0.0,0.0,0.11363636363636363,3.909090909090909
664,mattia-bais,86,0,0,3,104.0,65.9375,0.0,0.0,0.03488372093023256,1.2093023255813953
665,simone-raccani,86,0,0,2,74.0,70.72368421052632,0.0,0.0,0.023255813953488372,0.8604651162790697
666,filippo-zana,73,0,0,1,96.0,65.3076923076923,0.0,0.0,0.0136986301369863,1.3150684931506849
667,giulio-masotto,11,0,0,0,0.0,,0.0,0.0,0.0,0.0
668,filippo-baroncini,17,0,0,1,60.0,59.375,0.0,0.0,0.058823529411764705,3.5294117647058822
669,samuele-zambelli,11,0,0,0,0.0,76.0,0.0,0.0,0.0,0.0
670,davide-bais,53,0,0,2,66.0,87.91304347826087,0.0,0.0,0.03773584905660377,1.2452830188679245
671,matteo-amella,10,0,0,0,0.0,45.0,0.0,0.0,0.0,0.0
672,alessandro-iacchi,18,0,0,0,0.0,60.0,0.0,0.0,0.0,0.0
673,davide-baldaccini,14,0,0,0,0.0,41.5,0.0,0.0,0.0,0.0
674,nicolo-parisini,17,0,0,0,14.0,35.42857142857143,0.0,0.0,0.0,0.8235294117647058
675,stephen-clancy,3,0,0,0,0.0,,0.0,0.0,0.0,0.0
676,paul-double,16,0,0,2,50.0,38.666666666666664,0.0,0.0,0.125,3.125
677,nicolas-dalla-valle,5,0,0,0,0.0,,0.0,0.0,0.0,0.0
678,rudy-porter,2,0,0,0,5.0,63.0,0.0,0.0,0.0,2.5
679,kamil-malecki,52,0,0,1,37.0,91.90243902439025,0.0,0.0,0.019230769230769232,0.7115384615384616
680,quinn-simmons,64,0,1,6,332.0,80.20338983050847,0.0,0.015625,0.09375,5.1875
681,biniam-girmay,53,3,9,22,1136.0,29.357142857142858,0.05660377358490566,0.16981132075471697,0.41509433962264153,21.433962264150942
682,inigo-elosegui,20,0,0,0,35.0,88.8125,0.0,0.0,0.0,1.75
683,julian-mertens,34,0,0,0,35.0,60.84615384615385,0.0,0.0,0.0,1.0294117647058822
684,cedric-beullens,36,0,0,0,64.0,73.03448275862068,0.0,0.0,0.0,1.7777777777777777
685,luc-wirtgen,33,0,0,2,105.0,53.92307692307692,0.0,0.0,0.06060606060606061,3.1818181818181817
686,alexander-krieger,58,0,0,1,28.0,112.96428571428571,0.0,0.0,0.017241379310344827,0.4827586206896552
687,gilles-de-wilde,25,0,0,0,24.0,75.66666666666667,0.0,0.0,0.0,0.96
688,markus-hoelgaard,24,0,0,1,166.0,61.80952380952381,0.0,0.0,0.041666666666666664,6.916666666666667
689,thomas-pidcock,54,3,4,14,1229.0,37.96,0.05555555555555555,0.07407407407407407,0.25925925925925924,22.75925925925926
690,ben-healy,18,0,1,1,50.0,64.71428571428571,0.0,0.05555555555555555,0.05555555555555555,2.7777777777777777
691,christian-scaroni,30,0,0,4,136.0,31.23076923076923,0.0,0.0,0.13333333333333333,4.533333333333333
692,andrea-piccolo,25,0,3,7,369.0,22.842105263157894,0.0,0.12,0.28,14.76
693,alessio-martinelli,12,0,0,3,72.0,21.571428571428573,0.0,0.0,0.25,6.0
694,kristian-aasvold,15,0,0,0,1.0,67.15384615384616,0.0,0.0,0.0,0.06666666666666667
695,stephen-bassett,23,0,0,0,4.0,53.1,0.0,0.0,0.0,0.17391304347826086
696,pier-andre-cote,19,0,0,1,39.0,54.857142857142854,0.0,0.0,0.05263157894736842,2.0526315789473686
697,peio-goikoetxea,13,0,0,0,0.0,82.0,0.0,0.0,0.0,0.0
698,ibai-azurmendi-sagastibel,28,0,0,0,6.0,80.95652173913044,0.0,0.0,0.0,0.21428571428571427
699,samuele-rivi,57,0,0,1,33.0,114.81632653061224,0.0,0.0,0.017543859649122806,0.5789473684210527
700,martin-marcellusi,9,0,0,0,7.0,41.8,0.0,0.0,0.0,0.7777777777777778
701,brandon-smith-rivera-vargas,25,0,0,0,15.0,67.29411764705883,0.0,0.0,0.0,0.6
702,ryan-christensen,6,0,0,0,0.0,39.6,0.0,0.0,0.0,0.0
703,henok-mulubrhan,12,0,0,1,24.0,48.2,0.0,0.0,0.08333333333333333,2.0
704,jefferson-alexander-cepeda,67,0,0,1,51.0,82.56363636363636,0.0,0.0,0.014925373134328358,0.7611940298507462
705,marco-frigo,6,0,0,0,0.0,52.6,0.0,0.0,0.0,0.0
706,antonio-angulo,22,0,0,0,32.0,43.72222222222222,0.0,0.0,0.0,1.4545454545454546
707,mulu-kinfe-hailemichael,14,0,0,0,0.0,58.8,0.0,0.0,0.0,0.0
708,jose-manuel-diaz-gallego,30,0,0,0,48.0,46.93103448275862,0.0,0.0,0.0,1.6
709,marco-murgano,10,0,0,0,0.0,58.4,0.0,0.0,0.0,0.0
710,carlos-garcia-pierna,24,0,0,0,12.0,67.6,0.0,0.0,0.0,0.5
711,christophe-noppe,20,0,0,1,49.0,56.25,0.0,0.0,0.05,2.45
712,orluis-aular,25,0,0,3,41.0,56.8235294117647,0.0,0.0,0.12,1.64
713,donavan-grondin,13,0,0,0,15.0,39.285714285714285,0.0,0.0,0.0,1.1538461538461537
714,josu-etxeberria-azpilikueta,17,0,0,0,0.0,100.8,0.0,0.0,0.0,0.0
715,veljko-stojnic,12,0,0,0,0.0,45.166666666666664,0.0,0.0,0.0,0.0
716,abner-gonzalez-rivera,26,0,0,2,82.0,45.19047619047619,0.0,0.0,0.07692307692307693,3.1538461538461537
717,erik-fetter,32,0,0,0,51.0,70.51851851851852,0.0,0.0,0.0,1.59375
718,diego-pablo-sevilla,20,0,0,0,25.0,62.23076923076923,0.0,0.0,0.0,1.25
719,simone-bevilacqua,28,0,0,0,0.0,120.82352941176471,0.0,0.0,0.0,0.0
720,karel-vacek,16,0,0,0,0.0,114.6,0.0,0.0,0.0,0.0
721,andrii-ponomar,43,0,0,1,19.0,90.61538461538461,0.0,0.0,0.023255813953488372,0.4418604651162791
722,lorrenzo-manzin,50,0,0,2,82.0,101.78048780487805,0.0,0.0,0.04,1.64
723,erik-nordsaeter-resell,16,0,0,0,38.0,60.38461538461539,0.0,0.0,0.0,2.375
724,ward-vanhoof,21,0,0,0,19.0,61.76923076923077,0.0,0.0,0.0,0.9047619047619048
725,alex-colman,19,0,0,0,25.0,79.15384615384616,0.0,0.0,0.0,1.3157894736842106
726,david-dekker,29,0,0,1,19.0,112.125,0.0,0.0,0.034482758620689655,0.6551724137931034
727,yevgeniy-fedorov,50,1,1,1,95.0,97.62162162162163,0.02,0.02,0.02,1.9
728,ruben-apers,29,0,0,0,40.0,67.70588235294117,0.0,0.0,0.0,1.3793103448275863
729,jens-reynders,16,0,0,1,38.0,53.333333333333336,0.0,0.0,0.0625,2.375
730,jonas-abrahamsen,19,0,0,0,23.0,74.86666666666666,0.0,0.0,0.0,1.2105263157894737
731,rune-herregodts,26,0,2,3,160.0,48.78947368421053,0.0,0.07692307692307693,0.11538461538461539,6.153846153846154
732,martin-urianstad,23,0,0,0,28.0,69.94736842105263,0.0,0.0,0.0,1.2173913043478262
733,victor-langellotti,31,0,0,2,37.0,65.21428571428571,0.0,0.0,0.06451612903225806,1.1935483870967742
734,jokin-murguialday-elorza,22,0,0,0,5.0,74.57894736842105,0.0,0.0,0.0,0.22727272727272727
735,xabier-mikel-azparren-irurzun,41,0,0,0,0.0,102.11111111111111,0.0,0.0,0.0,0.0
736,jordi-lopez-caravaca,25,0,0,1,43.0,34.733333333333334,0.0,0.0,0.04,1.72
737,paniego-fuentes,12,0,0,2,54.0,47.875,0.0,0.0,0.16666666666666666,4.5
738,mario-aparicio-munoz,12,0,0,0,5.0,91.5,0.0,0.0,0.0,0.4166666666666667
739,sander-de-pestel,28,0,0,0,5.0,75.0,0.0,0.0,0.0,0.17857142857142858
740,eric-antonio-fagundez,1,0,0,0,0.0,,0.0,0.0,0.0,0.0
741,karl-patrick-lauk,9,0,0,0,0.0,61.75,0.0,0.0,0.0,0.0
742,vojtech-repa,17,0,0,0,0.0,82.82352941176471,0.0,0.0,0.0,0.0
743,sergio-martin,26,0,0,0,5.0,53.94736842105263,0.0,0.0,0.0,0.19230769230769232
744,marti-marquez,16,0,0,0,0.0,69.46153846153847,0.0,0.0,0.0,0.0
745,danny-van-der-tuuk,12,0,0,0,5.0,79.9,0.0,0.0,0.0,0.4166666666666667
746,sasha-weemaes,10,0,0,0,5.0,94.0,0.0,0.0,0.0,0.5
747,soren-waerenskjold,7,0,1,2,68.0,22.0,0.0,0.14285714285714285,0.2857142857142857,9.714285714285714
748,matthew-bostock,2,0,0,1,14.0,52.5,0.0,0.0,0.5,7.0
749,ben-turner,25,1,2,4,252.0,66.16666666666667,0.04,0.08,0.16,10.08
750,james-fouche,8,0,0,0,26.0,28.0,0.0,0.0,0.0,3.25
751,lennert-teugels,17,0,0,2,76.0,29.941176470588236,0.0,0.0,0.11764705882352941,4.470588235294118
752,casper-van-uden,7,0,0,0,11.0,29.857142857142858,0.0,0.0,0.0,1.5714285714285714
753,dries-de-pooter,5,0,0,0,0.0,41.0,0.0,0.0,0.0,0.0
754,wessel-krul,2,0,0,0,0.0,65.5,0.0,0.0,0.0,0.0
755,daan-hoole,27,0,0,1,50.0,66.92307692307692,0.0,0.0,0.037037037037037035,1.8518518518518519
756,jacob-scott,3,0,0,0,0.0,64.0,0.0,0.0,0.0,0.0
757,pavel-bittner,9,0,0,2,55.0,41.75,0.0,0.0,0.2222222222222222,6.111111111111111
758,luke-mudgway,5,0,0,0,5.0,57.6,0.0,0.0,0.0,1.0
759,lewis-askey,25,0,1,1,105.0,60.88,0.0,0.04,0.04,4.2
760,ethan-batt,1,0,0,0,0.0,102.0,0.0,0.0,0.0,0.0
761,antoine-raugel,30,0,0,0,11.0,85.96153846153847,0.0,0.0,0.0,0.36666666666666664
762,josh-kench,6,0,0,0,0.0,42.5,0.0,0.0,0.0,0.0
763,logan-currie,5,0,0,0,5.0,48.75,0.0,0.0,0.0,1.0
764,fabio-christen,10,0,0,0,0.0,61.875,0.0,0.0,0.0,0.0
765,mason-hollyman,11,0,0,0,3.0,41.6,0.0,0.0,0.0,0.2727272727272727
766,iker-ballarin-manso,17,0,0,0,0.0,100.55555555555556,0.0,0.0,0.0,0.0
767,oscar-pelegri,22,0,0,0,5.0,73.57142857142857,0.0,0.0,0.0,0.22727272727272727
768,samuel-watson,6,0,0,0,12.0,57.2,0.0,0.0,0.0,2.0
769,johan-meens,31,0,0,0,10.0,67.92857142857143,0.0,0.0,0.0,0.3225806451612903
770,louis-blouwe,16,0,0,0,15.0,57.4,0.0,0.0,0.0,0.9375
771,jason-tesson,14,0,2,4,160.0,5.8,0.0,0.14285714285714285,0.2857142857142857,11.428571428571429
772,gleb-brussenskiy,6,0,0,0,0.0,41.666666666666664,0.0,0.0,0.0,0.0
773,bailey-o-donnell,4,0,0,0,0.0,97.5,0.0,0.0,0.0,0.0
774,sindre-kulset,4,0,0,0,0.0,40.0,0.0,0.0,0.0,0.0
775,felipe-orts,11,0,0,0,5.0,85.0,0.0,0.0,0.0,0.45454545454545453
776,enzo-paleni,5,0,0,1,16.0,44.333333333333336,0.0,0.0,0.2,3.2
777,paul-wright,14,0,0,0,0.0,60.666666666666664,0.0,0.0,0.0,0.0
778,ollie-jones,4,0,0,0,0.0,35.0,0.0,0.0,0.0,0.0
779,nathan-vandepitte,2,0,0,0,0.0,118.0,0.0,0.0,0.0,0.0
780,lorenzo-quartucci2,4,0,0,0,0.0,22.0,0.0,0.0,0.0,0.0
781,omar-el-gouzi,18,0,0,0,14.0,59.5,0.0,0.0,0.0,0.7777777777777778
782,jesus-david-pena-jimenez,8,0,0,0,5.0,96.75,0.0,0.0,0.0,0.625
783,alessandro-santaromita,7,0,0,0,0.0,74.66666666666667,0.0,0.0,0.0,0.0
784,andrea-pietrobon,6,0,0,0,0.0,97.0,0.0,0.0,0.0,0.0
785,negasi-abreha,6,0,0,0,5.0,81.5,0.0,0.0,0.0,0.8333333333333334
786,alois-charrin,8,0,0,0,0.0,64.25,0.0,0.0,0.0,0.0
787,alex-jaime-fernandez,14,0,0,1,27.0,51.9,0.0,0.0,0.07142857142857142,1.9285714285714286
788,axel-zingle,34,2,5,14,534.0,30.433333333333334,0.058823529411764705,0.14705882352941177,0.4117647058823529,15.705882352941176
789,declan-irvine,7,0,0,0,0.0,95.66666666666667,0.0,0.0,0.0,0.0
790,valentin-retailleau,14,0,0,0,4.0,74.875,0.0,0.0,0.0,0.2857142857142857
791,tom-sexton,6,0,0,0,5.0,56.75,0.0,0.0,0.0,0.8333333333333334
792,james-oram,5,0,0,0,6.0,48.333333333333336,0.0,0.0,0.0,1.2
793,emilien-jeanniere,3,0,0,0,0.0,94.0,0.0,0.0,0.0,0.0
794,thomas-bonnet,6,0,0,0,0.0,80.75,0.0,0.0,0.0,0.0
795,robbe-ceurens,1,0,0,0,0.0,,0.0,0.0,0.0,0.0
796,logan-phippen,3,0,0,0,0.0,,0.0,0.0,0.0,0.0
797,sean-flynn,8,0,0,0,10.0,51.142857142857146,0.0,0.0,0.0,1.25
798,jules-hesters,4,0,0,0,0.0,,0.0,0.0,0.0,0.0
799,cyrus-monk,11,0,0,0,0.0,66.77777777777777,0.0,0.0,0.0,0.0
800,lucas-dauge,4,0,0,0,0.0,114.0,0.0,0.0,0.0,0.0
801,robin-froidevaux,13,0,0,0,0.0,89.9,0.0,0.0,0.0,0.0
802,alessio-nieri,8,0,0,0,0.0,39.0,0.0,0.0,0.0,0.0
803,felix-engelhardt,6,0,0,1,31.0,49.5,0.0,0.0,0.16666666666666666,5.166666666666667
804,walter-calzoni,6,0,0,0,17.0,36.4,0.0,0.0,0.0,2.8333333333333335
805,stefano-gandin,6,0,0,0,0.0,29.5,0.0,0.0,0.0,0.0
806,lorenzo-milesi,11,0,0,0,0.0,59.0,0.0,0.0,0.0,0.0
807,kevin-vauquelin,10,0,0,1,51.0,34.4,0.0,0.0,0.1,5.1
808,tobias-lund-andresen,6,0,0,0,4.0,32.25,0.0,0.0,0.0,0.6666666666666666
809,dorian-de-maeght,7,0,0,0,0.0,73.66666666666667,0.0,0.0,0.0,0.0
810,ceriel-desal,10,0,0,0,8.0,67.33333333333333,0.0,0.0,0.0,0.8
811,erlend-blikra,6,0,0,0,0.0,100.66666666666667,0.0,0.0,0.0,0.0
812,aaron-gate,5,0,0,1,63.0,12.75,0.0,0.0,0.2,12.6
813,alexandre-balmer,16,0,0,1,47.0,57.916666666666664,0.0,0.0,0.0625,2.9375
814,dusan-rajovic,3,0,0,0,5.0,88.0,0.0,0.0,0.0,1.6666666666666667
815,pau-miquel-delgado,23,0,0,0,18.0,56.1,0.0,0.0,0.0,0.782608695652174
816,alex-tolio,11,0,0,0,6.0,49.166666666666664,0.0,0.0,0.0,0.5454545454545454
817,antonio-puppio,13,0,0,1,40.0,60.142857142857146,0.0,0.0,0.07692307692307693,3.076923076923077
818,rainer-kepplinger,5,0,0,0,5.0,57.0,0.0,0.0,0.0,1.0
819,mattia-petrucci,2,0,0,0,0.0,61.0,0.0,0.0,0.0,0.0
820,alessandro-fancellu,14,0,0,0,5.0,62.75,0.0,0.0,0.0,0.35714285714285715
821,unai-iribar-jauregi,17,0,0,0,11.0,51.0,0.0,0.0,0.0,0.6470588235294118
822,felix-gros,8,0,0,0,0.0,,0.0,0.0,0.0,0.0
823,niklas-larsen,8,0,0,0,5.0,49.166666666666664,0.0,0.0,0.0,0.625
824,jenno-berckmoes,15,0,0,2,84.0,45.333333333333336,0.0,0.0,0.13333333333333333,5.6
825,sandy-dujardin,26,0,1,4,154.0,43.5,0.0,0.038461538461538464,0.15384615384615385,5.923076923076923
826,william-blume-levy,7,0,0,0,5.0,90.25,0.0,0.0,0.0,0.7142857142857143
827,vito-braet,15,0,0,0,23.0,60.07692307692308,0.0,0.0,0.0,1.5333333333333334
828,cian-uijtdebroeks,11,0,0,1,41.0,34.44444444444444,0.0,0.0,0.09090909090909091,3.727272727272727
829,vinicius-rangel-costa,9,0,0,0,10.0,98.2,0.0,0.0,0.0,1.1111111111111112
830,kamiel-bonneu,16,0,0,2,50.0,55.69230769230769,0.0,0.0,0.125,3.125
831,fredrik-dversnes,13,0,0,0,33.0,54.36363636363637,0.0,0.0,0.0,2.5384615384615383
832,eugenio-sanchez,11,0,0,0,5.0,76.75,0.0,0.0,0.0,0.45454545454545453
833,anders-halland-johannessen,6,0,0,0,10.0,87.0,0.0,0.0,0.0,1.6666666666666667
834,arnaud-de-lie,16,2,3,9,590.0,19.733333333333334,0.125,0.1875,0.5625,36.875
835,frederik-rodenberg,2,0,0,0,0.0,126.0,0.0,0.0,0.0,0.0
836,louis-barre,24,0,0,2,58.0,56.333333333333336,0.0,0.0,0.08333333333333333,2.4166666666666665
837,madis-mihkels,4,0,0,2,50.0,12.0,0.0,0.0,0.5,12.5
838,lennert-van-eetvelt,9,0,2,2,99.0,21.285714285714285,0.0,0.2222222222222222,0.2222222222222222,11.0
839,bastien-tronchon,2,0,0,0,3.0,18.0,0.0,0.0,0.0,1.5
840,alec-segaert,2,0,0,0,4.0,19.0,0.0,0.0,0.0,2.0
841,romain-gregoire1,12,0,0,3,136.0,36.72727272727273,0.0,0.0,0.25,11.333333333333334
842,nils-brun,15,0,0,0,5.0,73.71428571428571,0.0,0.0,0.0,0.3333333333333333
843,embret-svestad-bardseng,2,0,0,0,0.0,39.0,0.0,0.0,0.0,0.0
844,petr-kelemeh,4,0,0,1,14.0,33.75,0.0,0.0,0.25,3.5
845,enekoitz-azparren-irurzun,4,0,0,0,0.0,54.0,0.0,0.0,0.0,0.0
846,tord-gudmestad,7,0,0,0,0.0,47.2,0.0,0.0,0.0,0.0
847,nurbergen-nurlykhassym,9,0,0,0,0.0,88.0,0.0,0.0,0.0,0.0
848,scott-mcgill,1,0,0,0,15.0,86.0,0.0,0.0,0.0,15.0
849,asier-etxeberria,10,0,0,0,0.0,70.88888888888889,0.0,0.0,0.0,0.0
850,milan-fretin,15,0,0,0,0.0,67.0,0.0,0.0,0.0,0.0
851,tuur-dens,7,0,0,0,0.0,101.25,0.0,0.0,0.0,0.0
852,xabier-isasa-larranaga,12,0,0,0,0.0,80.75,0.0,0.0,0.0,0.0
853,iuri-leitao,4,0,0,0,0.0,118.33333333333333,0.0,0.0,0.0,0.0
854,calum-johnston,8,0,0,0,0.0,67.0,0.0,0.0,0.0,0.0
855,matheo-vercher,5,0,1,1,41.0,11.5,0.0,0.2,0.2,8.2
856,axel-mariault,19,0,0,0,24.0,53.69230769230769,0.0,0.0,0.0,1.263157894736842
857,gianmarco-garofoli,4,0,0,0,1.0,50.333333333333336,0.0,0.0,0.0,0.25
858,simone-olivero,3,0,0,0,0.0,,0.0,0.0,0.0,0.0
859,jan-stockli,10,0,0,0,0.0,57.666666666666664,0.0,0.0,0.0,0.0
860,gage-hecht,9,0,0,0,0.0,111.0,0.0,0.0,0.0,0.0
861,jacob-eriksson,5,0,0,1,32.0,46.6,0.0,0.0,0.2,6.4
862,bart-lemmen,2,0,0,1,14.0,10.0,0.0,0.0,0.5,7.0
863,toon-clynhens,8,0,0,0,0.0,47.166666666666664,0.0,0.0,0.0,0.0
864,oscar-onley,4,0,0,0,5.0,45.75,0.0,0.0,0.0,1.25
865,johannes-adamietz,8,0,0,0,0.0,52.0,0.0,0.0,0.0,0.0
866,marcus-sander-hansen,3,0,0,0,0.0,69.0,0.0,0.0,0.0,0.0
867,ivan-cobo-cayon,8,0,0,0,10.0,30.0,0.0,0.0,0.0,1.25
868,adne-holter,7,0,0,0,0.0,43.75,0.0,0.0,0.0,0.0
869,elias-maris,6,0,0,0,0.0,56.166666666666664,0.0,0.0,0.0,0.0
870,max-poole,2,0,0,0,0.0,81.0,0.0,0.0,0.0,0.0
871,arno-claeys,1,0,0,0,0.0,43.0,0.0,0.0,0.0,0.0
872,mitchel-fitzsimons,1,0,0,0,0.0,,0.0,0.0,0.0,0.0
873,lenny-martinez,7,0,0,2,52.0,19.833333333333332,0.0,0.0,0.2857142857142857,7.428571428571429
874,alex-martin-gutierrez,8,0,0,0,4.0,45.333333333333336,0.0,0.0,0.0,0.5
875,chih-hao-tu,1,0,0,0,0.0,,0.0,0.0,0.0,0.0
876,welay-hagos-berhe,2,0,0,0,0.0,58.5,0.0,0.0,0.0,0.0
877,pierre-gautherat,5,0,0,1,25.0,46.75,0.0,0.0,0.2,5.0
878,mark-stewart,2,0,0,0,0.0,94.0,0.0,0.0,0.0,0.0
879,matthew-gibson,6,0,0,0,0.0,95.0,0.0,0.0,0.0,0.0
880,matyas-kopecky,5,0,0,0,0.0,96.33333333333333,0.0,0.0,0.0,0.0
881,alexander-salby,1,0,0,0,0.0,109.0,0.0,0.0,0.0,0.0
882,hamish-beadle,3,0,0,0,0.0,,0.0,0.0,0.0,0.0
883,andoni-lopez-de-abetxuko-jimenez,4,0,0,0,0.0,94.0,0.0,0.0,0.0,0.0
884,filippo-ridolfo,2,0,0,0,0.0,,0.0,0.0,0.0,0.0
885,manuele-tarozzi,1,0,0,0,0.0,44.0,0.0,0.0,0.0,0.0
886,florian-lipowitz,1,0,0,0,0.0,46.0,0.0,0.0,0.0,0.0
887,gleb-syritsa,2,0,0,0,0.0,,0.0,0.0,0.0,0.0
888,giulio-pellizzari,2,0,0,0,0.0,54.5,0.0,0.0,0.0,0.0
889,alessandro-pinarello,2,0,0,0,0.0,59.5,0.0,0.0,0.0,0.0
890,george-jackson,1,0,0,0,0.0,,0.0,0.0,0.0,0.0
891,luca-van-boven,3,0,0,0,5.0,84.0,0.0,0.0,0.0,1.6666666666666667
892,vincent-van-hemelen,8,0,0,0,0.0,44.0,0.0,0.0,0.0,0.0
893,filippo-colombo1,5,0,0,0,5.0,65.4,0.0,0.0,0.0,1.0
894,marcel-camprubi,3,0,0,0,0.0,80.0,0.0,0.0,0.0,0.0
895,davide-piganzoli,3,0,0,0,0.0,49.0,0.0,0.0,0.0,0.0
896,javier-serrano,4,0,0,0,0.0,72.0,0.0,0.0,0.0,0.0
897,alejandro-franco-gonzalez,5,0,0,0,0.0,79.0,0.0,0.0,0.0,0.0
898,mikel-retegi,5,0,0,0,0.0,82.75,0.0,0.0,0.0,0.0
899,jared-scott,1,0,0,0,0.0,79.0,0.0,0.0,0.0,0.0
900,jarne-van-de-paar,1,0,0,0,0.0,92.0,0.0,0.0,0.0,0.0
901,vince-gerits,2,0,0,0,0.0,116.0,0.0,0.0,0.0,0.0
902,alan-banaszek,5,0,0,0,0.0,129.5,0.0,0.0,0.0,0.0
903,daniel-babor,2,0,0,0,0.0,,0.0,0.0,0.0,0.0
904,xabier-berasategi-garmendia,3,0,0,0,0.0,54.0,0.0,0.0,0.0,0.0
905,liam-slock,2,0,0,0,0.0,48.5,0.0,0.0,0.0,0.0
906,joseba-lopez-cuesta,3,0,0,0,0.0,106.0,0.0,0.0,0.0,0.0
907,tomas-barta,2,0,0,0,0.0,,0.0,0.0,0.0,0.0
908,fernando-tercero-lopez,1,0,0,0,0.0,45.0,0.0,0.0,0.0,0.0
909,michael-leonard1,2,0,0,0,0.0,106.0,0.0,0.0,0.0,0.0
910,clement-alleno,1,0,0,0,0.0,,0.0,0.0,0.0,0.0
911,stian-fredheim,1,0,0,0,0.0,30.0,0.0,0.0,0.0,0.0
912,noah-vandenbranden,1,0,0,0,0.0,117.0,0.0,0.0,0.0,0.0
913,josh-burnett,1,0,0,0,0.0,,0.0,0.0,0.0,0.0
914,aaron-van-der-beken,3,0,0,0,0.0,69.0,0.0,0.0,0.0,0.0
915,german-nicolas-tivani-perez,1,0,0,0,0.0,33.0,0.0,0.0,0.0,0.0
916,gerd-de-keijzer,2,0,0,0,0.0,146.0,0.0,0.0,0.0,0.0
