,rider_code,nb_dnf_otl,pct_dnf_otl
0,laurens-de-plus,13,0.13541666666666666
1,oliver-naesen,8,0.039603960396039604
2,tim-wellens,12,0.06818181818181818
3,greg-van-avermaet,2,0.0106951871657754
4,marc-hirschi,4,0.02127659574468085
5,mike-teunissen,2,0.0136986301369863
6,ivan-garcia-cortina,15,0.0872093023255814
7,stefan-kung,1,0.005025125628140704
8,simon-clarke,12,0.05825242718446602
9,,,
10,fabio-felline,23,0.12637362637362637
11,sep-vanmarcke,13,0.10317460317460317
12,dion-smith,10,0.07518796992481203
13,zdenek-stybar,5,0.03205128205128205
14,ruben-guerreiro,8,0.046242774566473986
15,dylan-van-baarle,2,0.008620689655172414
16,martijn-tusveld,7,0.037037037037037035
17,florian-senechal,7,0.0440251572327044
18,stan-dewulf,11,0.0658682634730539
19,lukas-postlberger,15,0.09433962264150944
20,timo-roosen,8,0.06611570247933884
21,nico-denz,19,0.09644670050761421
22,kevin-geniets,11,0.08270676691729323
23,jenthe-biermans,20,0.12578616352201258
24,tim-declercq,15,0.09316770186335403
25,lawrence-warbasse,3,0.017341040462427744
26,jack-bauer,6,0.04918032786885246
27,mads-pedersen,16,0.09142857142857143
28,valentin-madouas,3,0.015384615384615385
29,robert-stannard,13,0.08176100628930817
30,amaury-capiot,13,0.12149532710280374
31,casper-pedersen,16,0.09937888198757763
32,davide-ballerini,21,0.12280701754385964
33,milan-menten,10,0.12345679012345678
34,piet-allegaert,12,0.09302325581395349
35,jasha-sutterlin,19,0.1043956043956044
36,carlos-verona,3,0.012711864406779662
37,michael-schar,10,0.049019607843137254
38,callum-scotson,14,0.09655172413793103
39,jasper-philipsen,8,0.04371584699453552
40,aime-de-gendt,10,0.07633587786259542
41,jos-van-emden,9,0.05421686746987952
42,edoardo-affini,19,0.13768115942028986
43,sam-bennett,19,0.06418918918918919
44,lukasz-wisniowski,15,0.09554140127388536
45,guillaume-van-keirsbulck,20,0.1724137931034483
46,gijs-van-hoecke,16,0.14035087719298245
47,ryan-gibbons,9,0.06040268456375839
48,kristoffer-halvorsen,22,0.2716049382716049
49,leonardo-basso,31,0.3069306930693069
50,edward-theuns,5,0.02304147465437788
51,boy-van-poppel,19,0.1292517006802721
52,wesley-kreder,13,0.09701492537313433
53,reto-hollenstein,11,0.05392156862745098
54,dmitriy-gruzdev,22,0.12716763005780346
55,oscar-riesebeek,3,0.028037383177570093
56,dries-van-gestel,7,0.07954545454545454
57,baptiste-planckaert,11,0.10679611650485436
58,ludovic-robeet,14,0.17721518987341772
59,tom-bohli,31,0.1781609195402299
60,aaron-verwilst,18,0.26865671641791045
61,edward-planckaert,10,0.09174311926605505
62,arnaud-demare,2,0.011111111111111112
63,rui-oliveira,14,0.09090909090909091
64,dorian-godon,7,0.04142011834319527
65,josef-cerny,22,0.12571428571428572
66,jakub-mareczko,16,0.15841584158415842
67,adrien-petit,24,0.1791044776119403
68,miles-scotson,11,0.06111111111111111
69,ramon-sinkeldam,8,0.050955414012738856
70,juan-sebastian-molano,22,0.11956521739130435
71,alex-kirsch,15,0.0967741935483871
72,matteo-moschetti,21,0.1510791366906475
73,alvaro-jose-hodeg,14,0.15384615384615385
74,bob-jungels,6,0.03208556149732621
75,soren-kragh-andersen,17,0.11805555555555555
76,yevgeniy-gidich,29,0.29
77,manuele-boaro,34,0.19318181818181818
78,filippo-ganna,6,0.04195804195804196
79,lionel-taminiaux,10,0.11363636363636363
80,tom-devriendt,31,0.3229166666666667
81,hector-carretero,20,0.12578616352201258
82,lluis-guillermo-mas,17,0.12686567164179105
83,remy-mertz,18,0.18
84,frederik-frison,20,0.13986013986013987
85,senne-leysen,16,0.11267605633802817
86,julius-van-den-berg,15,0.08620689655172414
87,matej-mohoric,7,0.03783783783783784
88,victor-campenaerts,6,0.039473684210526314
89,luke-durbridge,16,0.08376963350785341
90,jasper-stuyven,3,0.016129032258064516
91,tiesj-benoot,6,0.03636363636363636
92,nikias-arndt,14,0.06542056074766354
93,kasper-asgreen,6,0.03550295857988166
94,gianni-vermeersch,5,0.04310344827586207
95,mads-wurtz-schmidt,21,0.168
96,andrey-amador,5,0.026041666666666668
97,tom-van-asbroeck,5,0.04065040650406504
98,alfred-wright,5,0.034013605442176874
99,christophe-laporte,12,0.0736196319018405
100,danny-van-poppel,24,0.12972972972972974
101,kenneth-van-rooy,9,0.12857142857142856
102,ben-swift,8,0.05673758865248227
103,guillaume-boivin,21,0.12138728323699421
104,gianni-moscon,17,0.11038961038961038
105,michael-morkov,4,0.019801980198019802
106,brandon-mcnulty,10,0.0546448087431694
107,tosh-van-der-sande,13,0.07262569832402235
108,hugo-houle,14,0.0673076923076923
109,michael-gogl,17,0.10493827160493827
110,peter-sagan,6,0.02843601895734597
111,jake-stewart,6,0.08955223880597014
112,mathias-norsgaard,7,0.07954545454545454
113,jonas-rickaert,5,0.056818181818181816
114,alexis-renard,12,0.15789473684210525
115,olav-kooij,1,0.017543859649122806
116,attila-valter,3,0.02586206896551724
117,andrea-pasqualon,13,0.06735751295336788
118,samuele-battistella,17,0.1504424778761062
119,andreas-kron,16,0.09876543209876543
120,stefan-bissegger,7,0.05555555555555555
121,tim-merlier,2,0.017857142857142856
122,stanislaw-aniolkowski,12,0.16
123,heinrich-haussler,11,0.0859375
124,finn-fisher-black,9,0.1836734693877551
125,arjen-livyns,17,0.20238095238095238
126,laurenz-rex,14,0.22950819672131148
127,barnabas-peak,16,0.17391304347826086
128,dries-de-bondt,6,0.047619047619047616
129,fabian-lienhard,9,0.08108108108108109
130,arne-marit,9,0.16666666666666666
131,attilio-viviani,6,0.06976744186046512
132,guy-sagiv,26,0.3170731707317073
133,jasper-de-buyst,13,0.08552631578947369
134,charlie-quarterman,5,0.14705882352941177
135,phil-bauhaus,11,0.0728476821192053
136,vegard-stake-laengen,16,0.0851063829787234
137,szymon-sajnok,14,0.12612612612612611
138,elia-viviani,6,0.028985507246376812
139,benjamin-thomas-2,5,0.04132231404958678
140,alexander-konychev,16,0.19753086419753085
141,mikkel-bjerg,9,0.05660377358490566
142,ryan-mullen,22,0.15827338129496402
143,toms-skujins,6,0.02857142857142857
144,dries-devenyns,21,0.0963302752293578
145,dylan-groenewegen,5,0.038461538461538464
146,cees-bol,10,0.05714285714285714
147,matteo-sobrero,14,0.10144927536231885
148,maciej-bodnar,30,0.16393442622950818
149,daniel-oss,19,0.09693877551020408
150,geraint-thomas,8,0.05063291139240506
151,thomas-de-gendt,19,0.06070287539936102
152,caleb-ewan,12,0.06741573033707865
153,jonathan-milan,12,0.2553191489361702
154,max-walscheid,3,0.014018691588785047
155,jakob-fuglsang,7,0.036458333333333336
156,emanuel-buchmann,9,0.05027932960893855
157,wout-poels,4,0.017391304347826087
158,thibaut-pinot,3,0.02040816326530612
159,dylan-teuns,8,0.041025641025641026
160,aleksey-lutsenko,8,0.04040404040404041
161,david-martin-romero,12,0.07100591715976332
162,romain-bardet,19,0.08225108225108226
163,warren-barguil,4,0.023809523809523808
164,xandro-meurisse,6,0.038461538461538464
165,sebastien-reichenbach,5,0.029239766081871343
166,hermann-pernsteiner,1,0.006289308176100629
167,guillaume-martin,0,0.0
168,gorka-izagirre,2,0.00851063829787234
169,magnus-cort-nielsen,10,0.04975124378109453
170,nicolas-edet,17,0.06367041198501873
171,rudy-molard,2,0.010362694300518135
172,simone-petilli,9,0.05454545454545454
173,mikael-cherel,7,0.04375
174,neilson-powless,5,0.024630541871921183
175,joey-rosskopf,3,0.025210084033613446
176,sepp-kuss,1,0.0041841004184100415
177,jack-haig,4,0.02962962962962963
178,michal-kwiatkowski,11,0.06547619047619048
179,damien-howson,12,0.07142857142857142
180,carl-fredrik-hagen,2,0.017241379310344827
181,nils-politt,5,0.026041666666666668
182,julian-alaphilippe,8,0.047058823529411764
183,alessandro-de-marchi,7,0.03932584269662921
184,ruben-fernandez,10,0.06369426751592357
185,david-gaudu,9,0.045
186,edvald-boasson-hagen,8,0.04145077720207254
187,eduardo-sepulveda,12,0.08823529411764706
188,julien-bernard,10,0.05235602094240838
189,wout-van-aert,8,0.05194805194805195
190,maxime-bouet,6,0.06060606060606061
191,matthieu-ladagnous,22,0.14473684210526316
192,felix-grossschartner,5,0.024390243902439025
193,lennard-hofstede,12,0.0821917808219178
194,jonas-koch,21,0.125
195,nick-schultz,14,0.07368421052631578
196,niklas-eg,5,0.03759398496240601
197,florian-stork,7,0.11864406779661017
198,jan-tratnik,10,0.05319148936170213
199,mark-padun,13,0.08280254777070063
200,quentin-pacher,6,0.037267080745341616
201,anthony-delaplace,8,0.05673758865248227
202,daryl-impey,7,0.042682926829268296
203,jens-keukeleire,13,0.07303370786516854
204,remi-cavagna,7,0.03111111111111111
205,stefan-de-bod,8,0.05517241379310345
206,benoit-cosnefroy,2,0.010582010582010581
207,kevin-ledanois,15,0.11811023622047244
208,cesare-benedetti,9,0.04072398190045249
209,imanol-erviti,9,0.039473684210526314
210,pascal-eenkhoorn,4,0.0380952380952381
211,clement-venturini,6,0.039473684210526314
212,adam-yates,7,0.03825136612021858
213,steven-kruijswijk,6,0.03571428571428571
214,gregor-muhlberger,13,0.07692307692307693
215,fabien-doubey,25,0.18382352941176472
216,alberto-bettiol,15,0.08571428571428572
217,michael-woods,7,0.038461538461538464
218,wilco-kelderman,6,0.029850746268656716
219,ion-izagirre,8,0.03418803418803419
220,ben-o-connor,3,0.01507537688442211
221,tao-geoghegan-hart,8,0.04519774011299435
222,enric-mas,2,0.008695652173913044
223,patrick-konrad,9,0.04522613065326633
224,aurelien-paret-peintre,4,0.024096385542168676
225,louis-meintjes,6,0.026785714285714284
226,ben-hermans,7,0.08860759493670886
227,mattias-skjelmose-jensen,1,0.014492753623188406
228,felix-gall,11,0.14285714285714285
229,joe-dombrowski,4,0.026143790849673203
230,kenny-elissonde,4,0.023121387283236993
231,jaakko-hanninen,6,0.048
232,carlos-rodriguez-cano,3,0.05
233,sylvain-moniquet,8,0.06779661016949153
234,tsgabu-gebremaryam-grmay,14,0.08383233532934131
235,bruno-armirail,17,0.09497206703910614
236,robert-gesink,3,0.016853932584269662
237,ilan-van-wilder,11,0.13414634146341464
238,christopher-froome,5,0.036231884057971016
239,simon-geschke,12,0.05454545454545454
240,oscar-rodriguez,5,0.03571428571428571
241,jonas-vingegaard-rasmussen,5,0.03571428571428571
242,santiago-buitrago-sanchez,6,0.06666666666666667
243,chad-haga,12,0.08163265306122448
244,anthony-perez,3,0.018072289156626505
245,michel-ries,9,0.1111111111111111
246,steff-cras,14,0.08917197452229299
247,lukasz-owsian,10,0.05128205128205128
248,lawson-craddock,11,0.060109289617486336
249,jose-joaquin-rojas,7,0.033816425120772944
250,jorge-arcas,13,0.08024691358024691
251,kevin-vermaerke,9,0.15254237288135594
252,alex-aranburu,6,0.038461538461538464
253,omer-goldstein,20,0.13333333333333333
254,marco-brenner,14,0.175
255,brent-van-moer,11,0.07482993197278912
256,franck-bonnamour,9,0.07563025210084033
257,laurent-pichon,8,0.0784313725490196
258,sebastian-schonberger,8,0.09090909090909091
259,olivier-le-gac,5,0.027777777777777776
260,sven-erik-bystrom,9,0.060810810810810814
261,william-barta,11,0.08208955223880597
262,yuriy-natarov,13,0.14285714285714285
263,pierre-luc-perichon,14,0.07142857142857142
264,andres-camilo-ardila,8,0.16666666666666666
265,sebastien-grignard,21,0.23863636363636365
266,marco-haller,17,0.0776255707762557
267,alexander-kristoff,4,0.021621621621621623
268,shane-archbold,8,0.07339449541284404
269,frederik-wandahl,7,0.11666666666666667
270,clement-russo,12,0.08450704225352113
271,fabio-jakobsen,14,0.1076923076923077
272,michael-schwarzmann,23,0.1270718232044199
273,patrick-gamper,14,0.109375
274,harry-sweeny,11,0.0990990990990991
275,primoz-roglic,1,0.004672897196261682
276,damiano-caruso,3,0.015228426395939087
277,johan-esteban-chaves,0,0.0
278,tobias-halland-johannessen,2,0.06896551724137931
279,matteo-jorgenson,7,0.06796116504854369
280,ethan-hayter,4,0.05714285714285714
281,andrea-bagioli,8,0.07339449541284404
282,jan-hirt,6,0.02727272727272727
283,george-bennett,8,0.03773584905660377
284,luis-leon-sanchez,6,0.023076923076923078
285,andrey-zeits,5,0.04
286,kobe-goossens,13,0.10483870967741936
287,simon-guglielmi,5,0.038461538461538464
288,edward-irl-dunbar,8,0.10810810810810811
289,mattia-cattaneo,10,0.06451612903225806
290,alexis-vuillermoz,9,0.06474820143884892
291,geoffrey-bouchard,1,0.005555555555555556
292,mark-donovan,4,0.03773584905660377
293,michael-storer,4,0.0196078431372549
294,maxim-van-gils,11,0.11224489795918367
295,jonas-gregaard,3,0.02654867256637168
296,hugo-toumire,4,0.09523809523809523
297,mikkel-honore,7,0.03723404255319149
298,matteo-fabbro,9,0.05389221556886228
299,anders-skaarseth,11,0.14666666666666667
300,simone-velasco,1,0.008547008547008548
301,matis-louvel,9,0.08181818181818182
302,tony-gallopin,14,0.07909604519774012
303,antonio-tiberi,9,0.09278350515463918
304,hugo-page,6,0.1
305,javier-romo,9,0.18
306,filippo-conca,15,0.16129032258064516
307,romain-combaud,5,0.04854368932038835
308,victor-lafay,19,0.1623931623931624
309,sean-quinn,5,0.10204081632653061
310,alexandr-riabushenko,32,0.2206896551724138
311,james-shaw,0,0.0
312,laurens-huys,16,0.20253164556962025
313,owain-doull,14,0.08695652173913043
314,thibault-guernalec,11,0.15714285714285714
315,fabien-grellier,15,0.11811023622047244
316,francois-bidard,11,0.08270676691729323
317,eddy-fine,10,0.12345679012345678
318,antwan-tolhoek,10,0.06896551724137931
319,chris-harper,3,0.03614457831325301
320,anthon-charmig,1,0.05263157894736842
321,ivo-emanuel-alves,28,0.21705426356589147
322,thomas-champion,17,0.16037735849056603
323,amund-grondahl-jansen,8,0.055944055944055944
324,kevin-colleoni,7,0.11864406779661017
325,valentin-ferron,6,0.06976744186046512
326,idar-andersen,4,0.12121212121212122
327,kamil-gradek,10,0.08928571428571429
328,julius-johansen,3,0.03488372093023256
329,alexander-edmondson,13,0.11206896551724138
330,jannik-steimle,6,0.07792207792207792
331,richard-carapaz,6,0.02912621359223301
332,mikel-landa,11,0.06470588235294118
333,bauke-mollema,7,0.03398058252427184
334,rafal-majka,5,0.025380710659898477
335,simon-yates,2,0.016
336,pavel-sivakov,3,0.0189873417721519
337,hugh-carthy,10,0.04716981132075472
338,jan-polanc,16,0.0855614973262032
339,davide-formolo,6,0.02857142857142857
340,giulio-ciccone,4,0.020100502512562814
341,fausto-masnada,2,0.016
342,victor-de-la-parte,10,0.06944444444444445
343,lucas-hamilton,6,0.03278688524590164
344,pello-bilbao,2,0.008968609865470852
345,chris-hamilton,7,0.035
346,jai-hindley,4,0.02185792349726776
347,pieter-serry,18,0.10526315789473684
348,koen-bouwman,5,0.03205128205128205
349,diego-ulissi,5,0.023809523809523808
350,ivan-ramiro-sosa,10,0.08771929824561403
351,amanuel-ghebreigzabhier,15,0.10344827586206896
352,antonio-pedrero,9,0.05806451612903226
353,dario-cataldo,16,0.06837606837606838
354,gianluca-brambilla,11,0.05913978494623656
355,andrea-vendrame,5,0.029411764705882353
356,giovanni-carboni,9,0.10227272727272728
357,nans-peters,7,0.03333333333333333
358,nicola-conci,9,0.07317073170731707
359,christopher-juul-jensen,9,0.04128440366972477
360,antonio-nibali,22,0.1527777777777778
361,kristian-sbaragli,5,0.03289473684210526
362,jhonatan-narvaez,12,0.07741935483870968
363,tobias-ludvigsson,14,0.0915032679738562
364,luca-covili,8,0.08421052631578947
365,lorenzo-rota,13,0.0718232044198895
366,salvatore-puccio,10,0.055248618784530384
367,andrea-garosio,7,0.08333333333333333
368,krists-neilands,9,0.06206896551724138
369,mirco-maestri,10,0.11627906976744186
370,jonathan-klever-caicedo,10,0.058823529411764705
371,pascal-ackermann,20,0.125
372,rudiger-selig,17,0.14049586776859505
373,davide-cimolai,11,0.06432748538011696
374,simone-consonni,10,0.053763440860215055
375,jacopo-guarnieri,18,0.11538461538461539
376,juan-jose-lobato,12,0.15584415584415584
377,egan-bernal,3,0.025
378,aleksandr-vlasov,6,0.0392156862745098
379,daniel-felipe-martinez,3,0.01875
380,joao-almeida,4,0.02531645569620253
381,tobias-foss,3,0.0375
382,lorenzo-fortunato,2,0.023529411764705882
383,louis-vervaeke,10,0.07936507936507936
384,jonathan-castroviejo,9,0.04591836734693878
385,nelson-oliveira,5,0.021834061135371178
386,matteo-badilatti,3,0.022727272727272728
387,harold-tejada,4,0.03278688524590164
388,alessandro-covi,20,0.13793103448275862
389,einer-augusto-rubio-reyes,4,0.042105263157894736
390,vadim-pronskiy,6,0.05555555555555555
391,quinten-hermans,7,0.09333333333333334
392,patrick-bevin,13,0.09219858156028368
393,rein-taaramae,6,0.03488372093023256
394,jacopo-mosca,8,0.05405405405405406
395,james-knox,10,0.05102040816326531
396,lars-van-den-berg,4,0.08333333333333333
397,jimmy-janssens,10,0.10869565217391304
398,simon-carr,6,0.06593406593406594
399,andrii-ponomar,4,0.06666666666666667
400,simon-pellaud,6,0.04838709677419355
401,simone-raccani,9,0.08333333333333333
402,filippo-zana,8,0.08602150537634409
403,vincenzo-albanese,7,0.07608695652173914
404,yukiya-arashiro,6,0.0425531914893617
405,stefano-oldani,11,0.08088235294117647
406,giovanni-aleotti,5,0.046296296296296294
407,harm-vanhoucke,9,0.04568527918781726
408,valerio-conti,21,0.1337579617834395
409,natnael-tesfatsion,12,0.13043478260869565
410,mauro-schmid,4,0.04395604395604396
411,samuele-zoccarato,14,0.18421052631578946
412,davide-gabburo,12,0.10810810810810811
413,taco-van-der-hoorn,13,0.08125
414,filippo-fiorelli,19,0.16379310344827586
415,fernando-gaviria,15,0.08196721311475409
416,max-kanter,10,0.07936507936507936
417,lawrence-naesen,20,0.16260162601626016
418,michael-hepburn,10,0.05747126436781609
419,filippo-magli2,9,0.1232876712328767
420,samuele-rivi,8,0.1
421,albert-torres,2,0.015503875968992248
422,alexander-krieger,3,0.030303030303030304
423,juan-pedro-lopez,8,0.06611570247933884
424,thymen-arensman,4,0.027586206896551724
425,lennard-kamna,10,0.07142857142857142
426,sam-oomen,1,0.006369426751592357
427,gijs-leemreize,2,0.03571428571428571
428,mauri-vansevenant,2,0.01904761904761905
429,domen-novak,24,0.19672131147540983
430,ben-tulett,3,0.041666666666666664
431,rui-costa,11,0.06043956043956044
432,ben-zwiehoff,5,0.052083333333333336
433,alessandro-tonelli,9,0.09574468085106383
434,mathieu-van-der-poel,5,0.05102040816326531
435,merhawi-kudus,2,0.014388489208633094
436,nicolas-prodhomme,3,0.02830188679245283
437,edoardo-zambanini,11,0.07746478873239436
438,diego-andres-camargo,6,0.06521739130434782
439,mattia-bais,6,0.056074766355140186
440,erik-fetter,7,0.1590909090909091
441,lilian-calmejane,7,0.04929577464788732
442,oier-lazkano,15,0.16129032258064516
443,tobias-bayer,10,0.13333333333333333
444,luca-rastelli,6,0.14285714285714285
445,ignatas-konovalovas,16,0.11764705882352941
446,otto-vergaerde,21,0.1926605504587156
447,alberto-dainese,11,0.09482758620689655
448,davide-bais,8,0.11940298507462686
449,rick-zabel,13,0.07975460122699386
450,clement-davy,10,0.12048192771084337
451,mark-cavendish,9,0.075
452,bert-van-lerberghe,8,0.06153846153846154
453,tadej-pogacar,5,0.028735632183908046
454,maximilian-schachmann,5,0.029411764705882353
455,mikel-bizkarra,5,0.040983606557377046
456,jonathan-lastra,3,0.027522935779816515
457,david-de-la-cruz,8,0.0425531914893617
458,omar-fraile,6,0.030303030303030304
459,daniel-navarro,9,0.05844155844155844
460,luis-angel-mate,9,0.060810810810810814
461,julen-amezqueta,6,0.06896551724137931
462,jesus-herrada-lopez,4,0.020833333333333332
463,mikel-iturria,4,0.03361344537815126
464,sergio-samitier,8,0.06896551724137931
465,jhojan-garcia,4,0.09090909090909091
466,david-gonzalez-lopez,3,0.11538461538461539
467,cristian-rodriguez,13,0.11711711711711711
468,gino-mader,12,0.06857142857142857
469,pierre-latour,10,0.05917159763313609
470,sergio-higuita,6,0.03508771929824561
471,odd-christian-eiking,13,0.1
472,jesus-ezquerra-muela,8,0.08163265306122448
473,jon-agirre,8,0.2222222222222222
474,jose-felix-parra,7,0.125
475,gotzon-martin,2,0.02127659574468085
476,angel-madrazo,8,0.07547169811320754
477,txomin-juaristi,9,0.2647058823529412
478,mathieu-burgaudeau,12,0.09836065573770492
479,roger-adria,4,0.06153846153846154
480,fernando-barcelo,6,0.048
481,jon-barrenetxea-golzarri,6,0.17647058823529413
482,ander-okamika,5,0.05747126436781609
483,raul-garcia-pierna,4,0.06666666666666667
484,jon-aberasturi,10,0.08695652173913043
485,julien-simon,6,0.03870967741935484
486,alexander-kamp,23,0.25555555555555554
487,andreas-leknessund,3,0.030612244897959183
488,ide-schelling,15,0.13157894736842105
489,unai-cuadrado,13,0.3333333333333333
490,urko-berrade-fernandez,9,0.11538461538461539
491,carlos-canal,3,0.04054054054054054
492,remco-evenepoel,3,0.02702702702702703
493,marc-soler,7,0.030973451327433628
494,rigoberto-uran,4,0.023255813953488372
495,igor-arrieta-lizarraga,4,0.16666666666666666
496,ibon-ruiz,10,0.30303030303030304
497,jeremy-cabot,17,0.2698412698412698
498,pelayo-sanchez-mayo,16,0.2962962962962963
499,jetse-bol,8,0.064
500,alan-jousseaume,9,0.21951219512195122
501,leon-heinschke,19,0.4222222222222222
502,tim-naberman,11,0.2558139534883721
503,elie-gesbert,13,0.104
504,matteo-trentin,11,0.062146892655367235
505,anthony-turgis,12,0.0670391061452514
506,john-degenkolb,2,0.011764705882352941
507,bryan-coquard,9,0.060810810810810814
508,luke-rowe,19,0.10160427807486631
509,niccolo-bonifazio,17,0.14912280701754385
510,thomas-scully,15,0.10135135135135136
511,alessandro-fedeli,13,0.3333333333333333
512,geoffrey-soupe,25,0.24271844660194175
513,luka-mezgec,10,0.06756756756756757
514,daniel-mclay,21,0.16279069767441862
515,michael-matthews,8,0.041025641025641026
516,damien-touze,11,0.08943089430894309
517,rohan-dennis,3,0.02040816326530612
518,yves-lampaert,1,0.008547008547008548
519,connor-swift,3,0.0234375
520,cyril-barthe,2,0.014814814814814815
521,nacer-bouhanni,8,0.1095890410958904
522,nils-eekhoff,15,0.1744186046511628
523,florian-vermeersch,12,0.0975609756097561
524,jelle-wallays,10,0.08403361344537816
525,jonas-rutsch,6,0.05504587155963303
526,jordi-meeus,9,0.08108108108108109
527,johan-jacobs,13,0.11926605504587157
528,giacomo-nizzolo,15,0.09933774834437085
529,georg-zimmermann,11,0.08148148148148149
530,silvan-dillier,9,0.06040268456375839
531,victor-koretzky,2,0.09090909090909091
532,campbell-stewart,11,0.23404255319148937
533,nathan-van-hooydonck,7,0.05185185185185185
534,loic-vliegen,24,0.19047619047619047
535,luca-mozzato,9,0.0891089108910891
536,eduard-prades,14,0.17073170731707318
537,gonzalo-serrano,8,0.06956521739130435
538,quinn-simmons,10,0.10869565217391304
539,hugo-hofstetter,9,0.061224489795918366
540,emils-liepins,9,0.08411214953271028
541,lorrenzo-manzin,23,0.22330097087378642
542,matteo-malucelli,4,0.13333333333333333
543,davide-martinelli,19,0.1919191919191919
544,jefferson-alexander-cepeda,8,0.09195402298850575
545,alan-riou,22,0.2619047619047619
546,giovanni-lonardi,8,0.12698412698412698
547,kaden-groves,8,0.07920792079207921
548,paul-ourselin,14,0.11764705882352941
549,thomas-pidcock,2,0.02631578947368421
550,jose-herrada,4,0.027777777777777776
551,marc-sarreau,11,0.12359550561797752
552,peter-kusztor,7,0.175
553,david-lozano,3,0.08108108108108109
554,sam-brand,9,0.20930232558139536
555,andrea-peron,14,0.25925925925925924
556,charles-planet,5,0.16129032258064516
557,clement-berthet,2,0.03508771929824561
558,biniam-girmay,11,0.13580246913580246
559,david-dekker,8,0.14545454545454545
560,niklas-markl,14,0.2153846153846154
561,filip-maciejuk,3,0.06
562,yevgeniy-fedorov,10,0.12195121951219512
563,sebastian-berwick,8,0.10810810810810811
564,abner-gonzalez-rivera,5,0.15151515151515152
565,alexandre-delettre,6,0.0967741935483871
566,sergio-martin,7,0.1590909090909091
567,juri-hollmann,8,0.14814814814814814
568,stephen-williams,10,0.12658227848101267
569,antoine-raugel,8,0.13333333333333333
570,michal-schlegel,3,0.10344827586206896
571,michel-hessmann,1,0.03225806451612903
572,mick-van-dijke,4,0.09302325581395349
573,christian-scaroni,4,0.10526315789473684
574,jarrad-drizners,1,0.021739130434782608
575,daan-hoole,15,0.2631578947368421
576,jonas-iversby-hvideberg,5,0.09090909090909091
577,marijn-van-den-berg,1,0.02127659574468085
578,magnus-sheffield,4,0.08695652173913043
579,taj-jones,14,0.25
580,bram-welten,8,0.1038961038961039
581,kamil-malecki,14,0.18421052631578946
582,kelland-brien,10,0.21739130434782608
583,gerben-thijssen,11,0.125
584,sam-welsford,1,0.04
585,iuri-leitao,2,0.2
586,umberto-poli,13,0.5416666666666666
587,roland-thalmann,2,0.04081632653061224
588,clement-champoussin,5,0.03816793893129771
589,joel-suter,14,0.2413793103448276
590,juan-ayuso-pesquera,5,0.09090909090909091
591,luke-plapp,4,0.07142857142857142
592,ben-healy,4,0.12121212121212122
593,pau-miquel-delgado,4,0.12121212121212122
594,anton-palzer,4,0.058823529411764705
595,yannis-voisard,5,0.12195121951219512
596,filippo-colombo1,1,0.125
597,carlos-garcia-pierna,4,0.13333333333333333
598,valentin-paret-peintre,9,0.2647058823529412
599,georg-steinhauser,3,0.13636363636363635
600,nils-brun,1,0.058823529411764705
601,johan-price-pejtersen,5,0.1388888888888889
602,colin-joyce,9,0.16363636363636364
603,nickolas-zukowsky,7,0.1320754716981132
604,floris-de-tier,13,0.12871287128712872
605,matthew-walls,15,0.36585365853658536
606,kristian-aasvold,2,0.09523809523809523
607,markus-hoelgaard,4,0.10810810810810811
608,robin-froidevaux,3,0.15789473684210525
609,lewis-askey,4,0.08
610,jay-vine,5,0.078125
611,marius-mayrhofer,11,0.44
612,reuben-thompson,1,0.06666666666666667
613,milan-vader,1,0.08333333333333333
614,alex-baudin,0,0.0
615,corbin-strong,8,0.2222222222222222
616,paul-penhoet,5,0.17857142857142858
617,derek-gee,3,0.125
618,ivan-romeo,5,0.38461538461538464
619,asbjorn-hellemose,1,0.041666666666666664
620,leo-hayter,4,0.23529411764705882
621,paul-lapeira,8,0.16666666666666666
622,matthew-dinham,1,0.09090909090909091
623,michael-vink,7,0.5
624,tim-van-dijke,1,0.0625
625,marc-brustenga-masague,9,0.23684210526315788
626,stan-van-tricht,3,0.0625
627,kim-heiduk,10,0.3125
628,alessandro-verre,7,0.2692307692307692
629,sjoerd-bax,3,0.1
630,samuel-gaze,2,0.16666666666666666
631,ewen-costiou,1,0.08333333333333333
632,luis-joe-luhrs,6,0.2727272727272727
633,andre-carvalho,13,0.2
634,mathis-le-berre,1,0.058823529411764705
635,laurence-pithie,4,0.2
636,lorenzo-germani,3,0.21428571428571427
637,harrison-wood,1,0.07692307692307693
638,cameron-scott,2,0.18181818181818182
639,martin-svrcek,8,0.5
640,martin-laas,26,0.26262626262626265
641,jensen-plowright,5,0.2631578947368421
642,joonas-henttala,14,0.5
643,corey-davis,8,0.4
644,itamar-einhorn,15,0.21428571428571427
645,benjamin-perry,10,0.29411764705882354
646,etienne-van-empel,6,0.16216216216216217
647,aaron-van-poucke,19,0.2602739726027397
648,lindsay-de-vylder,17,0.3469387755102041
649,christophe-noppe,21,0.23595505617977527
650,victor-langellotti,19,0.4418604651162791
651,matthew-gibson,10,0.45454545454545453
652,pier-andre-cote,11,0.23404255319148937
653,robbe-ghys,13,0.28888888888888886
654,simone-bevilacqua,13,0.3170731707317073
655,declan-irvine,6,0.46153846153846156
656,brandon-smith-rivera-vargas,8,0.24242424242424243
657,inigo-elosegui,10,0.2564102564102564
658,lasse-norman-leth,14,0.2916666666666667
659,mathias-vacek,6,0.24
660,ethan-vernon,3,0.08333333333333333
661,matthew-riccitello,3,0.21428571428571427
662,jason-osborne,2,0.14285714285714285
663,thomas-gloag,1,0.09090909090909091
664,joshua-tarling,0,0.0
665,arthur-kluckers,5,0.3125
666,jan-maas,0,0.0
667,mika-heming,5,0.3333333333333333
668,tom-paquot,23,0.323943661971831
669,rick-pluimers,1,0.047619047619047616
670,elmar-reinders,16,0.3404255319148936
671,fran-miholjevic,2,0.16666666666666666
672,maurice-ballerstedt,7,0.22580645161290322
673,matevz-govekar,3,0.2
674,fabio-van-den-bossche,3,0.07142857142857142
675,riccardo-lucca,5,0.15625
676,luca-colnaghi,9,0.3
677,blake-quick,2,0.14285714285714285
678,maikel-zijlaard,8,0.3076923076923077
679,enrico-zanoncello,7,0.3684210526315789
680,arvid-de-kleijn,12,0.35294117647058826
681,sebastian-kolze-changizi,3,0.2
682,cameron-wurf,16,0.3333333333333333
683,antonio-soto,2,0.03508771929824561
684,joan-bou,10,0.1282051282051282
685,torstein-traeen,2,0.08333333333333333
686,henri-vandenabeele,7,0.25925925925925924
687,francisco-galvan,9,0.14754098360655737
688,joel-nicolau,7,0.21875
689,jacob-hindsgaul-madsen,9,0.42857142857142855
690,manuel-penalver,7,0.21875
691,rasmus-tiller,13,0.15294117647058825
692,xabier-mikel-azparren-irurzun,8,0.11764705882352941
693,jose-manuel-diaz-gallego,1,0.02702702702702703
694,ben-turner,1,0.025
695,vojtech-repa,0,0.0
696,ibai-azurmendi-sagastibel,5,0.1388888888888889
697,cedric-beullens,13,0.15294117647058825
698,mathijs-paasschens,15,0.234375
699,sasha-weemaes,19,0.41304347826086957
700,august-jensen,12,0.2222222222222222
701,dimitri-peyskens,23,0.3770491803278688
702,adam-de-vos,15,0.40540540540540543
703,alexis-guerin,4,0.16666666666666666
704,charlesetienne-chretien,4,0.3076923076923077
705,antonio-puppio,11,0.4074074074074074
706,chih-hao-tu,1,0.5
707,james-fouche,7,0.3684210526315789
708,gleb-brussenskiy,5,0.38461538461538464
709,luc-wirtgen,8,0.17777777777777778
710,jens-reynders,9,0.17647058823529413
711,tomas-barta,2,0.5
712,henok-mulubrhan,7,0.3888888888888889
713,paul-wright,11,0.6875
714,martin-urianstad,9,0.1956521739130435
715,veljko-stojnic,7,0.5
716,petr-kelemeh,1,0.1
717,jacob-eriksson,2,0.2
718,ethan-batt,2,0.25
719,karl-patrick-lauk,11,0.39285714285714285
720,lucas-eriksson,4,0.12121212121212122
721,antonio-barac,1,1.0
722,rory-townsend,4,0.21052631578947367
723,jefferson-cepeda-hernandez,2,1.0
724,marco-tizza,10,0.20833333333333334
725,giulio-masotto,13,0.9285714285714286
726,filippo-baroncini,11,0.4782608695652174
727,samuele-zambelli,6,0.42857142857142855
728,matteo-amella,9,0.8181818181818182
729,alessandro-iacchi,15,0.6818181818181818
730,davide-baldaccini,13,0.8666666666666667
731,nicolo-parisini,10,0.5882352941176471
732,lennert-teugels,3,0.06976744186046512
733,stephen-clancy,7,1.0
734,nicolas-dalla-valle,8,0.6666666666666666
735,louis-bendixen,1,0.16666666666666666
736,soren-waerenskjold,11,0.3548387096774194
737,erlend-blikra,5,0.2
738,paul-double,10,0.5882352941176471
739,matthew-bostock,1,0.09090909090909091
740,jason-tesson,15,0.45454545454545453
741,sandy-dujardin,7,0.16666666666666666
742,aaron-van-der-beken,2,0.5
743,ivan-cobo-cayon,5,0.5
744,alexandre-balmer,7,0.2692307692307692
745,rudy-porter,1,0.5
746,gilles-de-wilde,16,0.32
747,julian-mertens,11,0.2391304347826087
748,donavan-grondin,18,0.3103448275862069
749,paniego-fuentes,4,0.17391304347826086
750,diego-pablo-sevilla,7,0.28
751,peio-goikoetxea,9,0.42857142857142855
752,marti-marquez,3,0.13636363636363635
753,andrea-piccolo,6,0.2222222222222222
754,alessio-martinelli,5,0.38461538461538464
755,stephen-bassett,22,0.4782608695652174
756,jonas-abrahamsen,12,0.2553191489361702
757,erik-nordsaeter-resell,6,0.11764705882352941
758,martin-marcellusi,4,0.36363636363636365
759,ryan-christensen,3,0.15789473684210525
760,sander-de-pestel,16,0.2962962962962963
761,marco-frigo,1,0.09090909090909091
762,dusan-rajovic,9,0.5
763,antonio-angulo,5,0.1724137931034483
764,mulu-kinfe-hailemichael,5,0.29411764705882354
765,marco-murgano,5,0.45454545454545453
766,orluis-aular,8,0.25
767,josu-etxeberria-azpilikueta,12,0.5454545454545454
768,alex-colman,14,0.30434782608695654
769,karel-vacek,11,0.6470588235294118
770,ruben-apers,19,0.3333333333333333
771,frederik-rodenberg,5,0.45454545454545453
772,niklas-larsen,8,0.5
773,ward-vanhoof,11,0.1864406779661017
774,rune-herregodts,9,0.20454545454545456
775,jokin-murguialday-elorza,4,0.14814814814814814
776,jordi-lopez-caravaca,10,0.3333333333333333
777,mario-aparicio-munoz,7,0.4117647058823529
778,logan-currie,5,0.3333333333333333
779,jenno-berckmoes,4,0.18181818181818182
780,marcus-sander-hansen,3,0.6
781,kevin-vauquelin,0,0.0
782,igor-chzhan,0,0.0
783,negasi-abreha,3,0.375
784,thibau-nys,2,0.25
785,vinicius-rangel-costa,4,0.2857142857142857
786,pavel-bittner,4,0.17391304347826086
787,samuel-watson,1,0.06666666666666667
788,fabio-christen,2,0.13333333333333333
789,nurbergen-nurlykhassym,4,0.36363636363636365
790,casper-van-uden,4,0.13793103448275862
791,anders-halland-johannessen,3,0.42857142857142855
792,tord-gudmestad,5,0.23809523809523808
793,william-blume-levy,5,0.25
794,jesus-david-pena-jimenez,4,0.4
795,daniel-babor,2,0.4
796,lennert-van-eetvelt,2,0.18181818181818182
797,arnaud-de-lie,4,0.09090909090909091
798,eric-antonio-fagundez,1,1.0
799,danny-van-der-tuuk,4,0.2
800,wessel-krul,8,0.42105263157894735
801,dries-de-pooter,3,0.14285714285714285
802,jacob-scott,0,0.0
803,gianmarco-garofoli,1,0.16666666666666666
804,enzo-paleni,3,0.3
805,jules-hesters,10,0.4166666666666667
806,tobias-lund-andresen,2,0.125
807,oscar-onley,2,0.2857142857142857
808,stefano-gandin,4,0.5714285714285714
809,lorenzo-milesi,6,0.42857142857142855
810,alex-tolio,5,0.38461538461538464
811,mattia-petrucci,1,0.3333333333333333
812,alessandro-fancellu,6,0.375
813,alois-charrin,3,0.23076923076923078
814,felipe-orts,7,0.5
815,iker-ballarin-manso,8,0.38095238095238093
816,luke-mudgway,2,0.14285714285714285
817,josh-kench,5,0.625
818,mason-hollyman,6,0.5454545454545454
819,oscar-pelegri,9,0.3
820,cory-greenberg,0,0.0
821,johan-meens,17,0.5
822,louis-blouwe,10,0.3225806451612903
823,bailey-o-donnell,4,0.5714285714285714
824,sindre-kulset,3,0.42857142857142855
825,tom-sexton,5,0.23809523809523808
826,sean-flynn,2,0.1
827,james-oram,4,0.5
828,cyrus-monk,6,0.2857142857142857
829,nathan-vandepitte,3,0.25
830,logan-phippen,8,1.0
831,ollie-jones,0,0.0
832,lorenzo-quartucci2,3,0.75
833,omar-el-gouzi,6,0.3
834,alessandro-santaromita,7,0.7
835,andrea-pietrobon,3,0.42857142857142855
836,alex-jaime-fernandez,7,0.3181818181818182
837,fredrik-dversnes,3,0.13636363636363635
838,axel-zingle,4,0.08163265306122448
839,ceriel-desal,1,0.041666666666666664
840,johannes-adamietz,6,0.5
841,thomas-bonnet,6,0.3333333333333333
842,valentin-retailleau,9,0.45
843,dorian-de-maeght,7,0.3181818181818182
844,emilien-jeanniere,5,0.5
845,robbe-ceurens,3,1.0
846,lucas-dauge,4,0.6666666666666666
847,alessio-nieri,6,0.6666666666666666
848,aaron-gate,4,0.25
849,felix-engelhardt,3,0.42857142857142855
850,walter-calzoni,1,0.16666666666666666
851,magnus-kulset,0,0.0
852,louis-barre,8,0.27586206896551724
853,embret-svestad-bardseng,0,0.0
854,alan-banaszek,2,0.25
855,rainer-kepplinger,1,0.2
856,unai-iribar-jauregi,6,0.2857142857142857
857,felix-gros,10,0.5263157894736842
858,milan-fretin,11,0.34375
859,tuur-dens,6,0.3
860,vito-braet,5,0.1724137931034483
861,cian-uijtdebroeks,2,0.16666666666666666
862,kamiel-bonneu,4,0.17391304347826086
863,eugenio-sanchez,9,0.6
864,alec-segaert,0,0.0
865,davide-piganzoli,2,0.4
866,ahmed-madan,0,0.0
867,alexander-salby,2,0.5
868,madis-mihkels,2,0.2857142857142857
869,bastien-tronchon,3,0.6
870,romain-gregoire1,1,0.07692307692307693
871,enekoitz-azparren-irurzun,2,0.4
872,scott-mcgill,1,0.5
873,asier-etxeberria,1,0.07692307692307693
874,xabier-isasa-larranaga,0,0.0
875,calum-johnston,3,0.3
876,arno-claeys,0,0.0
877,matheo-vercher,3,0.375
878,axel-mariault,6,0.2608695652173913
879,simone-olivero,4,1.0
880,jan-stockli,7,0.6363636363636364
881,gage-hecht,8,0.5
882,bart-lemmen,1,0.3333333333333333
883,toon-clynhens,5,0.35714285714285715
884,mitchel-fitzsimons,4,0.6666666666666666
885,adne-holter,3,0.42857142857142855
886,elias-maris,0,0.0
887,max-poole,1,0.5
888,lenny-martinez,1,0.14285714285714285
889,alex-martin-gutierrez,1,0.1111111111111111
890,welay-hagos-berhe,0,0.0
891,pierre-gautherat,1,0.125
892,mark-stewart,1,0.25
893,matyas-kopecky,2,0.2222222222222222
894,hamish-beadle,4,0.8
895,andoni-lopez-de-abetxuko-jimenez,3,0.75
896,miguel-angel-fernandez-ruiz,1,1.0
897,iker-bonillo-martin,1,0.5
898,filippo-ridolfo,3,1.0
899,stian-fredheim,1,0.3333333333333333
900,gerd-de-keijzer,2,0.4
901,manuele-tarozzi,0,0.0
902,florian-lipowitz,0,0.0
903,gleb-syritsa,3,0.75
904,giulio-pellizzari,0,0.0
905,alessandro-pinarello,0,0.0
906,george-jackson,1,1.0
907,luca-van-boven,1,0.3333333333333333
908,vincent-van-hemelen,4,0.4
909,marcel-camprubi,2,0.6666666666666666
910,javier-serrano,3,0.6
911,alejandro-franco-gonzalez,4,0.6666666666666666
912,mikel-retegi,1,0.14285714285714285
913,jared-scott,0,0.0
914,jarne-van-de-paar,0,0.0
915,vince-gerits,1,0.25
916,xabier-berasategi-garmendia,1,0.25
917,liam-slock,1,0.25
918,joseba-lopez-cuesta,2,0.5
919,fernando-tercero-lopez,0,0.0
920,michael-leonard1,1,0.3333333333333333
921,clement-alleno,1,0.5
922,noah-vandenbranden,0,0.0
923,josh-burnett,1,1.0
924,german-nicolas-tivani-perez,0,0.0
