,rider_code,nb_race_flat,nb_win_flat,nb_pod_flat,nb_top10_flat,pts_flat,avg_rnk_flat,pct_win_flat,pct_pod_flat,pct_top10_flat,avg_pts_flat
0,tadej-pogacar,35,0,0,5,113.0,31.314285714285713,0.0,0.0,0.14285714285714285,3.2285714285714286
1,jonas-vingegaard-rasmussen,27,0,0,0,4.0,81.85185185185185,0.0,0.0,0.0,0.14814814814814814
2,mikel-landa,38,0,0,0,0.0,52.4054054054054,0.0,0.0,0.0,0.0
3,,0.0,,,,,,,,,
4,jai-hindley,40,0,0,0,0.0,56.05128205128205,0.0,0.0,0.0,0.0
5,thymen-arensman,35,0,0,0,0.0,73.8529411764706,0.0,0.0,0.0,0.0
6,damiano-caruso,40,0,0,0,0.0,70.375,0.0,0.0,0.0,0.0
7,thibaut-pinot,27,0,0,0,0.0,67.62962962962963,0.0,0.0,0.0,0.0
8,pello-bilbao,53,0,0,1,2.0,68.1923076923077,0.0,0.0,0.018867924528301886,0.03773584905660377
9,giulio-ciccone,40,0,0,0,4.0,78.475,0.0,0.0,0.0,0.1
10,remco-evenepoel,29,1,1,2,130.0,59.75,0.034482758620689655,0.034482758620689655,0.06896551724137931,4.482758620689655
11,romain-bardet,51,0,0,1,43.0,59.64705882352941,0.0,0.0,0.0196078431372549,0.8431372549019608
12,rigoberto-uran,34,0,0,0,0.0,61.39393939393939,0.0,0.0,0.0,0.0
13,marc-soler,43,0,0,0,0.0,78.62790697674419,0.0,0.0,0.0,0.0
14,victor-lafay,18,0,0,0,0.0,119.6875,0.0,0.0,0.0,0.0
15,cristian-rodriguez,17,0,0,0,0.0,95.0625,0.0,0.0,0.0,0.0
16,lorenzo-fortunato,18,0,0,0,0.0,82.38888888888889,0.0,0.0,0.0,0.0
17,wilco-kelderman,40,0,0,1,14.0,48.60526315789474,0.0,0.0,0.025,0.35
18,warren-barguil,32,0,0,2,57.0,68.03225806451613,0.0,0.0,0.0625,1.78125
19,geoffrey-bouchard,42,0,0,0,0.0,94.35714285714286,0.0,0.0,0.0,0.0
20,bob-jungels,48,1,2,2,275.0,67.61702127659575,0.020833333333333332,0.041666666666666664,0.041666666666666664,5.729166666666667
21,lorenzo-rota,25,0,0,0,0.0,101.56,0.0,0.0,0.0,0.0
22,rafal-majka,42,0,0,1,2.0,81.39024390243902,0.0,0.0,0.023809523809523808,0.047619047619047616
23,eduardo-sepulveda,27,0,0,0,0.0,83.79166666666667,0.0,0.0,0.0,0.0
24,emanuel-buchmann,45,0,0,0,0.0,65.8,0.0,0.0,0.0,0.0
25,alex-aranburu,34,0,1,5,234.0,65.6969696969697,0.0,0.029411764705882353,0.14705882352941177,6.882352941176471
26,jefferson-alexander-cepeda,15,0,0,0,0.0,110.33333333333333,0.0,0.0,0.0,0.0
27,maxime-bouet,19,0,0,0,0.0,101.88888888888889,0.0,0.0,0.0,0.0
28,nelson-oliveira,47,0,0,0,5.0,81.6086956521739,0.0,0.0,0.0,0.10638297872340426
29,julian-alaphilippe,31,1,2,3,105.0,72.8,0.03225806451612903,0.06451612903225806,0.0967741935483871,3.3870967741935485
30,koen-bouwman,35,0,0,0,0.0,93.62857142857143,0.0,0.0,0.0,0.0
31,simone-velasco,13,0,0,0,9.0,49.61538461538461,0.0,0.0,0.0,0.6923076923076923
32,lilian-calmejane,31,0,0,0,11.0,65.93548387096774,0.0,0.0,0.0,0.3548387096774194
33,natnael-tesfatsion,16,0,0,2,26.0,67.93333333333334,0.0,0.0,0.125,1.625
34,benjamin-thomas-2,23,0,0,0,30.0,82.30434782608695,0.0,0.0,0.0,1.3043478260869565
35,jakob-fuglsang,32,0,0,0,0.0,62.77777777777778,0.0,0.0,0.0,0.0
36,xandro-meurisse,40,0,0,0,61.0,73.33333333333333,0.0,0.0,0.0,1.525
37,michael-schar,59,0,0,0,45.0,78.86792452830188,0.0,0.0,0.0,0.7627118644067796
38,matteo-sobrero,32,0,1,1,40.0,73.90625,0.0,0.03125,0.03125,1.25
39,dario-cataldo,45,0,0,0,6.0,77.02272727272727,0.0,0.0,0.0,0.13333333333333333
40,davide-formolo,47,0,0,0,5.0,55.75555555555555,0.0,0.0,0.0,0.10638297872340426
41,anthony-perez,37,0,0,0,0.0,120.19444444444444,0.0,0.0,0.0,0.0
42,gianluca-brambilla,28,0,0,0,0.0,95.46428571428571,0.0,0.0,0.0,0.0
43,michael-matthews,41,1,5,21,585.0,25.35,0.024390243902439025,0.12195121951219512,0.5121951219512195,14.268292682926829
44,alessandro-tonelli,23,0,0,1,18.0,93.4090909090909,0.0,0.0,0.043478260869565216,0.782608695652174
45,andrea-vendrame,39,0,0,6,144.0,46.45945945945946,0.0,0.0,0.15384615384615385,3.6923076923076925
46,tobias-ludvigsson,38,0,0,0,35.0,87.57575757575758,0.0,0.0,0.0,0.9210526315789473
47,benoit-cosnefroy,39,0,1,1,97.0,111.6923076923077,0.0,0.02564102564102564,0.02564102564102564,2.4871794871794872
48,valentin-ferron,14,0,0,0,17.0,73.3076923076923,0.0,0.0,0.0,1.2142857142857142
49,julien-simon,28,0,0,3,84.0,51.592592592592595,0.0,0.0,0.10714285714285714,3.0
50,greg-van-avermaet,55,0,2,6,574.0,37.92727272727273,0.0,0.03636363636363636,0.10909090909090909,10.436363636363636
51,ben-swift,42,0,1,6,202.0,48.75609756097561,0.0,0.023809523809523808,0.14285714285714285,4.809523809523809
52,toms-skujins,51,0,0,2,118.0,67.95833333333333,0.0,0.0,0.0392156862745098,2.3137254901960786
53,sven-erik-bystrom,46,0,0,0,101.0,75.48717948717949,0.0,0.0,0.0,2.1956521739130435
54,matteo-fabbro,25,0,0,0,2.0,87.2,0.0,0.0,0.0,0.08
55,jorge-arcas,35,0,0,0,10.0,86.81818181818181,0.0,0.0,0.0,0.2857142857142857
56,quinn-simmons,21,0,0,1,30.0,107.8,0.0,0.0,0.047619047619047616,1.4285714285714286
57,krists-neilands,27,0,0,0,19.0,86.56521739130434,0.0,0.0,0.0,0.7037037037037037
58,tosh-van-der-sande,54,0,2,4,207.0,61.90384615384615,0.0,0.037037037037037035,0.07407407407407407,3.8333333333333335
59,jonathan-klever-caicedo,28,0,0,0,0.0,101.03571428571429,0.0,0.0,0.0,0.0
60,michael-gogl,51,0,0,1,56.0,86.6590909090909,0.0,0.0,0.0196078431372549,1.0980392156862746
61,sepp-kuss,51,0,0,0,0.0,77.33333333333333,0.0,0.0,0.0,0.0
62,tsgabu-gebremaryam-grmay,26,0,0,0,0.0,70.07692307692308,0.0,0.0,0.0,0.0
63,andrea-pasqualon,61,0,3,14,538.0,28.017857142857142,0.0,0.04918032786885246,0.22950819672131148,8.819672131147541
64,filippo-ganna,36,0,0,0,16.0,84.39393939393939,0.0,0.0,0.0,0.4444444444444444
65,einer-augusto-rubio-reyes,16,0,0,0,0.0,75.875,0.0,0.0,0.0,0.0
66,edvald-boasson-hagen,66,0,2,9,368.0,49.58064516129032,0.0,0.030303030303030304,0.13636363636363635,5.575757575757576
67,chris-hamilton,39,0,0,0,0.0,119.58974358974359,0.0,0.0,0.0,0.0
68,nikias-arndt,66,0,0,2,52.0,62.15,0.0,0.0,0.030303030303030304,0.7878787878787878
69,daryl-impey,33,0,1,1,54.0,83.93939393939394,0.0,0.030303030303030304,0.030303030303030304,1.6363636363636365
70,arnaud-demare,67,12,19,44,1893.0,20.846153846153847,0.1791044776119403,0.2835820895522388,0.6567164179104478,28.253731343283583
71,gianni-vermeersch,42,0,4,6,375.0,45.025,0.0,0.09523809523809523,0.14285714285714285,8.928571428571429
72,vincenzo-albanese,15,0,0,2,48.0,58.06666666666667,0.0,0.0,0.13333333333333333,3.2
73,davide-ballerini,51,1,4,13,593.0,42.0,0.0196078431372549,0.0784313725490196,0.2549019607843137,11.627450980392156
74,cesare-benedetti,48,0,0,0,0.0,98.60416666666667,0.0,0.0,0.0,0.0
75,edoardo-zambanini,21,0,0,1,60.0,89.33333333333333,0.0,0.0,0.047619047619047616,2.857142857142857
76,clement-russo,63,0,0,5,231.0,61.642857142857146,0.0,0.0,0.07936507936507936,3.6666666666666665
77,alexander-kristoff,67,4,11,25,1635.0,26.21212121212121,0.05970149253731343,0.16417910447761194,0.373134328358209,24.402985074626866
78,manuele-boaro,37,0,0,0,30.0,87.53125,0.0,0.0,0.0,0.8108108108108109
79,jan-tratnik,43,0,0,1,61.0,105.48780487804878,0.0,0.0,0.023255813953488372,1.4186046511627908
80,kasper-asgreen,50,1,1,3,255.0,72.34693877551021,0.02,0.02,0.06,5.1
81,daniel-oss,58,0,0,0,47.0,90.6734693877551,0.0,0.0,0.0,0.8103448275862069
82,davide-cimolai,45,0,2,13,249.0,64.8,0.0,0.044444444444444446,0.28888888888888886,5.533333333333333
83,jos-van-emden,52,0,0,0,38.0,81.04,0.0,0.0,0.0,0.7307692307692307
84,lawson-craddock,42,0,0,0,3.0,105.35897435897436,0.0,0.0,0.0,0.07142857142857142
85,mikkel-honore,36,0,0,1,69.0,76.05882352941177,0.0,0.0,0.027777777777777776,1.9166666666666667
86,alexander-edmondson,38,0,0,0,28.0,80.46666666666667,0.0,0.0,0.0,0.7368421052631579
87,jasha-sutterlin,53,0,0,1,51.0,66.80851063829788,0.0,0.0,0.018867924528301886,0.9622641509433962
88,mirco-maestri,19,0,0,1,10.0,83.22222222222223,0.0,0.0,0.05263157894736842,0.5263157894736842
89,martijn-tusveld,43,0,0,0,22.0,78.04761904761905,0.0,0.0,0.0,0.5116279069767442
90,harry-sweeny,31,0,0,0,20.0,75.20689655172414,0.0,0.0,0.0,0.6451612903225806
91,luca-rastelli,10,0,0,0,0.0,81.0,0.0,0.0,0.0,0.0
92,edward-theuns,83,1,6,19,693.0,48.81012658227848,0.012048192771084338,0.07228915662650602,0.2289156626506024,8.349397590361447
93,marco-haller,72,1,1,2,371.0,83.26984126984127,0.013888888888888888,0.013888888888888888,0.027777777777777776,5.152777777777778
94,ignatas-konovalovas,47,0,0,0,24.0,101.69767441860465,0.0,0.0,0.0,0.5106382978723404
95,alexander-konychev,38,0,0,0,45.0,66.02941176470588,0.0,0.0,0.0,1.1842105263157894
96,alan-riou,26,0,0,0,9.0,80.42105263157895,0.0,0.0,0.0,0.34615384615384615
97,mathias-norsgaard,32,0,1,1,61.0,76.5,0.0,0.03125,0.03125,1.90625
98,edoardo-affini,49,0,2,2,149.0,83.5,0.0,0.04081632653061224,0.04081632653061224,3.0408163265306123
99,heinrich-haussler,44,0,0,4,310.0,67.42857142857143,0.0,0.0,0.09090909090909091,7.045454545454546
100,davide-martinelli,42,0,0,1,55.0,64.1470588235294,0.0,0.0,0.023809523809523808,1.3095238095238095
101,tim-merlier,62,14,24,39,2230.0,17.081967213114755,0.22580645161290322,0.3870967741935484,0.6290322580645161,35.96774193548387
102,olav-kooij,31,2,6,15,518.0,36.87096774193548,0.06451612903225806,0.1935483870967742,0.4838709677419355,16.70967741935484
103,giacomo-nizzolo,61,2,12,37,1599.0,16.535714285714285,0.03278688524590164,0.19672131147540983,0.6065573770491803,26.21311475409836
104,adrien-petit,73,0,1,4,386.0,68.24590163934427,0.0,0.0136986301369863,0.0547945205479452,5.287671232876712
105,gianni-moscon,42,0,0,2,186.0,71.36842105263158,0.0,0.0,0.047619047619047616,4.428571428571429
106,giovanni-lonardi,20,0,0,5,71.0,30.666666666666668,0.0,0.0,0.25,3.55
107,michael-schwarzmann,76,0,0,1,22.0,85.22727272727273,0.0,0.0,0.013157894736842105,0.2894736842105263
108,edward-planckaert,56,0,0,3,158.0,76.5,0.0,0.0,0.05357142857142857,2.8214285714285716
109,alberto-dainese,49,1,8,17,605.0,38.829268292682926,0.02040816326530612,0.16326530612244897,0.3469387755102041,12.346938775510203
110,maciej-bodnar,48,0,0,0,19.0,100.22222222222223,0.0,0.0,0.0,0.3958333333333333
111,phil-bauhaus,50,3,8,29,502.0,29.543478260869566,0.06,0.16,0.58,10.04
112,ramon-sinkeldam,65,0,0,1,59.0,69.68333333333334,0.0,0.0,0.015384615384615385,0.9076923076923077
113,leonardo-basso,41,0,0,0,40.0,86.7,0.0,0.0,0.0,0.975609756097561
114,mark-cavendish,58,8,17,23,1219.0,44.84905660377358,0.13793103448275862,0.29310344827586204,0.39655172413793105,21.017241379310345
115,pascal-ackermann,73,10,28,42,2113.0,22.95,0.136986301369863,0.3835616438356164,0.5753424657534246,28.945205479452056
116,jordi-meeus,38,0,5,12,548.0,49.34285714285714,0.0,0.13157894736842105,0.3157894736842105,14.421052631578947
117,matteo-moschetti,60,2,2,15,499.0,60.42857142857143,0.03333333333333333,0.03333333333333333,0.25,8.316666666666666
118,kaden-groves,44,1,2,11,232.0,53.58536585365854,0.022727272727272728,0.045454545454545456,0.25,5.2727272727272725
119,davide-bais,10,0,0,0,0.0,129.0,0.0,0.0,0.0,0.0
120,jacopo-guarnieri,61,0,0,1,36.0,68.68627450980392,0.0,0.0,0.01639344262295082,0.5901639344262295
121,josef-cerny,45,0,0,1,63.0,85.86046511627907,0.0,0.0,0.022222222222222223,1.4
122,davide-gabburo,18,0,0,1,37.0,39.1875,0.0,0.0,0.05555555555555555,2.0555555555555554
123,filippo-fiorelli,35,0,0,5,113.0,56.964285714285715,0.0,0.0,0.14285714285714285,3.2285714285714286
124,mikkel-bjerg,59,0,0,1,76.0,75.77358490566037,0.0,0.0,0.01694915254237288,1.2881355932203389
125,thomas-scully,49,0,0,0,55.0,105.5,0.0,0.0,0.0,1.1224489795918366
126,taco-van-der-hoorn,75,3,5,7,567.0,76.72727272727273,0.04,0.06666666666666667,0.09333333333333334,7.56
127,rick-zabel,55,0,0,1,81.0,45.0,0.0,0.0,0.01818181818181818,1.4727272727272727
128,robert-stannard,42,0,0,2,62.0,60.578947368421055,0.0,0.0,0.047619047619047616,1.4761904761904763
129,mattia-bais,15,0,0,0,0.0,95.07142857142857,0.0,0.0,0.0,0.0
130,magnus-cort-nielsen,49,1,3,7,260.0,73.66666666666667,0.02040816326530612,0.061224489795918366,0.14285714285714285,5.3061224489795915
131,tao-geoghegan-hart,33,0,0,0,0.0,89.09375,0.0,0.0,0.0,0.0
132,enric-mas,45,0,0,2,19.0,50.93023255813954,0.0,0.0,0.044444444444444446,0.4222222222222222
133,egan-bernal,27,0,0,4,44.0,26.666666666666668,0.0,0.0,0.14814814814814814,1.6296296296296295
134,geraint-thomas,33,0,0,0,3.0,62.375,0.0,0.0,0.0,0.09090909090909091
135,steven-kruijswijk,32,0,0,0,0.0,60.064516129032256,0.0,0.0,0.0,0.0
136,guillaume-martin,48,0,0,0,0.0,48.458333333333336,0.0,0.0,0.0,0.0
137,david-gaudu,38,0,0,0,0.0,58.18421052631579,0.0,0.0,0.0,0.0
138,sebastien-reichenbach,29,0,0,0,0.0,108.03448275862068,0.0,0.0,0.0,0.0
139,david-martin-romero,36,0,0,0,5.0,74.33333333333333,0.0,0.0,0.0,0.1388888888888889
140,aleksey-lutsenko,48,0,0,1,92.0,65.28260869565217,0.0,0.0,0.020833333333333332,1.9166666666666667
141,jesus-herrada-lopez,35,0,0,0,0.0,122.34285714285714,0.0,0.0,0.0,0.0
142,laurens-de-plus,20,0,0,0,0.0,86.85,0.0,0.0,0.0,0.0
143,george-bennett,42,0,0,0,0.0,80.52380952380952,0.0,0.0,0.0,0.0
144,gregor-muhlberger,36,0,0,0,0.0,88.17142857142858,0.0,0.0,0.0,0.0
145,wout-poels,52,0,0,1,2.0,94.6923076923077,0.0,0.0,0.019230769230769232,0.038461538461538464
146,bauke-mollema,43,0,0,1,3.0,84.09302325581395,0.0,0.0,0.023255813953488372,0.06976744186046512
147,adam-yates,41,0,0,2,21.0,40.34146341463415,0.0,0.0,0.04878048780487805,0.5121951219512195
148,julien-bernard,34,0,0,0,8.0,91.23529411764706,0.0,0.0,0.0,0.23529411764705882
149,michael-woods,27,0,0,0,0.0,88.79166666666667,0.0,0.0,0.0,0.0
150,rudy-molard,37,0,0,1,22.0,51.891891891891895,0.0,0.0,0.02702702702702703,0.5945945945945946
151,mikael-cherel,33,0,0,0,1.0,70.75757575757575,0.0,0.0,0.0,0.030303030303030304
152,patrick-konrad,41,0,0,1,82.0,61.475,0.0,0.0,0.024390243902439025,2.0
153,jack-haig,32,0,0,0,0.0,73.6,0.0,0.0,0.0,0.0
154,lennard-kamna,32,0,0,0,5.0,89.93333333333334,0.0,0.0,0.0,0.15625
155,alexis-vuillermoz,24,0,1,1,60.0,85.26086956521739,0.0,0.041666666666666664,0.041666666666666664,2.5
156,gorka-izagirre,48,0,0,0,5.0,57.69565217391305,0.0,0.0,0.0,0.10416666666666667
157,jasper-stuyven,63,1,4,29,1312.0,21.34426229508197,0.015873015873015872,0.06349206349206349,0.4603174603174603,20.825396825396826
158,dylan-teuns,42,0,0,3,156.0,59.425,0.0,0.0,0.07142857142857142,3.7142857142857144
159,nicolas-edet,54,0,0,0,0.0,104.07407407407408,0.0,0.0,0.0,0.0
160,dylan-van-baarle,63,1,1,2,385.0,87.49180327868852,0.015873015873015872,0.015873015873015872,0.031746031746031744,6.111111111111111
161,simon-yates,29,0,0,0,5.0,89.71428571428571,0.0,0.0,0.0,0.1724137931034483
162,jonathan-castroviejo,39,0,0,0,0.0,122.57894736842105,0.0,0.0,0.0,0.0
163,matteo-trentin,57,1,6,22,1083.0,30.48076923076923,0.017543859649122806,0.10526315789473684,0.38596491228070173,19.0
164,rui-costa,31,0,0,0,0.0,88.70967741935483,0.0,0.0,0.0,0.0
165,andrey-amador,48,0,0,0,5.0,84.625,0.0,0.0,0.0,0.10416666666666667
166,tony-gallopin,41,0,0,1,30.0,79.525,0.0,0.0,0.024390243902439025,0.7317073170731707
167,pierre-luc-perichon,46,0,0,1,33.0,93.8,0.0,0.0,0.021739130434782608,0.717391304347826
168,tiesj-benoot,45,1,2,4,448.0,56.55813953488372,0.022222222222222223,0.044444444444444446,0.08888888888888889,9.955555555555556
169,thomas-de-gendt,76,0,0,0,0.0,116.5068493150685,0.0,0.0,0.0,0.0
170,simon-clarke,40,1,1,2,188.0,70.375,0.025,0.025,0.05,4.7
171,simon-geschke,39,0,0,0,0.0,101.5,0.0,0.0,0.0,0.0
172,nils-politt,68,0,1,6,538.0,62.984375,0.0,0.014705882352941176,0.08823529411764706,7.911764705882353
173,fabio-felline,41,0,0,0,20.0,62.12820512820513,0.0,0.0,0.0,0.4878048780487805
174,rein-taaramae,46,0,0,0,0.0,80.15217391304348,0.0,0.0,0.0,0.0
175,oliver-naesen,77,0,2,11,707.0,39.602739726027394,0.0,0.025974025974025976,0.14285714285714285,9.181818181818182
176,alberto-bettiol,38,0,1,3,214.0,56.57142857142857,0.0,0.02631578947368421,0.07894736842105263,5.631578947368421
177,omar-fraile,42,0,0,0,4.0,104.475,0.0,0.0,0.0,0.09523809523809523
178,joey-rosskopf,21,0,0,0,0.0,70.52380952380952,0.0,0.0,0.0,0.0
179,elie-gesbert,23,0,0,0,0.0,91.43478260869566,0.0,0.0,0.0,0.0
180,peter-sagan,48,2,11,32,1224.0,21.617021276595743,0.041666666666666664,0.22916666666666666,0.6666666666666666,25.5
181,michal-kwiatkowski,46,0,0,2,24.0,84.11904761904762,0.0,0.0,0.043478260869565216,0.5217391304347826
182,anthony-delaplace,25,0,0,1,16.0,79.36,0.0,0.0,0.04,0.64
183,hugo-houle,54,0,0,0,58.0,64.72916666666667,0.0,0.0,0.0,1.0740740740740742
184,tim-wellens,37,0,1,3,185.0,68.69444444444444,0.0,0.02702702702702703,0.08108108108108109,5.0
185,paul-ourselin,30,0,0,0,0.0,85.92307692307692,0.0,0.0,0.0,0.0
186,stefan-kung,59,2,3,8,751.0,47.672413793103445,0.03389830508474576,0.05084745762711865,0.13559322033898305,12.728813559322035
187,dries-devenyns,46,0,0,0,0.0,107.06666666666666,0.0,0.0,0.0,0.0
188,jens-keukeleire,60,0,0,2,214.0,73.6,0.0,0.0,0.03333333333333333,3.566666666666667
189,imanol-erviti,64,0,0,0,41.0,65.01666666666667,0.0,0.0,0.0,0.640625
190,mike-teunissen,55,1,2,16,658.0,29.963636363636365,0.01818181818181818,0.03636363636363636,0.2909090909090909,11.963636363636363
191,kevin-ledanois,37,0,0,0,8.0,90.8125,0.0,0.0,0.0,0.21621621621621623
192,carlos-verona,52,0,0,0,1.0,115.75,0.0,0.0,0.0,0.019230769230769232
193,vegard-stake-laengen,78,0,0,0,56.0,81.40845070422536,0.0,0.0,0.0,0.717948717948718
194,luke-durbridge,57,0,1,1,60.0,90.25,0.0,0.017543859649122806,0.017543859649122806,1.0526315789473684
195,odd-christian-eiking,24,0,0,0,0.0,66.125,0.0,0.0,0.0,0.0
196,christopher-juul-jensen,55,0,0,0,20.0,122.92307692307692,0.0,0.0,0.0,0.36363636363636365
197,ivan-garcia-cortina,53,1,2,7,501.0,28.45098039215686,0.018867924528301886,0.03773584905660377,0.1320754716981132,9.452830188679245
198,mads-wurtz-schmidt,45,0,0,1,19.0,88.5625,0.0,0.0,0.022222222222222223,0.4222222222222222
199,jasper-de-buyst,62,0,2,6,263.0,67.75,0.0,0.03225806451612903,0.0967741935483871,4.241935483870968
200,matej-mohoric,48,1,3,10,500.0,51.680851063829785,0.020833333333333332,0.0625,0.20833333333333334,10.416666666666666
201,fabien-grellier,28,0,0,0,5.0,93.5,0.0,0.0,0.0,0.17857142857142858
202,matthieu-ladagnous,28,0,0,1,22.0,92.67857142857143,0.0,0.0,0.03571428571428571,0.7857142857142857
203,lukasz-wisniowski,51,0,0,0,46.0,77.87234042553192,0.0,0.0,0.0,0.9019607843137255
204,elia-viviani,67,6,18,37,1548.0,26.0,0.08955223880597014,0.26865671641791045,0.5522388059701493,23.104477611940297
205,anthony-turgis,58,0,2,8,530.0,56.735849056603776,0.0,0.034482758620689655,0.13793103448275862,9.137931034482758
206,caleb-ewan,68,14,32,44,2169.0,23.60655737704918,0.20588235294117646,0.47058823529411764,0.6470588235294118,31.897058823529413
207,yves-lampaert,48,1,5,13,1152.0,51.148936170212764,0.020833333333333332,0.10416666666666667,0.2708333333333333,24.0
208,chad-haga,29,0,0,0,5.0,115.64285714285714,0.0,0.0,0.0,0.1724137931034483
209,aime-de-gendt,59,0,1,2,212.0,73.05555555555556,0.0,0.01694915254237288,0.03389830508474576,3.593220338983051
210,niccolo-bonifazio,52,1,4,9,432.0,42.46341463414634,0.019230769230769232,0.07692307692307693,0.17307692307692307,8.307692307692308
211,amund-grondahl-jansen,46,0,0,1,142.0,77.56410256410257,0.0,0.0,0.021739130434782608,3.0869565217391304
212,dylan-groenewegen,59,7,21,40,1785.0,22.228070175438596,0.11864406779661017,0.3559322033898305,0.6779661016949152,30.25423728813559
213,michael-hepburn,51,0,0,0,20.0,90.31914893617021,0.0,0.0,0.0,0.39215686274509803
214,michael-morkov,75,0,3,11,467.0,45.726027397260275,0.0,0.04,0.14666666666666667,6.226666666666667
215,primoz-roglic,42,0,1,2,56.0,39.166666666666664,0.0,0.023809523809523808,0.047619047619047616,1.3333333333333333
216,richard-carapaz,41,0,0,0,4.0,49.51219512195122,0.0,0.0,0.0,0.0975609756097561
217,wout-van-aert,42,7,16,20,1883.0,21.153846153846153,0.16666666666666666,0.38095238095238093,0.47619047619047616,44.833333333333336
218,johan-esteban-chaves,32,0,0,0,0.0,48.25806451612903,0.0,0.0,0.0,0.0
219,kenny-elissonde,36,0,0,0,0.0,96.22222222222223,0.0,0.0,0.0,0.0
220,valentin-madouas,41,0,0,1,98.0,66.075,0.0,0.0,0.024390243902439025,2.3902439024390243
221,daniel-felipe-martinez,33,0,0,0,0.0,75.0,0.0,0.0,0.0,0.0
222,luis-leon-sanchez,57,0,0,1,26.0,52.10526315789474,0.0,0.0,0.017543859649122806,0.45614035087719296
223,hugh-carthy,41,0,0,0,0.0,81.53658536585365,0.0,0.0,0.0,0.0
224,jan-polanc,38,0,0,0,5.0,45.416666666666664,0.0,0.0,0.0,0.13157894736842105
225,robert-gesink,32,0,0,0,0.0,99.76666666666667,0.0,0.0,0.0,0.0
226,harold-tejada,27,0,0,0,0.0,98.14814814814815,0.0,0.0,0.0,0.0
227,niklas-eg,22,0,0,0,0.0,82.95454545454545,0.0,0.0,0.0,0.0
228,quentin-pacher,31,0,0,1,18.0,79.45161290322581,0.0,0.0,0.03225806451612903,0.5806451612903226
229,marc-hirschi,34,0,0,2,63.0,93.97058823529412,0.0,0.0,0.058823529411764705,1.8529411764705883
230,neilson-powless,44,0,1,2,107.0,65.25,0.0,0.022727272727272728,0.045454545454545456,2.4318181818181817
231,maximilian-schachmann,38,1,1,1,59.0,70.5945945945946,0.02631578947368421,0.02631578947368421,0.02631578947368421,1.5526315789473684
232,soren-kragh-andersen,43,0,1,3,310.0,62.42857142857143,0.0,0.023255813953488372,0.06976744186046512,7.209302325581396
233,felix-grossschartner,47,0,0,2,13.0,54.30434782608695,0.0,0.0,0.0425531914893617,0.2765957446808511
234,nans-peters,44,0,0,0,0.0,72.68181818181819,0.0,0.0,0.0,0.0
235,jan-hirt,50,0,0,0,0.0,108.64,0.0,0.0,0.0,0.0
236,ben-hermans,16,0,0,0,0.0,95.0,0.0,0.0,0.0,0.0
237,jose-joaquin-rojas,45,0,0,1,74.0,43.46666666666667,0.0,0.0,0.022222222222222223,1.6444444444444444
238,david-de-la-cruz,42,0,0,0,5.0,79.92857142857143,0.0,0.0,0.0,0.11904761904761904
239,jack-bauer,45,0,0,0,58.0,53.357142857142854,0.0,0.0,0.0,1.288888888888889
240,pavel-sivakov,40,0,0,0,0.0,89.76315789473684,0.0,0.0,0.0,0.0
241,luka-mezgec,50,1,2,15,393.0,38.829787234042556,0.02,0.04,0.3,7.86
242,casper-pedersen,57,1,2,2,202.0,74.83333333333333,0.017543859649122806,0.03508771929824561,0.03508771929824561,3.543859649122807
243,cyril-barthe,42,0,0,2,53.0,48.707317073170735,0.0,0.0,0.047619047619047616,1.2619047619047619
244,tom-van-asbroeck,64,0,0,8,480.0,38.39344262295082,0.0,0.0,0.125,7.5
245,alessandro-de-marchi,39,0,0,0,0.0,122.25641025641026,0.0,0.0,0.0,0.0
246,clement-venturini,40,0,0,12,245.0,25.675,0.0,0.0,0.3,6.125
247,connor-swift,50,1,2,3,299.0,65.45833333333333,0.02,0.04,0.06,5.98
248,christophe-laporte,53,2,5,20,887.0,27.1,0.03773584905660377,0.09433962264150944,0.37735849056603776,16.735849056603772
249,simone-consonni,66,0,3,21,620.0,37.301587301587304,0.0,0.045454545454545456,0.3181818181818182,9.393939393939394
250,remi-cavagna,44,1,1,1,80.0,74.1590909090909,0.022727272727272728,0.022727272727272728,0.022727272727272728,1.8181818181818181
251,hugo-hofstetter,60,1,8,35,1392.0,20.20689655172414,0.016666666666666666,0.13333333333333333,0.5833333333333334,23.2
252,ryan-gibbons,42,0,0,5,96.0,54.5609756097561,0.0,0.0,0.11904761904761904,2.2857142857142856
253,bryan-coquard,54,2,5,18,654.0,32.48076923076923,0.037037037037037035,0.09259259259259259,0.3333333333333333,12.11111111111111
254,geoffrey-soupe,50,0,0,0,8.0,70.58823529411765,0.0,0.0,0.0,0.16
255,mads-pedersen,66,3,15,25,1266.0,46.83050847457627,0.045454545454545456,0.22727272727272727,0.3787878787878788,19.181818181818183
256,jonas-koch,68,0,0,2,148.0,62.79661016949152,0.0,0.0,0.029411764705882353,2.176470588235294
257,tim-declercq,51,0,1,2,264.0,94.68085106382979,0.0,0.0196078431372549,0.0392156862745098,5.176470588235294
258,luke-rowe,49,0,0,1,148.0,87.4,0.0,0.0,0.02040816326530612,3.020408163265306
259,mathieu-burgaudeau,24,0,0,1,26.0,102.52380952380952,0.0,0.0,0.041666666666666664,1.0833333333333333
260,max-walscheid,89,1,5,22,948.0,38.674418604651166,0.011235955056179775,0.056179775280898875,0.24719101123595505,10.651685393258427
261,sam-bennett,95,18,38,50,2458.0,39.455555555555556,0.18947368421052632,0.4,0.5263157894736842,25.873684210526317
262,cees-bol,76,2,4,17,620.0,43.55072463768116,0.02631578947368421,0.05263157894736842,0.2236842105263158,8.157894736842104
263,frederik-frison,67,0,0,0,64.0,84.15517241379311,0.0,0.0,0.0,0.9552238805970149
264,ben-o-connor,41,0,0,0,0.0,68.34146341463415,0.0,0.0,0.0,0.0
265,mattia-cattaneo,32,0,0,0,0.0,74.03225806451613,0.0,0.0,0.0,0.0
266,louis-meintjes,55,0,0,0,0.0,72.48148148148148,0.0,0.0,0.0,0.0
267,aurelien-paret-peintre,25,0,0,0,2.0,50.8,0.0,0.0,0.0,0.08
268,ruben-guerreiro,36,0,0,0,0.0,63.4,0.0,0.0,0.0,0.0
269,franck-bonnamour,30,0,1,1,91.0,60.75,0.0,0.03333333333333333,0.03333333333333333,3.033333333333333
270,sergio-higuita,33,0,0,1,32.0,64.03030303030303,0.0,0.0,0.030303030303030304,0.9696969696969697
271,ion-izagirre,45,0,0,1,10.0,91.93181818181819,0.0,0.0,0.022222222222222223,0.2222222222222222
272,mark-donovan,18,0,0,0,0.0,107.17647058823529,0.0,0.0,0.0,0.0
273,pierre-latour,31,0,0,1,24.0,79.8,0.0,0.0,0.03225806451612903,0.7741935483870968
274,jonas-rutsch,38,0,0,0,92.0,72.17647058823529,0.0,0.0,0.0,2.4210526315789473
275,silvan-dillier,46,0,0,0,119.0,52.30952380952381,0.0,0.0,0.0,2.5869565217391304
276,brent-van-moer,48,0,0,0,62.0,66.02380952380952,0.0,0.0,0.0,1.2916666666666667
277,brandon-mcnulty,40,0,1,2,62.0,61.717948717948715,0.0,0.025,0.05,1.55
278,victor-de-la-parte,25,0,0,0,0.0,80.04,0.0,0.0,0.0,0.0
279,dorian-godon,41,0,0,3,70.0,61.026315789473685,0.0,0.0,0.07317073170731707,1.7073170731707317
280,fabien-doubey,22,0,0,0,5.0,56.64705882352941,0.0,0.0,0.0,0.22727272727272727
281,georg-zimmermann,26,0,0,1,62.0,75.20833333333333,0.0,0.0,0.038461538461538464,2.3846153846153846
282,bruno-armirail,36,0,0,1,28.0,96.48571428571428,0.0,0.0,0.027777777777777776,0.7777777777777778
283,ruben-fernandez,30,0,0,0,9.0,77.3,0.0,0.0,0.0,0.3
284,jonas-rickaert,49,1,2,5,316.0,56.255319148936174,0.02040816326530612,0.04081632653061224,0.10204081632653061,6.448979591836735
285,alfred-wright,45,0,0,4,120.0,66.06818181818181,0.0,0.0,0.08888888888888889,2.6666666666666665
286,stefan-bissegger,39,0,1,2,114.0,55.24324324324324,0.0,0.02564102564102564,0.05128205128205128,2.923076923076923
287,guillaume-boivin,60,0,0,2,136.0,52.16326530612245,0.0,0.0,0.03333333333333333,2.2666666666666666
288,kristian-sbaragli,38,0,0,1,38.0,61.5,0.0,0.0,0.02631578947368421,1.0
289,jasper-philipsen,73,11,30,47,2512.0,21.642857142857142,0.1506849315068493,0.410958904109589,0.6438356164383562,34.41095890410959
290,dmitriy-gruzdev,62,0,0,0,30.0,106.75925925925925,0.0,0.0,0.0,0.4838709677419355
291,lukas-postlberger,63,0,0,1,160.0,88.33333333333333,0.0,0.0,0.015873015873015872,2.5396825396825395
292,boy-van-poppel,88,0,1,7,278.0,59.21333333333333,0.0,0.011363636363636364,0.07954545454545454,3.159090909090909
293,ide-schelling,34,0,0,0,56.0,103.53333333333333,0.0,0.0,0.0,1.6470588235294117
294,danny-van-poppel,81,1,13,37,1397.0,28.35211267605634,0.012345679012345678,0.16049382716049382,0.4567901234567901,17.246913580246915
295,omer-goldstein,35,0,0,0,6.0,72.93939393939394,0.0,0.0,0.0,0.17142857142857143
296,nils-eekhoff,37,0,1,2,141.0,51.56,0.0,0.02702702702702703,0.05405405405405406,3.810810810810811
297,jelle-wallays,51,1,1,1,130.0,87.71111111111111,0.0196078431372549,0.0196078431372549,0.0196078431372549,2.549019607843137
298,jeremy-cabot,17,0,0,0,1.0,108.85714285714286,0.0,0.0,0.0,0.058823529411764705
299,christopher-froome,27,0,0,0,0.0,109.0,0.0,0.0,0.0,0.0
300,reto-hollenstein,52,0,0,0,33.0,79.38,0.0,0.0,0.0,0.6346153846153846
301,aleksandr-vlasov,31,0,0,1,31.0,38.41379310344828,0.0,0.0,0.03225806451612903,1.0
302,thomas-pidcock,18,0,3,3,237.0,77.27777777777777,0.0,0.16666666666666666,0.16666666666666666,13.166666666666666
303,matteo-jorgenson,21,0,1,1,25.0,68.4,0.0,0.047619047619047616,0.047619047619047616,1.1904761904761905
304,nick-schultz,39,0,0,0,20.0,77.58974358974359,0.0,0.0,0.0,0.5128205128205128
305,andreas-leknessund,19,0,0,0,15.0,69.0,0.0,0.0,0.0,0.7894736842105263
306,sebastian-schonberger,14,0,1,1,40.0,50.285714285714285,0.0,0.07142857142857142,0.07142857142857142,2.857142857142857
307,michael-storer,38,0,0,0,0.0,117.07894736842105,0.0,0.0,0.0,0.0
308,andrey-zeits,19,0,0,0,0.0,73.21052631578948,0.0,0.0,0.0,0.0
309,lukasz-owsian,42,0,0,0,16.0,65.47619047619048,0.0,0.0,0.0,0.38095238095238093
310,joe-dombrowski,28,0,0,0,0.0,103.89285714285714,0.0,0.0,0.0,0.0
311,kobe-goossens,21,0,0,0,0.0,77.27777777777777,0.0,0.0,0.0,0.0
312,kevin-geniets,36,0,0,2,86.0,87.51612903225806,0.0,0.0,0.05555555555555555,2.388888888888889
313,stan-dewulf,55,0,0,5,210.0,64.12,0.0,0.0,0.09090909090909091,3.8181818181818183
314,andreas-kron,44,0,0,2,95.0,82.10526315789474,0.0,0.0,0.045454545454545456,2.159090909090909
315,matis-louvel,33,0,0,4,254.0,52.4,0.0,0.0,0.12121212121212122,7.696969696969697
316,amaury-capiot,65,0,1,19,718.0,30.87719298245614,0.0,0.015384615384615385,0.2923076923076923,11.046153846153846
317,olivier-le-gac,62,0,0,1,140.0,70.2542372881356,0.0,0.0,0.016129032258064516,2.2580645161290325
318,owain-doull,49,0,1,3,194.0,72.95238095238095,0.0,0.02040816326530612,0.061224489795918366,3.9591836734693877
319,alexandr-riabushenko,23,0,0,0,2.0,83.57894736842105,0.0,0.0,0.0,0.08695652173913043
320,andrea-bagioli,15,0,1,2,65.0,83.26666666666667,0.0,0.06666666666666667,0.13333333333333333,4.333333333333333
321,luca-mozzato,48,0,5,19,742.0,32.34782608695652,0.0,0.10416666666666667,0.3958333333333333,15.458333333333334
322,alexander-krieger,34,0,0,0,75.0,59.8125,0.0,0.0,0.0,2.2058823529411766
323,john-degenkolb,51,0,2,17,621.0,26.725490196078432,0.0,0.0392156862745098,0.3333333333333333,12.176470588235293
324,florian-senechal,63,2,7,16,1159.0,45.57377049180328,0.031746031746031744,0.1111111111111111,0.25396825396825395,18.396825396825395
325,florian-vermeersch,54,1,2,4,495.0,51.4468085106383,0.018518518518518517,0.037037037037037035,0.07407407407407407,9.166666666666666
326,kamil-gradek,37,0,0,0,36.0,77.60606060606061,0.0,0.0,0.0,0.972972972972973
327,guillaume-van-keirsbulck,61,0,0,0,72.0,57.88461538461539,0.0,0.0,0.0,1.180327868852459
328,fabio-jakobsen,50,13,20,26,1549.0,30.333333333333332,0.26,0.4,0.52,30.98
329,albert-torres,35,0,0,0,0.0,91.0909090909091,0.0,0.0,0.0,0.0
330,joao-almeida,34,0,0,1,2.0,42.0625,0.0,0.0,0.029411764705882353,0.058823529411764705
331,diego-ulissi,33,0,1,1,30.0,48.06060606060606,0.0,0.030303030303030304,0.030303030303030304,0.9090909090909091
332,ben-tulett,14,0,0,0,0.0,47.214285714285715,0.0,0.0,0.0,0.0
333,pascal-eenkhoorn,37,1,1,2,194.0,70.32352941176471,0.02702702702702703,0.02702702702702703,0.05405405405405406,5.243243243243243
334,giovanni-aleotti,24,0,0,0,12.0,76.41666666666667,0.0,0.0,0.0,0.5
335,dion-smith,28,0,0,3,63.0,47.61538461538461,0.0,0.0,0.10714285714285714,2.25
336,clement-berthet,11,0,0,0,0.0,52.18181818181818,0.0,0.0,0.0,0.0
337,quinten-hermans,16,0,1,2,134.0,58.57142857142857,0.0,0.0625,0.125,8.375
338,alessandro-covi,25,0,0,2,39.0,61.095238095238095,0.0,0.0,0.08,1.56
339,jonas-gregaard,16,0,0,0,0.0,81.9375,0.0,0.0,0.0,0.0
340,stefano-oldani,28,0,0,5,123.0,62.592592592592595,0.0,0.0,0.17857142857142858,4.392857142857143
341,biniam-girmay,23,1,2,9,484.0,32.285714285714285,0.043478260869565216,0.08695652173913043,0.391304347826087,21.043478260869566
342,vadim-pronskiy,22,0,0,0,0.0,75.86363636363636,0.0,0.0,0.0,0.0
343,jenthe-biermans,70,0,0,3,212.0,54.758620689655174,0.0,0.0,0.04285714285714286,3.0285714285714285
344,amanuel-ghebreigzabhier,24,0,0,0,0.0,98.47826086956522,0.0,0.0,0.0,0.0
345,filippo-conca,13,0,0,0,0.0,85.5,0.0,0.0,0.0,0.0
346,romain-combaud,20,0,0,0,5.0,91.15,0.0,0.0,0.0,0.25
347,jake-stewart,26,0,1,4,259.0,33.45454545454545,0.0,0.038461538461538464,0.15384615384615385,9.961538461538462
348,senne-leysen,67,0,0,0,32.0,85.08928571428571,0.0,0.0,0.0,0.47761194029850745
349,attila-valter,23,0,0,0,0.0,78.30434782608695,0.0,0.0,0.0,0.0
350,barnabas-peak,30,0,1,1,100.0,81.44444444444444,0.0,0.03333333333333333,0.03333333333333333,3.3333333333333335
351,alexis-renard,28,0,2,3,150.0,62.16,0.0,0.07142857142857142,0.10714285714285714,5.357142857142857
352,lawrence-warbasse,33,0,0,0,0.0,54.45454545454545,0.0,0.0,0.0,0.0
353,gijs-van-hoecke,58,0,0,0,84.0,63.265306122448976,0.0,0.0,0.0,1.4482758620689655
354,fabian-lienhard,44,0,0,4,105.0,53.26315789473684,0.0,0.0,0.09090909090909091,2.3863636363636362
355,attilio-viviani,39,0,0,0,0.0,69.35135135135135,0.0,0.0,0.0,0.0
356,david-dekker,23,0,2,4,91.0,47.8235294117647,0.0,0.08695652173913043,0.17391304347826086,3.9565217391304346
357,ryan-mullen,59,0,0,1,69.0,77.56521739130434,0.0,0.0,0.01694915254237288,1.1694915254237288
358,max-kanter,46,0,3,18,392.0,30.75609756097561,0.0,0.06521739130434782,0.391304347826087,8.521739130434783
359,niklas-markl,41,0,0,1,66.0,67.23333333333333,0.0,0.0,0.024390243902439025,1.6097560975609757
360,emils-liepins,47,0,0,10,224.0,47.97727272727273,0.0,0.0,0.2127659574468085,4.76595744680851
361,lionel-taminiaux,52,0,0,5,147.0,46.75,0.0,0.0,0.09615384615384616,2.826923076923077
362,filip-maciejuk,17,0,0,0,15.0,74.11764705882354,0.0,0.0,0.0,0.8823529411764706
363,yevgeniy-fedorov,24,0,0,0,23.0,63.04761904761905,0.0,0.0,0.0,0.9583333333333334
364,stanislaw-aniolkowski,48,0,0,9,326.0,34.292682926829265,0.0,0.0,0.1875,6.791666666666667
365,fernando-gaviria,64,3,15,31,1055.0,21.875,0.046875,0.234375,0.484375,16.484375
366,charlie-quarterman,16,0,0,0,0.0,97.75,0.0,0.0,0.0,0.0
367,clement-davy,38,0,0,0,19.0,101.74285714285715,0.0,0.0,0.0,0.5
368,julius-van-den-berg,56,1,1,2,80.0,90.86274509803921,0.017857142857142856,0.017857142857142856,0.03571428571428571,1.4285714285714286
369,alvaro-jose-hodeg,36,3,7,16,517.0,42.73529411764706,0.08333333333333333,0.19444444444444445,0.4444444444444444,14.36111111111111
370,florian-stork,18,0,0,0,10.0,97.6875,0.0,0.0,0.0,0.5555555555555556
371,tom-bohli,71,0,0,0,57.0,87.73214285714286,0.0,0.0,0.0,0.8028169014084507
372,antonio-tiberi,20,0,0,0,0.0,59.89473684210526,0.0,0.0,0.0,0.0
373,ethan-hayter,18,0,0,1,84.0,43.125,0.0,0.0,0.05555555555555555,4.666666666666667
374,samuele-battistella,28,1,1,3,108.0,95.38461538461539,0.03571428571428571,0.03571428571428571,0.10714285714285714,3.857142857142857
375,sylvain-moniquet,20,0,0,0,0.0,111.29411764705883,0.0,0.0,0.0,0.0
376,marco-brenner,12,0,0,0,0.0,56.63636363636363,0.0,0.0,0.0,0.0
377,mark-padun,28,0,0,0,0.0,90.77777777777777,0.0,0.0,0.0,0.0
378,felix-gall,14,0,0,0,3.0,74.27272727272727,0.0,0.0,0.0,0.21428571428571427
379,lucas-hamilton,39,0,0,0,0.0,77.91891891891892,0.0,0.0,0.0,0.0
380,simon-carr,22,0,0,0,7.0,115.54545454545455,0.0,0.0,0.0,0.3181818181818182
381,sean-quinn,11,0,0,0,0.0,69.27272727272727,0.0,0.0,0.0,0.0
382,sebastian-berwick,17,0,0,0,0.0,107.3125,0.0,0.0,0.0,0.0
383,steff-cras,28,0,0,0,0.0,75.76,0.0,0.0,0.0,0.0
384,mauri-vansevenant,17,0,0,0,0.0,83.875,0.0,0.0,0.0,0.0
385,idar-andersen,5,0,0,0,0.0,70.6,0.0,0.0,0.0,0.0
386,abner-gonzalez-rivera,5,0,0,0,0.0,71.8,0.0,0.0,0.0,0.0
387,william-barta,29,0,0,0,0.0,95.51851851851852,0.0,0.0,0.0,0.0
388,laurens-huys,11,0,0,0,0.0,80.9,0.0,0.0,0.0,0.0
389,thomas-champion,18,0,0,0,0.0,98.42857142857143,0.0,0.0,0.0,0.0
390,eduard-prades,19,0,1,1,72.0,35.266666666666666,0.0,0.05263157894736842,0.05263157894736842,3.789473684210526
391,alexandre-delettre,18,0,0,0,5.0,77.6,0.0,0.0,0.0,0.2777777777777778
392,sergio-martin,16,0,0,0,0.0,82.375,0.0,0.0,0.0,0.0
393,juri-hollmann,23,0,0,0,30.0,72.80952380952381,0.0,0.0,0.0,1.3043478260869565
394,oscar-rodriguez,28,0,0,0,5.0,80.92592592592592,0.0,0.0,0.0,0.17857142857142858
395,hugo-page,19,0,2,3,89.0,38.0625,0.0,0.10526315789473684,0.15789473684210525,4.684210526315789
396,stephen-williams,10,0,0,0,0.0,120.25,0.0,0.0,0.0,0.0
397,jhonatan-narvaez,44,0,0,2,126.0,84.95238095238095,0.0,0.0,0.045454545454545456,2.8636363636363638
398,antoine-raugel,27,0,0,0,12.0,63.78260869565217,0.0,0.0,0.0,0.4444444444444444
399,zdenek-stybar,51,1,3,6,491.0,55.224489795918366,0.0196078431372549,0.058823529411764705,0.11764705882352941,9.627450980392156
400,michal-schlegel,6,0,0,0,0.0,62.2,0.0,0.0,0.0,0.0
401,michel-hessmann,13,0,0,0,0.0,90.5,0.0,0.0,0.0,0.0
402,rui-oliveira,58,0,0,1,102.0,66.86538461538461,0.0,0.0,0.017241379310344827,1.7586206896551724
403,mick-van-dijke,21,0,0,1,56.0,63.27777777777778,0.0,0.0,0.047619047619047616,2.6666666666666665
404,anders-skaarseth,39,0,0,0,39.0,63.84848484848485,0.0,0.0,0.0,1.0
405,julen-amezqueta,17,0,0,0,0.0,88.82352941176471,0.0,0.0,0.0,0.0
406,jonathan-milan,22,0,1,2,52.0,64.84210526315789,0.0,0.045454545454545456,0.09090909090909091,2.3636363636363638
407,christian-scaroni,7,0,0,0,20.0,72.85714285714286,0.0,0.0,0.0,2.857142857142857
408,jarrad-drizners,17,0,0,0,0.0,98.17647058823529,0.0,0.0,0.0,0.0
409,daan-hoole,24,0,0,0,25.0,81.23809523809524,0.0,0.0,0.0,1.0416666666666667
410,jonas-iversby-hvideberg,21,0,0,0,13.0,72.70588235294117,0.0,0.0,0.0,0.6190476190476191
411,marijn-van-den-berg,22,0,0,5,94.0,26.904761904761905,0.0,0.0,0.22727272727272727,4.2727272727272725
412,magnus-sheffield,19,0,0,0,37.0,49.76470588235294,0.0,0.0,0.0,1.9473684210526316
413,juan-sebastian-molano,55,2,4,15,445.0,45.87755102040816,0.03636363636363636,0.07272727272727272,0.2727272727272727,8.090909090909092
414,taj-jones,29,0,0,1,17.0,79.82608695652173,0.0,0.0,0.034482758620689655,0.5862068965517241
415,bram-welten,54,1,1,14,561.0,46.61702127659574,0.018518518518518517,0.018518518518518517,0.25925925925925924,10.38888888888889
416,peter-kusztor,13,0,0,0,0.0,63.61538461538461,0.0,0.0,0.0,0.0
417,kamil-malecki,20,0,0,0,8.0,95.58823529411765,0.0,0.0,0.0,0.4
418,diego-andres-camargo,18,0,0,0,0.0,124.5,0.0,0.0,0.0,0.0
419,david-lozano,12,0,0,0,18.0,86.16666666666667,0.0,0.0,0.0,1.5
420,julius-johansen,36,0,0,0,10.0,76.97058823529412,0.0,0.0,0.0,0.2777777777777778
421,yevgeniy-gidich,43,0,0,2,35.0,73.39393939393939,0.0,0.0,0.046511627906976744,0.813953488372093
422,bert-van-lerberghe,71,0,0,6,306.0,46.32835820895522,0.0,0.0,0.08450704225352113,4.309859154929577
423,kelland-brien,21,0,0,1,65.0,101.52941176470588,0.0,0.0,0.047619047619047616,3.0952380952380953
424,gerben-thijssen,48,2,6,16,573.0,35.09756097560975,0.041666666666666664,0.125,0.3333333333333333,11.9375
425,jacopo-mosca,37,0,0,1,16.0,67.5945945945946,0.0,0.0,0.02702702702702703,0.43243243243243246
426,sam-welsford,17,0,2,5,148.0,36.529411764705884,0.0,0.11764705882352941,0.29411764705882354,8.705882352941176
427,salvatore-puccio,39,0,0,0,5.0,92.71794871794872,0.0,0.0,0.0,0.1282051282051282
428,iuri-leitao,5,0,0,0,0.0,48.0,0.0,0.0,0.0,0.0
429,andrea-peron,21,0,0,1,12.0,42.11764705882353,0.0,0.0,0.047619047619047616,0.5714285714285714
430,umberto-poli,8,0,0,0,0.0,141.66666666666666,0.0,0.0,0.0,0.0
431,antwan-tolhoek,23,0,0,0,0.0,105.61904761904762,0.0,0.0,0.0,0.0
432,carl-fredrik-hagen,24,0,0,0,0.0,65.0,0.0,0.0,0.0,0.0
433,merhawi-kudus,30,0,0,0,0.0,58.9,0.0,0.0,0.0,0.0
434,victor-campenaerts,55,1,1,4,301.0,53.54716981132076,0.01818181818181818,0.01818181818181818,0.07272727272727272,5.472727272727273
435,gino-mader,37,0,0,0,0.0,67.10810810810811,0.0,0.0,0.0,0.0
436,simone-petilli,30,0,0,0,0.0,91.23333333333333,0.0,0.0,0.0,0.0
437,andrea-garosio,12,0,0,0,0.0,86.91666666666667,0.0,0.0,0.0,0.0
438,loic-vliegen,42,0,0,2,102.0,68.30555555555556,0.0,0.0,0.047619047619047616,2.4285714285714284
439,matteo-badilatti,21,0,0,0,0.0,108.33333333333333,0.0,0.0,0.0,0.0
440,stefan-de-bod,32,0,0,0,0.0,72.3125,0.0,0.0,0.0,0.0
441,sep-vanmarcke,55,1,2,5,526.0,63.520833333333336,0.01818181818181818,0.03636363636363636,0.09090909090909091,9.563636363636364
442,daniel-navarro,31,0,0,0,0.0,103.76666666666667,0.0,0.0,0.0,0.0
443,timo-roosen,49,0,1,3,177.0,60.361702127659576,0.0,0.02040816326530612,0.061224489795918366,3.6122448979591835
444,pieter-serry,41,0,0,0,0.0,111.66666666666667,0.0,0.0,0.0,0.0
445,antonio-nibali,25,0,0,0,5.0,115.75,0.0,0.0,0.0,0.2
446,floris-de-tier,20,0,0,0,0.0,103.05882352941177,0.0,0.0,0.0,0.0
447,itamar-einhorn,35,0,0,6,174.0,44.62068965517241,0.0,0.0,0.17142857142857143,4.9714285714285715
448,nicola-conci,21,0,0,0,0.0,93.38095238095238,0.0,0.0,0.0,0.0
449,rudiger-selig,60,0,1,3,169.0,45.35849056603774,0.0,0.016666666666666666,0.05,2.816666666666667
450,daniel-mclay,54,1,2,10,361.0,50.41304347826087,0.018518518518518517,0.037037037037037035,0.18518518518518517,6.685185185185185
451,benjamin-perry,17,0,0,0,25.0,89.0,0.0,0.0,0.0,1.4705882352941178
452,ivo-emanuel-alves,31,0,0,0,5.0,73.04347826086956,0.0,0.0,0.0,0.16129032258064516
453,jakub-mareczko,46,0,1,15,295.0,34.906976744186046,0.0,0.021739130434782608,0.32608695652173914,6.413043478260869
454,kristoffer-halvorsen,48,0,1,11,370.0,41.21212121212121,0.0,0.020833333333333332,0.22916666666666666,7.708333333333333
455,callum-scotson,45,0,0,0,5.0,117.02564102564102,0.0,0.0,0.0,0.1111111111111111
456,tom-devriendt,58,0,0,7,256.0,63.46153846153846,0.0,0.0,0.1206896551724138,4.413793103448276
457,shane-archbold,51,0,0,1,26.0,83.06521739130434,0.0,0.0,0.0196078431372549,0.5098039215686274
458,valerio-conti,30,0,0,0,0.0,101.25925925925925,0.0,0.0,0.0,0.0
459,gonzalo-serrano,21,0,0,1,33.0,70.95,0.0,0.0,0.047619047619047616,1.5714285714285714
460,etienne-van-empel,16,0,0,0,5.0,83.76923076923077,0.0,0.0,0.0,0.3125
461,aaron-van-poucke,33,0,0,0,34.0,52.92,0.0,0.0,0.0,1.0303030303030303
462,juan-jose-lobato,23,0,1,2,82.0,41.904761904761905,0.0,0.043478260869565216,0.08695652173913043,3.5652173913043477
463,lindsay-de-vylder,29,0,0,0,32.0,47.56521739130435,0.0,0.0,0.0,1.103448275862069
464,harm-vanhoucke,45,0,0,0,0.0,102.97777777777777,0.0,0.0,0.0,0.0
465,christophe-noppe,68,0,1,9,264.0,56.37735849056604,0.0,0.014705882352941176,0.1323529411764706,3.8823529411764706
466,urko-berrade-fernandez,15,0,0,0,9.0,64.58333333333333,0.0,0.0,0.0,0.6
467,jon-aberasturi,38,0,1,15,280.0,32.114285714285714,0.0,0.02631578947368421,0.39473684210526316,7.368421052631579
468,victor-langellotti,11,0,0,0,0.0,94.22222222222223,0.0,0.0,0.0,0.0
469,matthew-gibson,16,0,0,1,4.0,68.0,0.0,0.0,0.0625,0.25
470,pier-andre-cote,28,0,0,1,63.0,51.13636363636363,0.0,0.0,0.03571428571428571,2.25
471,robbe-ghys,34,0,0,1,71.0,84.70833333333333,0.0,0.0,0.029411764705882353,2.088235294117647
472,simone-bevilacqua,11,0,0,0,0.0,92.55555555555556,0.0,0.0,0.0,0.0
473,matteo-malucelli,15,0,0,4,41.0,46.30769230769231,0.0,0.0,0.26666666666666666,2.7333333333333334
474,yuriy-natarov,19,0,0,0,0.0,84.41176470588235,0.0,0.0,0.0,0.0
475,james-knox,34,0,0,0,0.0,95.17647058823529,0.0,0.0,0.0,0.0
476,lluis-guillermo-mas,37,0,0,0,42.0,70.8529411764706,0.0,0.0,0.0,1.135135135135135
477,miles-scotson,59,0,0,0,21.0,75.6,0.0,0.0,0.0,0.3559322033898305
478,rohan-dennis,26,0,0,0,0.0,119.56,0.0,0.0,0.0,0.0
479,sam-brand,16,0,0,0,0.0,98.6,0.0,0.0,0.0,0.0
480,declan-irvine,6,0,0,0,0.0,80.5,0.0,0.0,0.0,0.0
481,marc-sarreau,40,1,4,16,513.0,26.515151515151516,0.025,0.1,0.4,12.825
482,charles-planet,12,0,0,0,0.0,93.1,0.0,0.0,0.0,0.0
483,chris-harper,17,0,0,1,3.0,65.6470588235294,0.0,0.0,0.058823529411764705,0.17647058823529413
484,mattias-skjelmose-jensen,11,0,0,0,0.0,58.18181818181818,0.0,0.0,0.0,0.0
485,fausto-masnada,23,0,0,1,1.0,65.0,0.0,0.0,0.043478260869565216,0.043478260869565216
486,ben-zwiehoff,22,0,0,0,5.0,83.95,0.0,0.0,0.0,0.22727272727272727
487,jaakko-hanninen,24,0,0,0,0.0,81.5,0.0,0.0,0.0,0.0
488,francois-bidard,21,0,0,0,0.0,78.95238095238095,0.0,0.0,0.0,0.0
489,antonio-pedrero,28,0,0,0,0.0,109.1923076923077,0.0,0.0,0.0,0.0
490,brandon-smith-rivera-vargas,7,0,0,0,0.0,87.71428571428571,0.0,0.0,0.0,0.0
491,hector-carretero,33,0,0,0,0.0,103.86666666666666,0.0,0.0,0.0,0.0
492,wesley-kreder,64,0,0,0,43.0,76.19298245614036,0.0,0.0,0.0,0.671875
493,kevin-colleoni,7,0,0,0,0.0,95.28571428571429,0.0,0.0,0.0,0.0
494,ivan-ramiro-sosa,21,0,0,0,0.0,104.0,0.0,0.0,0.0,0.0
495,inigo-elosegui,16,0,0,0,5.0,54.6,0.0,0.0,0.0,0.3125
496,lasse-norman-leth,33,0,0,0,25.0,90.34782608695652,0.0,0.0,0.0,0.7575757575757576
497,martin-laas,44,0,2,4,132.0,67.90322580645162,0.0,0.045454545454545456,0.09090909090909091,3.0
498,hermann-pernsteiner,24,0,0,0,0.0,63.291666666666664,0.0,0.0,0.0,0.0
499,mikel-bizkarra,18,0,0,0,0.0,129.8235294117647,0.0,0.0,0.0,0.0
500,damien-howson,32,0,0,0,0.0,94.74193548387096,0.0,0.0,0.0,0.0
501,jose-herrada,23,0,0,0,20.0,102.47826086956522,0.0,0.0,0.0,0.8695652173913043
502,mikel-iturria,22,0,0,0,0.0,116.0,0.0,0.0,0.0,0.0
503,fernando-barcelo,17,0,0,0,18.0,77.0,0.0,0.0,0.0,1.0588235294117647
504,jonathan-lastra,19,0,0,0,0.0,79.22222222222223,0.0,0.0,0.0,0.0
505,luis-angel-mate,25,0,0,0,0.0,81.17391304347827,0.0,0.0,0.0,0.0
506,jetse-bol,29,0,0,0,1.0,65.55555555555556,0.0,0.0,0.0,0.034482758620689655
507,damien-touze,49,0,0,0,110.0,48.19512195121951,0.0,0.0,0.0,2.2448979591836733
508,yukiya-arashiro,27,0,0,0,30.0,82.84615384615384,0.0,0.0,0.0,1.1111111111111112
509,sergio-samitier,18,0,0,0,0.0,94.88888888888889,0.0,0.0,0.0,0.0
510,nathan-van-hooydonck,38,0,1,2,222.0,66.0,0.0,0.02631578947368421,0.05263157894736842,5.842105263157895
511,angel-madrazo,18,0,0,0,0.0,86.23529411764706,0.0,0.0,0.0,0.0
512,jesus-ezquerra-muela,23,0,0,1,20.0,46.05263157894737,0.0,0.0,0.043478260869565216,0.8695652173913043
513,domen-novak,22,0,0,0,0.0,136.31578947368422,0.0,0.0,0.0,0.0
514,alex-kirsch,60,0,0,0,62.0,82.67307692307692,0.0,0.0,0.0,1.0333333333333334
515,rasmus-tiller,45,1,3,9,505.0,62.3235294117647,0.022222222222222223,0.06666666666666667,0.2,11.222222222222221
516,szymon-sajnok,49,0,1,3,191.0,65.42857142857143,0.0,0.02040816326530612,0.061224489795918366,3.8979591836734695
517,lennard-hofstede,35,0,0,0,0.0,95.65625,0.0,0.0,0.0,0.0
518,clement-champoussin,18,0,0,0,0.0,82.5,0.0,0.0,0.0,0.0
519,juan-pedro-lopez,20,0,0,0,0.0,82.25,0.0,0.0,0.0,0.0
520,santiago-buitrago-sanchez,14,0,0,0,0.0,104.0,0.0,0.0,0.0,0.0
521,michel-ries,12,0,0,0,1.0,100.44444444444444,0.0,0.0,0.0,0.08333333333333333
522,jhojan-garcia,5,0,0,0,0.0,71.4,0.0,0.0,0.0,0.0
523,jannik-steimle,32,0,0,1,83.0,59.241379310344826,0.0,0.0,0.03125,2.59375
524,cameron-wurf,16,0,0,0,5.0,108.45454545454545,0.0,0.0,0.0,0.3125
525,remy-mertz,24,0,0,0,18.0,63.21739130434783,0.0,0.0,0.0,0.75
526,lorrenzo-manzin,49,0,0,7,214.0,50.114285714285714,0.0,0.0,0.14285714285714285,4.36734693877551
527,juan-ayuso-pesquera,5,0,0,0,1.0,42.8,0.0,0.0,0.0,0.2
528,carlos-rodriguez-cano,9,0,0,0,8.0,43.5,0.0,0.0,0.0,0.8888888888888888
529,jose-felix-parra,9,0,0,0,0.0,91.25,0.0,0.0,0.0,0.0
530,sam-oomen,29,0,0,0,1.0,40.607142857142854,0.0,0.0,0.0,0.034482758620689655
531,ilan-van-wilder,12,0,0,0,7.0,48.3,0.0,0.0,0.0,0.5833333333333334
532,jose-manuel-diaz-gallego,6,0,0,0,0.0,88.16666666666667,0.0,0.0,0.0,0.0
533,raul-garcia-pierna,6,0,0,0,0.0,75.16666666666667,0.0,0.0,0.0,0.0
534,louis-vervaeke,32,0,0,0,7.0,98.125,0.0,0.0,0.0,0.21875
535,simon-guglielmi,17,0,0,0,3.0,89.41176470588235,0.0,0.0,0.0,0.17647058823529413
536,ben-turner,14,0,0,2,118.0,55.714285714285715,0.0,0.0,0.14285714285714285,8.428571428571429
537,nicolas-prodhomme,23,0,0,0,0.0,82.71428571428571,0.0,0.0,0.0,0.0
538,patrick-bevin,25,0,0,2,20.0,57.27272727272727,0.0,0.0,0.08,0.8
539,gotzon-martin,13,0,0,0,10.0,50.76923076923077,0.0,0.0,0.0,0.7692307692307693
540,vojtech-repa,6,0,0,0,0.0,110.0,0.0,0.0,0.0,0.0
541,joan-bou,17,0,0,0,0.0,110.6,0.0,0.0,0.0,0.0
542,carlos-canal,17,0,0,0,24.0,52.25,0.0,0.0,0.0,1.411764705882353
543,ibai-azurmendi-sagastibel,6,0,0,0,0.0,97.16666666666667,0.0,0.0,0.0,0.0
544,james-shaw,9,0,0,0,5.0,76.77777777777777,0.0,0.0,0.0,0.5555555555555556
545,xabier-mikel-azparren-irurzun,20,0,0,0,0.0,120.47058823529412,0.0,0.0,0.0,0.0
546,luke-plapp,16,0,0,1,4.0,77.25,0.0,0.0,0.0625,0.25
547,ander-okamika,15,0,0,0,0.0,112.0,0.0,0.0,0.0,0.0
548,francisco-galvan,10,0,0,0,0.0,77.57142857142857,0.0,0.0,0.0,0.0
549,jimmy-janssens,23,0,0,0,20.0,112.54545454545455,0.0,0.0,0.0,0.8695652173913043
550,cedric-beullens,47,0,0,6,167.0,37.48780487804878,0.0,0.0,0.1276595744680851,3.5531914893617023
551,baptiste-planckaert,45,0,1,6,315.0,56.58536585365854,0.0,0.022222222222222223,0.13333333333333333,7.0
552,dries-de-bondt,59,1,4,8,460.0,56.310344827586206,0.01694915254237288,0.06779661016949153,0.13559322033898305,7.796610169491525
553,nico-denz,54,0,0,1,64.0,83.18604651162791,0.0,0.0,0.018518518518518517,1.1851851851851851
554,piet-allegaert,72,1,3,18,793.0,37.84848484848485,0.013888888888888888,0.041666666666666664,0.25,11.01388888888889
555,elmar-reinders,31,0,0,0,14.0,60.95,0.0,0.0,0.0,0.45161290322580644
556,nacer-bouhanni,32,1,11,16,1003.0,21.96,0.03125,0.34375,0.5,31.34375
557,lawrence-naesen,50,0,0,7,272.0,35.41025641025641,0.0,0.0,0.14,5.44
558,milan-menten,48,1,1,6,313.0,41.52272727272727,0.020833333333333332,0.020833333333333332,0.125,6.520833333333333
559,otto-vergaerde,40,0,0,0,46.0,85.29032258064517,0.0,0.0,0.0,1.15
560,kenneth-van-rooy,47,0,1,5,261.0,36.292682926829265,0.0,0.02127659574468085,0.10638297872340426,5.553191489361702
561,mathijs-paasschens,25,0,0,0,16.0,83.35,0.0,0.0,0.0,0.64
562,sasha-weemaes,36,0,2,6,232.0,51.869565217391305,0.0,0.05555555555555555,0.16666666666666666,6.444444444444445
563,mathieu-van-der-poel,30,5,6,11,1163.0,31.321428571428573,0.16666666666666666,0.2,0.36666666666666664,38.766666666666666
564,dries-van-gestel,49,1,2,13,609.0,41.71111111111111,0.02040816326530612,0.04081632653061224,0.2653061224489796,12.428571428571429
565,matthew-walls,15,1,1,1,164.0,50.111111111111114,0.06666666666666667,0.06666666666666667,0.06666666666666667,10.933333333333334
566,alessandro-fedeli,9,0,0,0,13.0,93.28571428571429,0.0,0.0,0.0,1.4444444444444444
567,alexis-guerin,9,0,0,0,10.0,86.28571428571429,0.0,0.0,0.0,1.1111111111111112
568,guy-sagiv,26,0,0,0,10.0,103.55555555555556,0.0,0.0,0.0,0.38461538461538464
569,tobias-foss,15,0,1,2,79.0,60.4,0.0,0.06666666666666667,0.13333333333333333,5.266666666666667
570,mauro-schmid,20,0,0,0,4.0,72.95,0.0,0.0,0.0,0.2
571,robin-froidevaux,4,0,0,1,23.0,16.75,0.0,0.0,0.25,5.75
572,nickolas-zukowsky,21,0,1,1,105.0,55.578947368421055,0.0,0.047619047619047616,0.047619047619047616,5.0
573,andre-carvalho,36,0,0,0,27.0,70.58620689655173,0.0,0.0,0.0,0.75
574,johan-jacobs,39,0,0,0,71.0,67.91428571428571,0.0,0.0,0.0,1.8205128205128205
575,kevin-vermaerke,11,0,0,0,5.0,89.33333333333333,0.0,0.0,0.0,0.45454545454545453
576,leon-heinschke,18,0,0,0,5.0,88.8,0.0,0.0,0.0,0.2777777777777778
577,joel-suter,19,0,0,0,18.0,79.53846153846153,0.0,0.0,0.0,0.9473684210526315
578,gleb-brussenskiy,5,0,0,0,0.0,51.666666666666664,0.0,0.0,0.0,0.0
579,ben-healy,10,0,0,0,20.0,86.4,0.0,0.0,0.0,2.0
580,luc-wirtgen,12,0,0,0,0.0,69.27272727272727,0.0,0.0,0.0,0.0
581,jens-reynders,33,0,0,4,150.0,37.964285714285715,0.0,0.0,0.12121212121212122,4.545454545454546
582,patrick-gamper,44,0,0,0,23.0,86.6,0.0,0.0,0.0,0.5227272727272727
583,tomas-barta,2,0,0,0,0.0,51.5,0.0,0.0,0.0,0.0
584,henok-mulubrhan,3,0,0,0,4.0,75.33333333333333,0.0,0.0,0.0,1.3333333333333333
585,roger-adria,6,0,0,0,7.0,94.25,0.0,0.0,0.0,1.1666666666666667
586,paul-wright,2,0,0,0,0.0,87.0,0.0,0.0,0.0,0.0
587,martin-urianstad,21,0,0,0,26.0,60.470588235294116,0.0,0.0,0.0,1.2380952380952381
588,eddy-fine,28,0,0,0,18.0,85.5909090909091,0.0,0.0,0.0,0.6428571428571429
589,arthur-kluckers,9,0,0,0,0.0,85.42857142857143,0.0,0.0,0.0,0.0
590,veljko-stojnic,2,0,0,0,0.0,99.0,0.0,0.0,0.0,0.0
591,petr-kelemeh,4,0,0,0,0.0,71.33333333333333,0.0,0.0,0.0,0.0
592,jacob-hindsgaul-madsen,3,0,0,0,0.0,103.0,0.0,0.0,0.0,0.0
593,jacob-eriksson,4,0,0,0,0.0,51.5,0.0,0.0,0.0,0.0
594,ethan-batt,6,0,0,0,0.0,87.4,0.0,0.0,0.0,0.0
595,james-fouche,9,0,0,0,0.0,83.4,0.0,0.0,0.0,0.0
596,karl-patrick-lauk,18,0,0,0,17.0,77.25,0.0,0.0,0.0,0.9444444444444444
597,stan-van-tricht,28,0,0,2,82.0,50.76923076923077,0.0,0.0,0.07142857142857142,2.9285714285714284
598,erik-fetter,8,0,0,0,0.0,96.66666666666667,0.0,0.0,0.0,0.0
599,tobias-bayer,26,0,1,2,81.0,56.869565217391305,0.0,0.038461538461538464,0.07692307692307693,3.1153846153846154
600,manuel-penalver,14,0,0,1,39.0,47.81818181818182,0.0,0.0,0.07142857142857142,2.7857142857142856
601,david-gonzalez-lopez,11,0,0,0,9.0,63.22222222222222,0.0,0.0,0.0,0.8181818181818182
602,colin-joyce,27,0,0,0,31.0,58.43478260869565,0.0,0.0,0.0,1.1481481481481481
603,aaron-verwilst,33,0,0,0,17.0,72.37037037037037,0.0,0.0,0.0,0.5151515151515151
604,oscar-riesebeek,42,1,1,2,172.0,93.0,0.023809523809523808,0.023809523809523808,0.047619047619047616,4.095238095238095
605,august-jensen,34,0,0,1,48.0,68.58333333333333,0.0,0.0,0.029411764705882353,1.411764705882353
606,ludovic-robeet,55,1,1,2,212.0,78.1086956521739,0.01818181818181818,0.01818181818181818,0.03636363636363636,3.8545454545454545
607,arvid-de-kleijn,27,0,0,7,176.0,32.333333333333336,0.0,0.0,0.25925925925925924,6.518518518518518
608,maikel-zijlaard,18,0,0,0,6.0,68.3076923076923,0.0,0.0,0.0,0.3333333333333333
609,arjen-livyns,41,0,0,1,118.0,64.25,0.0,0.0,0.024390243902439025,2.8780487804878048
610,thibault-guernalec,13,0,0,0,0.0,114.77777777777777,0.0,0.0,0.0,0.0
611,lennert-teugels,26,0,0,0,12.0,53.17391304347826,0.0,0.0,0.0,0.46153846153846156
612,dimitri-peyskens,23,0,0,0,5.0,72.41176470588235,0.0,0.0,0.0,0.21739130434782608
613,laurent-pichon,22,0,0,2,116.0,64.85714285714286,0.0,0.0,0.09090909090909091,5.2727272727272725
614,tim-naberman,20,0,0,0,0.0,73.46153846153847,0.0,0.0,0.0,0.0
615,nicolas-dalla-valle,7,0,0,0,0.0,106.5,0.0,0.0,0.0,0.0
616,samuel-gaze,8,0,0,0,3.0,48.4,0.0,0.0,0.0,0.375
617,joonas-henttala,12,0,0,0,0.0,97.5,0.0,0.0,0.0,0.0
618,simon-pellaud,20,0,0,0,0.0,80.2,0.0,0.0,0.0,0.0
619,marco-tizza,4,0,0,0,0.0,101.5,0.0,0.0,0.0,0.0
620,corey-davis,7,0,0,0,0.0,82.5,0.0,0.0,0.0,0.0
621,louis-bendixen,6,0,0,0,8.0,46.6,0.0,0.0,0.0,1.3333333333333333
622,soren-waerenskjold,21,0,0,1,86.0,37.166666666666664,0.0,0.0,0.047619047619047616,4.095238095238095
623,erlend-blikra,18,0,0,2,56.0,54.3125,0.0,0.0,0.1111111111111111,3.111111111111111
624,mika-heming,8,0,0,0,0.0,72.0,0.0,0.0,0.0,0.0
625,adam-de-vos,22,0,0,0,0.0,80.54545454545455,0.0,0.0,0.0,0.0
626,lucas-eriksson,12,0,0,0,8.0,58.55555555555556,0.0,0.0,0.0,0.6666666666666666
627,gilles-de-wilde,25,0,0,1,51.0,59.0,0.0,0.0,0.04,2.04
628,fabio-van-den-bossche,24,0,0,0,27.0,68.0909090909091,0.0,0.0,0.0,1.125
629,donavan-grondin,44,0,0,1,67.0,47.375,0.0,0.0,0.022727272727272728,1.5227272727272727
630,paniego-fuentes,11,0,0,0,13.0,45.45454545454545,0.0,0.0,0.0,1.1818181818181819
631,joel-nicolau,6,0,0,0,0.0,68.75,0.0,0.0,0.0,0.0
632,kristian-aasvold,5,0,0,1,14.0,36.6,0.0,0.0,0.2,2.8
633,diego-pablo-sevilla,5,0,0,0,0.0,85.0,0.0,0.0,0.0,0.0
634,antonio-soto,13,0,0,1,51.0,21.307692307692307,0.0,0.0,0.07692307692307693,3.923076923076923
635,ibon-ruiz,7,0,0,0,0.0,100.0,0.0,0.0,0.0,0.0
636,peio-goikoetxea,8,0,0,0,0.0,81.42857142857143,0.0,0.0,0.0,0.0
637,oier-lazkano,27,0,0,0,15.0,109.95652173913044,0.0,0.0,0.0,0.5555555555555556
638,marti-marquez,4,0,0,0,1.0,47.0,0.0,0.0,0.0,0.25
639,jonas-abrahamsen,27,0,0,0,0.0,80.41176470588235,0.0,0.0,0.0,0.0
640,erik-nordsaeter-resell,35,0,0,1,56.0,57.03125,0.0,0.0,0.02857142857142857,1.6
641,markus-hoelgaard,11,0,0,0,26.0,63.333333333333336,0.0,0.0,0.0,2.3636363636363638
642,martin-marcellusi,2,0,0,0,5.0,74.0,0.0,0.0,0.0,2.5
643,alessandro-iacchi,4,0,0,0,0.0,87.0,0.0,0.0,0.0,0.0
644,samuele-rivi,18,0,0,0,0.0,133.72222222222223,0.0,0.0,0.0,0.0
645,sander-de-pestel,26,0,0,0,23.0,66.45,0.0,0.0,0.0,0.8846153846153846
646,finn-fisher-black,15,0,0,0,0.0,105.6923076923077,0.0,0.0,0.0,0.0
647,alexander-kamp,13,0,0,0,1.0,100.125,0.0,0.0,0.0,0.07692307692307693
648,laurenz-rex,46,0,0,1,94.0,56.80555555555556,0.0,0.0,0.021739130434782608,2.0434782608695654
649,paul-penhoet,15,0,0,3,63.0,39.84615384615385,0.0,0.0,0.2,4.2
650,dusan-rajovic,15,0,0,0,7.0,43.0,0.0,0.0,0.0,0.4666666666666667
651,antonio-angulo,7,0,0,0,10.0,83.0,0.0,0.0,0.0,1.4285714285714286
652,orluis-aular,6,0,0,0,14.0,38.333333333333336,0.0,0.0,0.0,2.3333333333333335
653,torstein-traeen,5,0,0,0,0.0,75.0,0.0,0.0,0.0,0.0
654,stephen-bassett,23,0,0,0,5.0,76.14285714285714,0.0,0.0,0.0,0.21739130434782608
655,julian-mertens,12,0,0,0,25.0,54.375,0.0,0.0,0.0,2.0833333333333335
656,lewis-askey,23,0,0,0,37.0,55.68421052631579,0.0,0.0,0.0,1.608695652173913
657,blake-quick,10,0,0,0,0.0,62.22222222222222,0.0,0.0,0.0,0.0
658,jensen-plowright,11,0,0,1,20.0,36.0,0.0,0.0,0.09090909090909091,1.8181818181818181
659,alex-colman,26,0,0,0,5.0,71.57894736842105,0.0,0.0,0.0,0.19230769230769232
660,arne-marit,38,0,0,9,264.0,38.470588235294116,0.0,0.0,0.23684210526315788,6.947368421052632
661,ruben-apers,27,0,0,1,42.0,58.63157894736842,0.0,0.0,0.037037037037037035,1.5555555555555556
662,sebastien-grignard,26,0,0,0,10.0,84.15789473684211,0.0,0.0,0.0,0.38461538461538464
663,frederik-rodenberg,9,0,0,0,0.0,121.5,0.0,0.0,0.0,0.0
664,niklas-larsen,8,0,0,0,0.0,28.0,0.0,0.0,0.0,0.0
665,tom-paquot,29,0,0,1,22.0,79.16,0.0,0.0,0.034482758620689655,0.7586206896551724
666,maurice-ballerstedt,22,0,0,1,23.0,68.8,0.0,0.0,0.045454545454545456,1.0454545454545454
667,marius-mayrhofer,13,0,0,3,31.0,21.166666666666668,0.0,0.0,0.23076923076923078,2.3846153846153846
668,wessel-krul,16,0,0,1,37.0,35.875,0.0,0.0,0.0625,2.3125
669,rory-townsend,11,0,0,1,19.0,46.111111111111114,0.0,0.0,0.09090909090909091,1.7272727272727273
670,dries-de-pooter,16,0,0,0,13.0,50.30769230769231,0.0,0.0,0.0,0.8125
671,danny-van-der-tuuk,7,0,0,0,0.0,73.6,0.0,0.0,0.0,0.0
672,rick-pluimers,14,0,0,1,14.0,59.714285714285715,0.0,0.0,0.07142857142857142,1.0
673,jacob-scott,10,0,0,1,32.0,41.9,0.0,0.0,0.1,3.2
674,matthew-bostock,7,0,0,3,65.0,32.0,0.0,0.0,0.42857142857142855,9.285714285714286
675,gianmarco-garofoli,1,0,0,0,0.0,,0.0,0.0,0.0,0.0
676,casper-van-uden,20,0,0,2,111.0,40.1875,0.0,0.0,0.1,5.55
677,laurence-pithie,11,0,0,1,18.0,70.0,0.0,0.0,0.09090909090909091,1.6363636363636365
678,ward-vanhoof,36,0,0,0,60.0,47.96969696969697,0.0,0.0,0.0,1.6666666666666667
679,enzo-paleni,5,0,0,0,0.0,66.25,0.0,0.0,0.0,0.0
680,pavel-bittner,13,0,0,0,15.0,54.9,0.0,0.0,0.0,1.1538461538461537
681,jules-hesters,19,0,0,2,74.0,48.5,0.0,0.0,0.10526315789473684,3.8947368421052633
682,henri-vandenabeele,5,0,0,0,0.0,135.25,0.0,0.0,0.0,0.0
683,tobias-lund-andresen,10,0,0,0,14.0,80.0,0.0,0.0,0.0,1.4
684,leo-hayter,6,0,0,0,0.0,106.6,0.0,0.0,0.0,0.0
685,oscar-onley,3,0,0,0,0.0,89.0,0.0,0.0,0.0,0.0
686,samuele-zambelli,3,0,1,1,41.0,18.333333333333332,0.0,0.3333333333333333,0.3333333333333333,13.666666666666666
687,luca-colnaghi,15,0,0,2,64.0,42.09090909090909,0.0,0.0,0.13333333333333333,4.266666666666667
688,stefano-gandin,1,0,0,1,20.0,7.0,0.0,0.0,1.0,20.0
689,lorenzo-milesi,2,0,0,0,0.0,53.0,0.0,0.0,0.0,0.0
690,ryan-christensen,12,0,0,0,14.0,38.9,0.0,0.0,0.0,1.1666666666666667
691,alessio-martinelli,1,0,0,0,0.0,54.0,0.0,0.0,0.0,0.0
692,simone-raccani,16,0,0,0,0.0,106.0625,0.0,0.0,0.0,0.0
693,paul-double,1,0,0,0,0.0,60.0,0.0,0.0,0.0,0.0
694,alex-tolio,2,0,0,0,0.0,96.5,0.0,0.0,0.0,0.0
695,mattia-petrucci,1,0,0,0,0.0,83.0,0.0,0.0,0.0,0.0
696,negasi-abreha,1,0,0,0,0.0,84.0,0.0,0.0,0.0,0.0
697,mathias-vacek,8,1,1,1,50.0,54.57142857142857,0.125,0.125,0.125,6.25
698,riccardo-lucca,7,0,0,0,0.0,112.28571428571429,0.0,0.0,0.0,0.0
699,alessandro-fancellu,2,0,0,0,0.0,86.0,0.0,0.0,0.0,0.0
700,unai-cuadrado,3,0,0,0,0.0,73.5,0.0,0.0,0.0,0.0
701,txomin-juaristi,6,0,0,0,0.0,81.16666666666667,0.0,0.0,0.0,0.0
702,jason-tesson,18,0,0,5,175.0,32.666666666666664,0.0,0.0,0.2777777777777778,9.722222222222221
703,jon-barrenetxea-golzarri,5,0,0,0,0.0,55.4,0.0,0.0,0.0,0.0
704,filippo-magli2,18,0,0,0,15.0,61.388888888888886,0.0,0.0,0.0,0.8333333333333334
705,josu-etxeberria-azpilikueta,5,0,0,0,0.0,106.6,0.0,0.0,0.0,0.0
706,yannis-voisard,10,0,0,0,0.0,63.0,0.0,0.0,0.0,0.0
707,lars-van-den-berg,9,0,0,0,13.0,83.5,0.0,0.0,0.0,1.4444444444444444
708,roland-thalmann,6,0,0,0,0.0,43.833333333333336,0.0,0.0,0.0,0.0
709,alois-charrin,5,0,0,0,0.0,59.8,0.0,0.0,0.0,0.0
710,felipe-orts,3,0,0,0,0.0,86.66666666666667,0.0,0.0,0.0,0.0
711,iker-ballarin-manso,4,0,0,0,0.0,73.25,0.0,0.0,0.0,0.0
712,mario-aparicio-munoz,5,0,0,0,0.0,80.25,0.0,0.0,0.0,0.0
713,ethan-vernon,13,1,1,3,150.0,42.333333333333336,0.07692307692307693,0.07692307692307693,0.23076923076923078,11.538461538461538
714,enrico-zanoncello,12,0,0,0,17.0,29.875,0.0,0.0,0.0,1.4166666666666667
715,oscar-pelegri,8,0,0,0,22.0,42.0,0.0,0.0,0.0,2.75
716,fabio-christen,4,0,0,0,0.0,47.75,0.0,0.0,0.0,0.0
717,jan-maas,9,0,0,0,0.0,57.111111111111114,0.0,0.0,0.0,0.0
718,carlos-garcia-pierna,5,0,0,0,0.0,81.6,0.0,0.0,0.0,0.0
719,samuel-watson,8,0,0,1,55.0,47.125,0.0,0.0,0.125,6.875
720,cory-greenberg,1,0,0,0,0.0,143.0,0.0,0.0,0.0,0.0
721,jon-agirre,4,0,0,0,0.0,143.0,0.0,0.0,0.0,0.0
722,pelayo-sanchez-mayo,9,0,0,0,0.0,96.14285714285714,0.0,0.0,0.0,0.0
723,jordi-lopez-caravaca,5,0,0,0,0.0,45.0,0.0,0.0,0.0,0.0
724,tom-sexton,14,0,0,0,0.0,64.36363636363636,0.0,0.0,0.0,0.0
725,cyrus-monk,10,0,0,0,0.0,77.16666666666667,0.0,0.0,0.0,0.0
726,logan-currie,7,0,0,0,0.0,56.0,0.0,0.0,0.0,0.0
727,nathan-vandepitte,10,0,0,1,29.0,51.25,0.0,0.0,0.1,2.9
728,logan-phippen,5,0,0,0,0.0,,0.0,0.0,0.0,0.0
729,stephen-clancy,4,0,0,0,0.0,,0.0,0.0,0.0,0.0
730,luke-mudgway,8,0,0,0,8.0,36.333333333333336,0.0,0.0,0.0,1.0
731,tord-gudmestad,13,0,0,0,21.0,47.5,0.0,0.0,0.0,1.6153846153846154
732,sean-flynn,11,0,0,0,29.0,28.09090909090909,0.0,0.0,0.0,2.6363636363636362
733,louis-blouwe,15,0,0,0,7.0,60.36363636363637,0.0,0.0,0.0,0.4666666666666667
734,fredrik-dversnes,9,0,0,0,9.0,49.0,0.0,0.0,0.0,1.0
735,ceriel-desal,14,0,0,0,5.0,56.07692307692308,0.0,0.0,0.0,0.35714285714285715
736,matthew-riccitello,7,0,0,0,0.0,69.0,0.0,0.0,0.0,0.0
737,rune-herregodts,16,1,1,3,165.0,71.57142857142857,0.0625,0.0625,0.1875,10.3125
738,harrison-wood,7,0,0,0,0.0,76.5,0.0,0.0,0.0,0.0
739,mathis-le-berre,7,0,0,0,0.0,77.71428571428571,0.0,0.0,0.0,0.0
740,corbin-strong,12,0,0,2,65.0,35.55555555555556,0.0,0.0,0.16666666666666666,5.416666666666667
741,johannes-adamietz,4,0,0,0,0.0,70.0,0.0,0.0,0.0,0.0
742,thomas-bonnet,12,0,0,0,0.0,64.875,0.0,0.0,0.0,0.0
743,thibau-nys,6,0,1,1,63.0,12.75,0.0,0.16666666666666666,0.16666666666666666,10.5
744,axel-zingle,15,0,0,4,116.0,26.785714285714285,0.0,0.0,0.26666666666666666,7.733333333333333
745,dorian-de-maeght,15,0,0,0,9.0,57.45454545454545,0.0,0.0,0.0,0.6
746,campbell-stewart,25,0,0,1,44.0,63.80952380952381,0.0,0.0,0.04,1.76
747,matthew-dinham,4,0,0,0,0.0,91.33333333333333,0.0,0.0,0.0,0.0
748,tim-van-dijke,9,0,0,0,8.0,56.25,0.0,0.0,0.0,0.8888888888888888
749,charlesetienne-chretien,3,0,0,0,0.0,53.0,0.0,0.0,0.0,0.0
750,anton-palzer,12,0,0,0,0.0,86.9090909090909,0.0,0.0,0.0,0.0
751,emilien-jeanniere,6,0,0,0,0.0,64.0,0.0,0.0,0.0,0.0
752,aaron-gate,10,0,0,0,0.0,58.0,0.0,0.0,0.0,0.0
753,sindre-kulset,3,0,0,0,0.0,102.5,0.0,0.0,0.0,0.0
754,magnus-kulset,1,0,0,0,0.0,91.0,0.0,0.0,0.0,0.0
755,thomas-gloag,6,0,0,0,18.0,63.0,0.0,0.0,0.0,3.0
756,james-oram,2,0,0,0,0.0,,0.0,0.0,0.0,0.0
757,louis-barre,5,0,0,0,0.0,95.66666666666667,0.0,0.0,0.0,0.0
758,embret-svestad-bardseng,1,0,0,0,0.0,43.0,0.0,0.0,0.0,0.0
759,maxim-van-gils,13,0,0,0,0.0,74.36363636363636,0.0,0.0,0.0,0.0
760,alan-banaszek,3,0,0,1,20.0,37.0,0.0,0.0,0.3333333333333333,6.666666666666667
761,johan-price-pejtersen,12,0,0,0,0.0,119.44444444444444,0.0,0.0,0.0,0.0
762,alexandre-balmer,6,0,0,1,43.0,63.25,0.0,0.0,0.16666666666666666,7.166666666666667
763,paul-lapeira,16,0,1,1,30.0,67.1875,0.0,0.0625,0.0625,1.875
764,jokin-murguialday-elorza,4,0,0,0,0.0,88.0,0.0,0.0,0.0,0.0
765,valentin-retailleau,6,0,0,0,0.0,92.33333333333333,0.0,0.0,0.0,0.0
766,mulu-kinfe-hailemichael,3,0,0,0,0.0,100.0,0.0,0.0,0.0,0.0
767,sjoerd-bax,9,0,0,0,0.0,81.44444444444444,0.0,0.0,0.0,0.0
768,kim-heiduk,15,0,0,1,17.0,34.15384615384615,0.0,0.0,0.06666666666666667,1.1333333333333333
769,alex-jaime-fernandez,8,0,0,0,12.0,24.0,0.0,0.0,0.0,1.5
770,samuele-zoccarato,25,0,0,0,0.0,92.9047619047619,0.0,0.0,0.0,0.0
771,javier-romo,5,0,0,0,0.0,110.0,0.0,0.0,0.0,0.0
772,filippo-zana,13,0,0,0,0.0,102.61538461538461,0.0,0.0,0.0,0.0
773,antonio-puppio,12,0,0,0,0.0,65.28571428571429,0.0,0.0,0.0,0.0
774,hugo-toumire,6,0,0,0,0.0,59.833333333333336,0.0,0.0,0.0,0.0
775,alan-jousseaume,5,0,0,0,20.0,65.8,0.0,0.0,0.0,4.0
776,robbe-ceurens,2,0,0,0,0.0,,0.0,0.0,0.0,0.0
777,anthon-charmig,1,0,0,0,0.0,41.0,0.0,0.0,0.0,0.0
778,jason-osborne,9,0,0,0,0.0,66.0,0.0,0.0,0.0,0.0
779,lucas-dauge,2,0,0,0,0.0,89.0,0.0,0.0,0.0,0.0
780,filippo-baroncini,4,0,0,0,0.0,24.5,0.0,0.0,0.0,0.0
781,unai-iribar-jauregi,4,0,0,0,0.0,69.5,0.0,0.0,0.0,0.0
782,asbjorn-hellemose,9,0,0,0,5.0,63.111111111111114,0.0,0.0,0.0,0.5555555555555556
783,gijs-leemreize,7,0,0,0,0.0,93.57142857142857,0.0,0.0,0.0,0.0
784,giulio-masotto,3,0,0,0,0.0,145.0,0.0,0.0,0.0,0.0
785,pau-miquel-delgado,7,0,0,0,0.0,96.75,0.0,0.0,0.0,0.0
786,kevin-vauquelin,10,0,0,1,26.0,38.0,0.0,0.0,0.1,2.6
787,tobias-halland-johannessen,5,0,0,0,5.0,99.25,0.0,0.0,0.0,1.0
788,arnaud-de-lie,27,7,11,19,1042.0,16.88,0.25925925925925924,0.4074074074074074,0.7037037037037037,38.592592592592595
789,milan-fretin,17,0,0,1,59.0,56.30769230769231,0.0,0.0,0.058823529411764705,3.4705882352941178
790,sandy-dujardin,14,0,1,4,160.0,31.363636363636363,0.0,0.07142857142857142,0.2857142857142857,11.428571428571429
791,felix-gros,11,0,0,0,35.0,54.0,0.0,0.0,0.0,3.1818181818181817
792,tuur-dens,13,0,0,0,5.0,76.9,0.0,0.0,0.0,0.38461538461538464
793,william-blume-levy,12,0,0,0,16.0,79.75,0.0,0.0,0.0,1.3333333333333333
794,vito-braet,14,0,0,2,53.0,45.63636363636363,0.0,0.0,0.14285714285714285,3.7857142857142856
795,victor-koretzky,3,0,0,0,5.0,67.33333333333333,0.0,0.0,0.0,1.6666666666666667
796,vinicius-rangel-costa,4,0,0,0,5.0,71.5,0.0,0.0,0.0,1.25
797,matevz-govekar,5,0,0,0,5.0,72.6,0.0,0.0,0.0,1.0
798,marc-brustenga-masague,17,0,0,1,6.0,71.0,0.0,0.0,0.058823529411764705,0.35294117647058826
799,andrii-ponomar,13,0,0,0,0.0,75.91666666666667,0.0,0.0,0.0,0.0
800,asier-etxeberria,2,0,0,0,0.0,69.0,0.0,0.0,0.0,0.0
801,igor-arrieta-lizarraga,2,0,0,0,0.0,78.0,0.0,0.0,0.0,0.0
802,andres-camilo-ardila,4,0,0,0,0.0,90.5,0.0,0.0,0.0,0.0
803,xabier-isasa-larranaga,3,0,0,0,0.0,68.33333333333333,0.0,0.0,0.0,0.0
804,frederik-wandahl,7,0,0,1,22.0,90.28571428571429,0.0,0.0,0.14285714285714285,3.142857142857143
805,valentin-paret-peintre,7,0,0,0,0.0,67.5,0.0,0.0,0.0,0.0
806,marco-frigo,3,0,0,0,0.0,61.0,0.0,0.0,0.0,0.0
807,kamiel-bonneu,7,0,0,0,0.0,88.4,0.0,0.0,0.0,0.0
808,arno-claeys,7,0,0,0,0.0,91.57142857142857,0.0,0.0,0.0,0.0
809,alexander-salby,2,0,0,0,0.0,,0.0,0.0,0.0,0.0
810,matheo-vercher,3,0,0,0,2.0,39.666666666666664,0.0,0.0,0.0,0.6666666666666666
811,romain-gregoire1,1,0,0,0,0.0,40.0,0.0,0.0,0.0,0.0
812,alessandro-verre,5,0,0,0,0.0,60.25,0.0,0.0,0.0,0.0
813,bastien-tronchon,3,0,0,0,0.0,88.0,0.0,0.0,0.0,0.0
814,eugenio-sanchez,4,0,0,0,0.0,96.5,0.0,0.0,0.0,0.0
815,jenno-berckmoes,6,0,0,0,0.0,56.75,0.0,0.0,0.0,0.0
816,alex-baudin,7,0,0,0,8.0,72.42857142857143,0.0,0.0,0.0,1.1428571428571428
817,axel-mariault,4,0,0,0,0.0,70.5,0.0,0.0,0.0,0.0
818,calum-johnston,2,0,0,0,0.0,75.0,0.0,0.0,0.0,0.0
819,gage-hecht,7,0,0,0,0.0,92.0,0.0,0.0,0.0,0.0
820,bart-lemmen,1,0,0,0,2.0,19.0,0.0,0.0,0.0,2.0
821,cameron-scott,7,0,0,0,0.0,73.8,0.0,0.0,0.0,0.0
822,mitchel-fitzsimons,5,0,0,0,0.0,74.0,0.0,0.0,0.0,0.0
823,luis-joe-luhrs,10,0,0,0,16.0,70.0,0.0,0.0,0.0,1.6
824,johan-meens,3,0,0,0,0.0,66.33333333333333,0.0,0.0,0.0,0.0
825,elias-maris,3,0,0,0,0.0,65.0,0.0,0.0,0.0,0.0
826,josh-kench,2,0,0,0,0.0,,0.0,0.0,0.0,0.0
827,sebastian-kolze-changizi,8,0,0,0,0.0,113.0,0.0,0.0,0.0,0.0
828,martin-svrcek,6,0,0,0,0.0,69.25,0.0,0.0,0.0,0.0
829,bailey-o-donnell,3,0,0,0,0.0,93.0,0.0,0.0,0.0,0.0
830,mark-stewart,2,0,0,0,0.0,52.0,0.0,0.0,0.0,0.0
831,toon-clynhens,6,0,0,0,0.0,79.33333333333333,0.0,0.0,0.0,0.0
832,welay-hagos-berhe,1,0,0,0,0.0,91.0,0.0,0.0,0.0,0.0
833,hamish-beadle,2,0,0,0,0.0,46.0,0.0,0.0,0.0,0.0
834,matyas-kopecky,4,0,0,0,0.0,44.333333333333336,0.0,0.0,0.0,0.0
835,miguel-angel-fernandez-ruiz,1,0,0,0,0.0,,0.0,0.0,0.0,0.0
836,pierre-gautherat,3,0,0,1,20.0,44.666666666666664,0.0,0.0,0.3333333333333333,6.666666666666667
837,derek-gee,10,0,0,0,16.0,54.44444444444444,0.0,0.0,0.0,1.6
838,nurbergen-nurlykhassym,1,0,0,0,0.0,36.0,0.0,0.0,0.0,0.0
839,georg-steinhauser,6,0,0,0,0.0,65.33333333333333,0.0,0.0,0.0,0.0
840,alessandro-santaromita,3,0,0,0,0.0,,0.0,0.0,0.0,0.0
841,edward-irl-dunbar,5,0,0,0,0.0,78.2,0.0,0.0,0.0,0.0
842,luca-covili,18,0,0,0,0.0,69.05555555555556,0.0,0.0,0.0,0.0
843,iker-bonillo-martin,2,0,0,0,0.0,116.0,0.0,0.0,0.0,0.0
844,stian-fredheim,2,0,0,0,5.0,16.0,0.0,0.0,0.0,2.5
845,andrea-piccolo,2,0,0,1,45.0,32.5,0.0,0.0,0.5,22.5
846,matteo-amella,1,0,0,0,0.0,42.0,0.0,0.0,0.0,0.0
847,filippo-ridolfo,1,0,0,0,0.0,,0.0,0.0,0.0,0.0
848,scott-mcgill,1,0,0,0,0.0,,0.0,0.0,0.0,0.0
849,davide-baldaccini,1,0,0,0,0.0,,0.0,0.0,0.0,0.0
850,gerd-de-keijzer,3,0,0,0,0.0,150.5,0.0,0.0,0.0,0.0
851,simone-olivero,1,0,0,0,0.0,,0.0,0.0,0.0,0.0
852,jan-stockli,1,0,0,0,0.0,61.0,0.0,0.0,0.0,0.0
853,marco-murgano,1,0,0,0,0.0,76.0,0.0,0.0,0.0,0.0
854,madis-mihkels,3,0,0,1,40.0,20.5,0.0,0.0,0.3333333333333333,13.333333333333334
855,omar-el-gouzi,2,0,0,0,0.0,46.0,0.0,0.0,0.0,0.0
856,igor-chzhan,1,0,0,0,0.0,86.0,0.0,0.0,0.0,0.0
857,giulio-pellizzari,1,0,0,0,0.0,106.0,0.0,0.0,0.0,0.0
858,andrea-pietrobon,1,0,0,0,0.0,129.0,0.0,0.0,0.0,0.0
859,gleb-syritsa,2,0,0,0,0.0,133.0,0.0,0.0,0.0,0.0
860,jarne-van-de-paar,2,0,1,1,40.0,18.0,0.0,0.5,0.5,20.0
861,daniel-babor,2,0,0,1,18.0,21.5,0.0,0.0,0.5,9.0
862,mikel-retegi,2,0,0,0,0.0,53.0,0.0,0.0,0.0,0.0
863,vince-gerits,2,0,0,0,0.0,78.0,0.0,0.0,0.0,0.0
864,vincent-van-hemelen,2,0,0,0,0.0,93.0,0.0,0.0,0.0,0.0
865,alessio-nieri,1,0,0,0,0.0,96.0,0.0,0.0,0.0,0.0
866,cian-uijtdebroeks,1,0,0,0,0.0,99.0,0.0,0.0,0.0,0.0
867,javier-serrano,1,0,0,0,0.0,100.0,0.0,0.0,0.0,0.0
868,xabier-berasategi-garmendia,1,0,0,0,0.0,105.0,0.0,0.0,0.0,0.0
869,jared-scott,1,0,0,0,0.0,115.0,0.0,0.0,0.0,0.0
870,alejandro-franco-gonzalez,1,0,0,0,0.0,133.0,0.0,0.0,0.0,0.0
871,ivan-cobo-cayon,1,0,0,0,0.0,,0.0,0.0,0.0,0.0
872,alec-segaert,1,0,0,0,0.0,45.0,0.0,0.0,0.0,0.0
873,filippo-colombo1,2,0,0,0,0.0,29.0,0.0,0.0,0.0,0.0
874,nils-brun,1,0,0,0,0.0,48.0,0.0,0.0,0.0,0.0
875,liam-slock,2,0,0,0,0.0,83.0,0.0,0.0,0.0,0.0
876,joseba-lopez-cuesta,1,0,0,0,0.0,95.0,0.0,0.0,0.0,0.0
877,clement-alleno,1,0,0,0,0.0,96.0,0.0,0.0,0.0,0.0
878,davide-piganzoli,1,0,0,0,0.0,97.0,0.0,0.0,0.0,0.0
879,lorenzo-germani,3,0,0,0,0.0,93.0,0.0,0.0,0.0,0.0
880,alex-martin-gutierrez,1,0,0,0,0.0,104.0,0.0,0.0,0.0,0.0
881,enekoitz-azparren-irurzun,1,0,0,0,0.0,110.0,0.0,0.0,0.0,0.0
882,fernando-tercero-lopez,1,0,0,0,0.0,111.0,0.0,0.0,0.0,0.0
883,michael-leonard1,1,0,0,0,0.0,115.0,0.0,0.0,0.0,0.0
884,ivan-romeo,4,0,0,0,0.0,86.33333333333333,0.0,0.0,0.0,0.0
885,ewen-costiou,3,0,0,0,0.0,115.33333333333333,0.0,0.0,0.0,0.0
886,michael-vink,3,0,0,0,0.0,39.5,0.0,0.0,0.0,0.0
887,felix-engelhardt,1,0,0,0,0.0,,0.0,0.0,0.0,0.0
888,reuben-thompson,6,0,0,0,0.0,71.0,0.0,0.0,0.0,0.0
889,jay-vine,14,0,0,0,0.0,119.35714285714286,0.0,0.0,0.0,0.0
890,milan-vader,2,0,0,0,0.0,54.0,0.0,0.0,0.0,0.0
891,joshua-tarling,4,0,0,0,0.0,89.25,0.0,0.0,0.0,0.0
892,fran-miholjevic,4,0,0,0,0.0,93.5,0.0,0.0,0.0,0.0
893,giovanni-carboni,11,0,0,0,0.0,79.72727272727273,0.0,0.0,0.0,0.0
