,rider_code,nb_gc_finished,nb_win_gc,nb_pod_gc,nb_top10_gc,pts_gc,avg_rnk_gc,pct_win_gc,pct_pod_gc,pct_top10_gc,avg_pts_gc
0,laurens-de-plus,8,1,1,2,435.0,62.142857142857146,0.125,0.125,0.25,54.375
1,oliver-naesen,10,0,1,1,340.0,34.0,0.0,0.1,0.1,34.0
2,tim-wellens,8,0,1,4,588.0,73.5,0.0,0.125,0.5,73.5
3,greg-van-avermaet,11,0,0,1,285.0,25.90909090909091,0.0,0.0,0.09090909090909091,25.90909090909091
4,marc-hirschi,13,0,0,1,343.0,26.384615384615383,0.0,0.0,0.07692307692307693,26.384615384615383
5,mike-teunissen,7,0,0,2,260.0,37.142857142857146,0.0,0.0,0.2857142857142857,37.142857142857146
6,ivan-garcia-cortina,10,0,0,1,180.0,20.0,0.0,0.0,0.1,18.0
7,stefan-kung,13,0,0,3,463.0,35.61538461538461,0.0,0.0,0.23076923076923078,35.61538461538461
8,simon-clarke,12,0,0,2,250.0,25.0,0.0,0.0,0.16666666666666666,20.833333333333332
9,,0.0,,,,,,,,,
10,fabio-felline,8,0,0,0,203.0,25.375,0.0,0.0,0.0,25.375
11,sep-vanmarcke,6,0,0,0,75.0,15.0,0.0,0.0,0.0,12.5
12,dion-smith,11,0,0,0,160.0,17.77777777777778,0.0,0.0,0.0,14.545454545454545
13,zdenek-stybar,9,0,0,0,125.0,13.88888888888889,0.0,0.0,0.0,13.88888888888889
14,ruben-guerreiro,11,0,0,2,486.0,44.18181818181818,0.0,0.0,0.18181818181818182,44.18181818181818
15,dylan-van-baarle,14,0,0,0,299.0,21.357142857142858,0.0,0.0,0.0,21.357142857142858
16,martijn-tusveld,12,0,0,1,218.0,19.818181818181817,0.0,0.0,0.08333333333333333,18.166666666666668
17,florian-senechal,7,0,0,0,69.0,13.8,0.0,0.0,0.0,9.857142857142858
18,stan-dewulf,7,0,0,0,92.0,13.142857142857142,0.0,0.0,0.0,13.142857142857142
19,lukas-postlberger,8,0,0,0,88.0,11.0,0.0,0.0,0.0,11.0
20,timo-roosen,10,0,0,0,54.0,5.4,0.0,0.0,0.0,5.4
21,nico-denz,11,0,0,0,112.0,11.2,0.0,0.0,0.0,10.181818181818182
22,kevin-geniets,7,0,0,0,70.0,10.0,0.0,0.0,0.0,10.0
23,jenthe-biermans,7,0,0,0,56.0,11.2,0.0,0.0,0.0,8.0
24,tim-declercq,10,0,0,0,105.0,10.5,0.0,0.0,0.0,10.5
25,lawrence-warbasse,13,0,0,0,90.0,7.5,0.0,0.0,0.0,6.923076923076923
26,jack-bauer,8,0,0,0,72.0,10.285714285714286,0.0,0.0,0.0,9.0
27,mads-pedersen,10,0,0,0,120.0,13.333333333333334,0.0,0.0,0.0,12.0
28,valentin-madouas,11,0,0,1,517.0,47.0,0.0,0.0,0.09090909090909091,47.0
29,robert-stannard,10,0,0,0,85.0,10.625,0.0,0.0,0.0,8.5
30,amaury-capiot,2,0,0,0,30.0,15.0,0.0,0.0,0.0,15.0
31,casper-pedersen,10,0,0,0,90.0,12.857142857142858,0.0,0.0,0.0,9.0
32,davide-ballerini,9,0,0,0,80.0,8.88888888888889,0.0,0.0,0.0,8.88888888888889
33,milan-menten,2,0,0,0,10.0,5.0,0.0,0.0,0.0,5.0
34,piet-allegaert,3,0,0,0,30.0,10.0,0.0,0.0,0.0,10.0
35,jasha-sutterlin,13,0,0,0,120.0,10.0,0.0,0.0,0.0,9.23076923076923
36,carlos-verona,17,0,0,1,530.0,31.176470588235293,0.0,0.0,0.058823529411764705,31.176470588235293
37,michael-schar,15,0,0,0,138.0,9.2,0.0,0.0,0.0,9.2
38,callum-scotson,11,0,0,0,130.0,13.0,0.0,0.0,0.0,11.818181818181818
39,jasper-philipsen,7,0,0,0,90.0,12.857142857142858,0.0,0.0,0.0,12.857142857142858
40,aime-de-gendt,6,0,0,0,78.0,13.0,0.0,0.0,0.0,13.0
41,jos-van-emden,13,0,0,0,75.0,8.333333333333334,0.0,0.0,0.0,5.769230769230769
42,edoardo-affini,7,0,0,0,65.0,9.285714285714286,0.0,0.0,0.0,9.285714285714286
43,sam-bennett,22,0,0,0,185.0,9.25,0.0,0.0,0.0,8.409090909090908
44,lukasz-wisniowski,10,0,0,0,100.0,10.0,0.0,0.0,0.0,10.0
45,guillaume-van-keirsbulck,5,0,0,0,45.0,9.0,0.0,0.0,0.0,9.0
46,gijs-van-hoecke,6,0,0,0,30.0,5.0,0.0,0.0,0.0,5.0
47,ryan-gibbons,8,0,0,0,141.0,20.142857142857142,0.0,0.0,0.0,17.625
48,kristoffer-halvorsen,5,0,0,0,25.0,5.0,0.0,0.0,0.0,5.0
49,leonardo-basso,6,0,0,0,30.0,5.0,0.0,0.0,0.0,5.0
50,edward-theuns,13,0,0,0,130.0,10.833333333333334,0.0,0.0,0.0,10.0
51,boy-van-poppel,7,0,0,0,50.0,8.333333333333334,0.0,0.0,0.0,7.142857142857143
52,wesley-kreder,5,0,0,0,70.0,14.0,0.0,0.0,0.0,14.0
53,reto-hollenstein,12,0,0,0,125.0,10.416666666666666,0.0,0.0,0.0,10.416666666666666
54,dmitriy-gruzdev,13,0,0,0,115.0,9.583333333333334,0.0,0.0,0.0,8.846153846153847
55,oscar-riesebeek,7,0,0,0,76.0,10.857142857142858,0.0,0.0,0.0,10.857142857142858
56,dries-van-gestel,2,0,0,0,10.0,5.0,0.0,0.0,0.0,5.0
57,baptiste-planckaert,2,0,0,0,10.0,5.0,0.0,0.0,0.0,5.0
58,ludovic-robeet,2,0,0,0,10.0,5.0,0.0,0.0,0.0,5.0
59,tom-bohli,12,0,0,0,75.0,6.25,0.0,0.0,0.0,6.25
60,aaron-verwilst,1,0,0,0,5.0,5.0,0.0,0.0,0.0,5.0
61,edward-planckaert,5,0,0,0,60.0,12.0,0.0,0.0,0.0,12.0
62,arnaud-demare,10,0,0,0,95.0,9.5,0.0,0.0,0.0,9.5
63,rui-oliveira,7,0,0,0,80.0,11.428571428571429,0.0,0.0,0.0,11.428571428571429
64,dorian-godon,11,0,0,0,134.0,13.4,0.0,0.0,0.0,12.181818181818182
65,josef-cerny,12,0,0,0,75.0,8.333333333333334,0.0,0.0,0.0,6.25
66,jakub-mareczko,4,0,0,0,15.0,5.0,0.0,0.0,0.0,3.75
67,adrien-petit,6,0,0,0,45.0,9.0,0.0,0.0,0.0,7.5
68,miles-scotson,11,0,0,0,90.0,10.0,0.0,0.0,0.0,8.181818181818182
69,ramon-sinkeldam,9,0,0,0,85.0,10.625,0.0,0.0,0.0,9.444444444444445
70,juan-sebastian-molano,10,0,0,0,85.0,10.625,0.0,0.0,0.0,8.5
71,alex-kirsch,8,0,0,0,91.0,13.0,0.0,0.0,0.0,11.375
72,matteo-moschetti,9,0,0,0,50.0,7.142857142857143,0.0,0.0,0.0,5.555555555555555
73,alvaro-jose-hodeg,4,0,0,0,10.0,5.0,0.0,0.0,0.0,2.5
74,bob-jungels,14,0,0,2,511.0,39.30769230769231,0.0,0.0,0.14285714285714285,36.5
75,soren-kragh-andersen,6,0,0,0,72.0,14.4,0.0,0.0,0.0,12.0
76,yevgeniy-gidich,9,0,0,0,25.0,5.0,0.0,0.0,0.0,2.7777777777777777
77,manuele-boaro,11,0,0,0,70.0,8.75,0.0,0.0,0.0,6.363636363636363
78,filippo-ganna,11,0,0,0,85.0,8.5,0.0,0.0,0.0,7.7272727272727275
79,lionel-taminiaux,3,0,0,0,25.0,12.5,0.0,0.0,0.0,8.333333333333334
80,tom-devriendt,3,0,0,0,10.0,5.0,0.0,0.0,0.0,3.3333333333333335
81,hector-carretero,10,0,0,0,50.0,7.142857142857143,0.0,0.0,0.0,5.0
82,lluis-guillermo-mas,7,0,0,0,72.0,12.0,0.0,0.0,0.0,10.285714285714286
83,remy-mertz,3,0,0,0,25.0,12.5,0.0,0.0,0.0,8.333333333333334
84,frederik-frison,6,0,0,0,65.0,13.0,0.0,0.0,0.0,10.833333333333334
85,senne-leysen,9,0,0,0,70.0,8.75,0.0,0.0,0.0,7.777777777777778
86,julius-van-den-berg,12,0,0,0,115.0,10.454545454545455,0.0,0.0,0.0,9.583333333333334
87,matej-mohoric,10,0,2,2,550.0,55.0,0.0,0.2,0.2,55.0
88,victor-campenaerts,6,0,1,1,213.0,35.5,0.0,0.16666666666666666,0.16666666666666666,35.5
89,luke-durbridge,10,0,0,1,225.0,22.5,0.0,0.0,0.1,22.5
90,jasper-stuyven,11,0,0,1,225.0,22.5,0.0,0.0,0.09090909090909091,20.454545454545453
91,tiesj-benoot,9,0,0,3,525.0,58.333333333333336,0.0,0.0,0.3333333333333333,58.333333333333336
92,nikias-arndt,17,0,0,0,211.0,12.411764705882353,0.0,0.0,0.0,12.411764705882353
93,kasper-asgreen,10,0,1,1,315.0,31.5,0.0,0.1,0.1,31.5
94,gianni-vermeersch,6,0,0,0,100.0,16.666666666666668,0.0,0.0,0.0,16.666666666666668
95,mads-wurtz-schmidt,9,0,0,0,91.0,11.375,0.0,0.0,0.0,10.11111111111111
96,andrey-amador,18,0,0,0,182.0,10.705882352941176,0.0,0.0,0.0,10.11111111111111
97,tom-van-asbroeck,3,0,0,0,54.0,18.0,0.0,0.0,0.0,18.0
98,alfred-wright,9,0,0,0,130.0,14.444444444444445,0.0,0.0,0.0,14.444444444444445
99,christophe-laporte,8,0,0,0,94.0,18.8,0.0,0.0,0.0,11.75
100,danny-van-poppel,10,0,0,0,102.0,12.75,0.0,0.0,0.0,10.2
101,kenneth-van-rooy,1,0,0,0,10.0,10.0,0.0,0.0,0.0,10.0
102,ben-swift,11,0,0,0,72.0,7.2,0.0,0.0,0.0,6.545454545454546
103,guillaume-boivin,7,0,0,0,65.0,10.833333333333334,0.0,0.0,0.0,9.285714285714286
104,gianni-moscon,9,0,0,0,141.0,15.666666666666666,0.0,0.0,0.0,15.666666666666666
105,michael-morkov,15,0,0,0,145.0,10.357142857142858,0.0,0.0,0.0,9.666666666666666
106,brandon-mcnulty,11,0,0,0,402.0,36.54545454545455,0.0,0.0,0.0,36.54545454545455
107,tosh-van-der-sande,12,0,0,0,100.0,9.090909090909092,0.0,0.0,0.0,8.333333333333334
108,hugo-houle,13,0,0,0,334.0,25.692307692307693,0.0,0.0,0.0,25.692307692307693
109,michael-gogl,6,0,0,0,45.0,7.5,0.0,0.0,0.0,7.5
110,peter-sagan,13,0,0,0,135.0,11.25,0.0,0.0,0.0,10.384615384615385
111,jake-stewart,4,0,0,0,20.0,5.0,0.0,0.0,0.0,5.0
112,mathias-norsgaard,5,0,0,0,25.0,5.0,0.0,0.0,0.0,5.0
113,jonas-rickaert,4,0,0,0,40.0,10.0,0.0,0.0,0.0,10.0
114,alexis-renard,4,0,0,0,20.0,5.0,0.0,0.0,0.0,5.0
115,olav-kooij,6,0,0,0,30.0,5.0,0.0,0.0,0.0,5.0
116,attila-valter,7,0,0,0,159.0,22.714285714285715,0.0,0.0,0.0,22.714285714285715
117,andrea-pasqualon,10,0,0,0,105.0,10.5,0.0,0.0,0.0,10.5
118,samuele-battistella,5,0,0,1,135.0,27.0,0.0,0.0,0.2,27.0
119,andreas-kron,7,0,0,0,116.0,16.571428571428573,0.0,0.0,0.0,16.571428571428573
120,stefan-bissegger,8,0,0,0,80.0,10.0,0.0,0.0,0.0,10.0
121,tim-merlier,5,0,0,0,40.0,8.0,0.0,0.0,0.0,8.0
122,stanislaw-aniolkowski,3,0,0,0,15.0,5.0,0.0,0.0,0.0,5.0
123,heinrich-haussler,10,0,0,0,55.0,6.875,0.0,0.0,0.0,5.5
124,finn-fisher-black,4,0,0,0,23.0,5.75,0.0,0.0,0.0,5.75
125,arjen-livyns,1,0,0,0,5.0,5.0,0.0,0.0,0.0,5.0
126,laurenz-rex,1,0,0,0,5.0,5.0,0.0,0.0,0.0,5.0
127,barnabas-peak,4,0,0,0,35.0,8.75,0.0,0.0,0.0,8.75
128,dries-de-bondt,4,0,0,0,50.0,12.5,0.0,0.0,0.0,12.5
129,fabian-lienhard,6,0,0,0,40.0,8.0,0.0,0.0,0.0,6.666666666666667
130,arne-marit,1,0,0,0,5.0,5.0,0.0,0.0,0.0,5.0
131,attilio-viviani,5,0,0,0,40.0,8.0,0.0,0.0,0.0,8.0
132,guy-sagiv,2,0,0,0,10.0,5.0,0.0,0.0,0.0,5.0
133,jasper-de-buyst,5,0,0,0,65.0,13.0,0.0,0.0,0.0,13.0
134,charlie-quarterman,3,0,0,0,15.0,5.0,0.0,0.0,0.0,5.0
135,phil-bauhaus,16,0,0,0,85.0,6.071428571428571,0.0,0.0,0.0,5.3125
136,vegard-stake-laengen,9,0,0,0,105.0,11.666666666666666,0.0,0.0,0.0,11.666666666666666
137,szymon-sajnok,6,0,0,0,40.0,8.0,0.0,0.0,0.0,6.666666666666667
138,elia-viviani,14,0,0,0,120.0,9.23076923076923,0.0,0.0,0.0,8.571428571428571
139,benjamin-thomas-2,10,0,0,0,60.0,7.5,0.0,0.0,0.0,6.0
140,alexander-konychev,4,0,0,0,10.0,5.0,0.0,0.0,0.0,2.5
141,mikkel-bjerg,10,0,0,0,86.0,9.555555555555555,0.0,0.0,0.0,8.6
142,ryan-mullen,12,0,0,0,60.0,6.666666666666667,0.0,0.0,0.0,5.0
143,toms-skujins,14,0,0,0,159.0,13.25,0.0,0.0,0.0,11.357142857142858
144,dries-devenyns,16,0,0,1,201.0,16.75,0.0,0.0,0.0625,12.5625
145,dylan-groenewegen,5,0,0,0,60.0,15.0,0.0,0.0,0.0,12.0
146,cees-bol,10,0,0,0,85.0,9.444444444444445,0.0,0.0,0.0,8.5
147,matteo-sobrero,9,0,0,1,205.0,25.625,0.0,0.0,0.1111111111111111,22.77777777777778
148,maciej-bodnar,12,0,0,0,85.0,8.5,0.0,0.0,0.0,7.083333333333333
149,daniel-oss,12,0,0,0,130.0,11.818181818181818,0.0,0.0,0.0,10.833333333333334
150,geraint-thomas,14,2,7,7,1776.0,136.6153846153846,0.14285714285714285,0.5,0.5,126.85714285714286
151,thomas-de-gendt,22,0,0,0,211.0,11.722222222222221,0.0,0.0,0.0,9.590909090909092
152,caleb-ewan,10,0,0,0,105.0,11.666666666666666,0.0,0.0,0.0,10.5
153,jonathan-milan,4,0,0,0,15.0,5.0,0.0,0.0,0.0,3.75
154,max-walscheid,11,0,0,0,115.0,12.777777777777779,0.0,0.0,0.0,10.454545454545455
155,jakob-fuglsang,11,1,4,5,1059.0,105.9,0.09090909090909091,0.36363636363636365,0.45454545454545453,96.27272727272727
156,emanuel-buchmann,13,0,2,7,1292.0,107.66666666666667,0.0,0.15384615384615385,0.5384615384615384,99.38461538461539
157,wout-poels,16,0,1,5,1104.0,73.6,0.0,0.0625,0.3125,69.0
158,thibaut-pinot,10,0,0,3,780.0,78.0,0.0,0.0,0.3,78.0
159,dylan-teuns,13,0,0,2,729.0,60.75,0.0,0.0,0.15384615384615385,56.07692307692308
160,aleksey-lutsenko,14,0,1,4,986.0,82.16666666666667,0.0,0.07142857142857142,0.2857142857142857,70.42857142857143
161,david-martin-romero,10,0,1,5,944.0,94.4,0.0,0.1,0.5,94.4
162,romain-bardet,10,0,0,6,1050.0,116.66666666666667,0.0,0.0,0.6,105.0
163,warren-barguil,8,0,0,1,492.0,70.28571428571429,0.0,0.0,0.125,61.5
164,xandro-meurisse,9,0,0,0,267.0,29.666666666666668,0.0,0.0,0.0,29.666666666666668
165,sebastien-reichenbach,13,0,0,0,520.0,40.0,0.0,0.0,0.0,40.0
166,hermann-pernsteiner,15,0,0,0,316.0,21.066666666666666,0.0,0.0,0.0,21.066666666666666
167,guillaume-martin,15,0,0,6,1453.0,96.86666666666666,0.0,0.0,0.4,96.86666666666666
168,gorka-izagirre,16,0,0,1,456.0,35.07692307692308,0.0,0.0,0.0625,28.5
169,magnus-cort-nielsen,12,0,0,0,168.0,18.666666666666668,0.0,0.0,0.0,14.0
170,nicolas-edet,15,0,0,1,355.0,23.666666666666668,0.0,0.0,0.06666666666666667,23.666666666666668
171,rudy-molard,13,0,0,1,334.0,27.833333333333332,0.0,0.0,0.07692307692307693,25.692307692307693
172,simone-petilli,12,0,0,0,135.0,11.25,0.0,0.0,0.0,11.25
173,mikael-cherel,8,0,0,0,215.0,26.875,0.0,0.0,0.0,26.875
174,neilson-powless,15,0,0,2,694.0,46.266666666666666,0.0,0.0,0.13333333333333333,46.266666666666666
175,joey-rosskopf,8,0,0,0,76.0,9.5,0.0,0.0,0.0,9.5
176,sepp-kuss,17,0,0,2,959.0,59.9375,0.0,0.0,0.11764705882352941,56.411764705882355
177,jack-haig,10,0,1,6,873.0,87.3,0.0,0.1,0.6,87.3
178,michal-kwiatkowski,10,0,2,3,511.0,51.1,0.0,0.2,0.3,51.1
179,damien-howson,13,0,0,0,156.0,13.0,0.0,0.0,0.0,12.0
180,carl-fredrik-hagen,8,0,0,2,373.0,46.625,0.0,0.0,0.25,46.625
181,nils-politt,9,0,0,0,125.0,13.88888888888889,0.0,0.0,0.0,13.88888888888889
182,julian-alaphilippe,9,0,0,2,492.0,61.5,0.0,0.0,0.2222222222222222,54.666666666666664
183,alessandro-de-marchi,10,0,0,0,131.0,13.1,0.0,0.0,0.0,13.1
184,ruben-fernandez,12,0,0,1,211.0,19.181818181818183,0.0,0.0,0.08333333333333333,17.583333333333332
185,david-gaudu,14,0,1,6,1403.0,116.91666666666667,0.0,0.07142857142857142,0.42857142857142855,100.21428571428571
186,edvald-boasson-hagen,8,0,0,0,115.0,14.375,0.0,0.0,0.0,14.375
187,eduardo-sepulveda,8,0,0,0,120.0,15.0,0.0,0.0,0.0,15.0
188,julien-bernard,13,0,0,0,154.0,11.846153846153847,0.0,0.0,0.0,11.846153846153847
189,wout-van-aert,7,0,1,1,505.0,72.14285714285714,0.0,0.14285714285714285,0.14285714285714285,72.14285714285714
190,maxime-bouet,5,0,0,0,65.0,13.0,0.0,0.0,0.0,13.0
191,matthieu-ladagnous,10,0,0,0,90.0,9.0,0.0,0.0,0.0,9.0
192,felix-grossschartner,15,1,1,7,1172.0,78.13333333333334,0.06666666666666667,0.06666666666666667,0.4666666666666667,78.13333333333334
193,lennard-hofstede,13,0,0,0,100.0,9.090909090909092,0.0,0.0,0.0,7.6923076923076925
194,jonas-koch,5,0,0,0,75.0,15.0,0.0,0.0,0.0,15.0
195,nick-schultz,12,0,0,0,258.0,25.8,0.0,0.0,0.0,21.5
196,niklas-eg,11,0,0,0,139.0,12.636363636363637,0.0,0.0,0.0,12.636363636363637
197,florian-stork,5,0,0,0,25.0,5.0,0.0,0.0,0.0,5.0
198,jan-tratnik,12,0,0,0,130.0,10.833333333333334,0.0,0.0,0.0,10.833333333333334
199,mark-padun,9,0,0,0,135.0,15.0,0.0,0.0,0.0,15.0
200,quentin-pacher,10,0,0,0,160.0,16.0,0.0,0.0,0.0,16.0
201,anthony-delaplace,5,0,0,0,45.0,9.0,0.0,0.0,0.0,9.0
202,daryl-impey,13,1,1,1,360.0,30.0,0.07692307692307693,0.07692307692307693,0.07692307692307693,27.692307692307693
203,jens-keukeleire,9,0,0,0,115.0,12.777777777777779,0.0,0.0,0.0,12.777777777777779
204,remi-cavagna,18,0,0,1,326.0,19.176470588235293,0.0,0.0,0.05555555555555555,18.11111111111111
205,stefan-de-bod,13,0,0,0,168.0,12.923076923076923,0.0,0.0,0.0,12.923076923076923
206,benoit-cosnefroy,11,0,0,0,135.0,12.272727272727273,0.0,0.0,0.0,12.272727272727273
207,kevin-ledanois,6,0,0,0,70.0,11.666666666666666,0.0,0.0,0.0,11.666666666666666
208,cesare-benedetti,12,0,0,0,115.0,10.454545454545455,0.0,0.0,0.0,9.583333333333334
209,imanol-erviti,13,0,0,0,170.0,13.076923076923077,0.0,0.0,0.0,13.076923076923077
210,pascal-eenkhoorn,4,0,0,1,100.0,25.0,0.0,0.0,0.25,25.0
211,clement-venturini,10,0,0,0,95.0,10.555555555555555,0.0,0.0,0.0,9.5
212,adam-yates,15,1,6,12,2255.0,173.46153846153845,0.06666666666666667,0.4,0.8,150.33333333333334
213,steven-kruijswijk,13,0,1,4,927.0,77.25,0.0,0.07692307692307693,0.3076923076923077,71.3076923076923
214,gregor-muhlberger,13,0,0,0,193.0,21.444444444444443,0.0,0.0,0.0,14.846153846153847
215,fabien-doubey,9,0,0,0,70.0,8.75,0.0,0.0,0.0,7.777777777777778
216,alberto-bettiol,9,0,0,0,170.0,21.25,0.0,0.0,0.0,18.88888888888889
217,michael-woods,12,0,0,5,722.0,72.2,0.0,0.0,0.4166666666666667,60.166666666666664
218,wilco-kelderman,12,0,0,6,1156.0,96.33333333333333,0.0,0.0,0.5,96.33333333333333
219,ion-izagirre,17,1,3,7,1328.0,78.11764705882354,0.058823529411764705,0.17647058823529413,0.4117647058823529,78.11764705882354
220,ben-o-connor,16,0,1,8,1353.0,90.2,0.0,0.0625,0.5,84.5625
221,tao-geoghegan-hart,11,0,0,3,466.0,51.77777777777778,0.0,0.0,0.2727272727272727,42.36363636363637
222,enric-mas,16,1,3,9,2102.0,150.14285714285714,0.0625,0.1875,0.5625,131.375
223,patrick-konrad,13,0,1,2,613.0,47.15384615384615,0.0,0.07692307692307693,0.15384615384615385,47.15384615384615
224,aurelien-paret-peintre,10,0,0,2,403.0,40.3,0.0,0.0,0.2,40.3
225,louis-meintjes,17,0,0,2,822.0,51.375,0.0,0.0,0.11764705882352941,48.35294117647059
226,ben-hermans,5,0,0,0,104.0,26.0,0.0,0.0,0.0,20.8
227,mattias-skjelmose-jensen,6,0,0,1,229.0,38.166666666666664,0.0,0.0,0.16666666666666666,38.166666666666664
228,felix-gall,6,0,0,0,141.0,23.5,0.0,0.0,0.0,23.5
229,joe-dombrowski,9,0,0,0,276.0,30.666666666666668,0.0,0.0,0.0,30.666666666666668
230,kenny-elissonde,12,0,0,0,190.0,15.833333333333334,0.0,0.0,0.0,15.833333333333334
231,jaakko-hanninen,7,0,0,0,50.0,7.142857142857143,0.0,0.0,0.0,7.142857142857143
232,carlos-rodriguez-cano,4,0,0,1,234.0,58.5,0.0,0.0,0.25,58.5
233,sylvain-moniquet,8,0,0,0,121.0,17.285714285714285,0.0,0.0,0.0,15.125
234,tsgabu-gebremaryam-grmay,17,0,0,0,131.0,8.733333333333333,0.0,0.0,0.0,7.705882352941177
235,bruno-armirail,12,0,0,1,180.0,16.363636363636363,0.0,0.0,0.08333333333333333,15.0
236,robert-gesink,13,0,0,0,173.0,13.307692307692308,0.0,0.0,0.0,13.307692307692308
237,ilan-van-wilder,6,0,0,0,67.0,16.75,0.0,0.0,0.0,11.166666666666666
238,christopher-froome,10,0,0,0,100.0,10.0,0.0,0.0,0.0,10.0
239,simon-geschke,14,0,1,1,324.0,27.0,0.0,0.07142857142857142,0.07142857142857142,23.142857142857142
240,oscar-rodriguez,12,0,0,0,143.0,13.0,0.0,0.0,0.0,11.916666666666666
241,jonas-vingegaard-rasmussen,12,1,5,6,1609.0,134.08333333333334,0.08333333333333333,0.4166666666666667,0.5,134.08333333333334
242,santiago-buitrago-sanchez,5,0,0,0,188.0,37.6,0.0,0.0,0.0,37.6
243,chad-haga,9,0,0,0,95.0,10.555555555555555,0.0,0.0,0.0,10.555555555555555
244,anthony-perez,10,0,0,0,125.0,12.5,0.0,0.0,0.0,12.5
245,michel-ries,4,0,0,0,35.0,8.75,0.0,0.0,0.0,8.75
246,steff-cras,12,0,0,0,332.0,33.2,0.0,0.0,0.0,27.666666666666668
247,lukasz-owsian,15,0,0,0,120.0,8.571428571428571,0.0,0.0,0.0,8.0
248,lawson-craddock,11,0,0,0,115.0,10.454545454545455,0.0,0.0,0.0,10.454545454545455
249,jose-joaquin-rojas,12,0,0,0,179.0,14.916666666666666,0.0,0.0,0.0,14.916666666666666
250,jorge-arcas,11,0,0,0,120.0,10.909090909090908,0.0,0.0,0.0,10.909090909090908
251,kevin-vermaerke,2,0,0,0,10.0,5.0,0.0,0.0,0.0,5.0
252,alex-aranburu,8,0,0,0,91.0,11.375,0.0,0.0,0.0,11.375
253,omer-goldstein,9,0,0,0,95.0,10.555555555555555,0.0,0.0,0.0,10.555555555555555
254,marco-brenner,6,0,0,0,95.0,15.833333333333334,0.0,0.0,0.0,15.833333333333334
255,brent-van-moer,6,0,0,0,85.0,14.166666666666666,0.0,0.0,0.0,14.166666666666666
256,franck-bonnamour,5,0,0,0,137.0,27.4,0.0,0.0,0.0,27.4
257,laurent-pichon,5,0,0,0,25.0,5.0,0.0,0.0,0.0,5.0
258,sebastian-schonberger,5,0,0,0,85.0,17.0,0.0,0.0,0.0,17.0
259,olivier-le-gac,9,0,0,0,110.0,12.222222222222221,0.0,0.0,0.0,12.222222222222221
260,sven-erik-bystrom,9,0,0,1,180.0,20.0,0.0,0.0,0.1111111111111111,20.0
261,william-barta,9,0,0,0,130.0,14.444444444444445,0.0,0.0,0.0,14.444444444444445
262,yuriy-natarov,7,0,0,0,40.0,8.0,0.0,0.0,0.0,5.714285714285714
263,pierre-luc-perichon,10,0,0,0,160.0,16.0,0.0,0.0,0.0,16.0
264,andres-camilo-ardila,3,0,0,0,15.0,5.0,0.0,0.0,0.0,5.0
265,sebastien-grignard,7,0,0,0,15.0,5.0,0.0,0.0,0.0,2.142857142857143
266,marco-haller,12,0,0,0,155.0,12.916666666666666,0.0,0.0,0.0,12.916666666666666
267,alexander-kristoff,10,0,0,0,100.0,12.5,0.0,0.0,0.0,10.0
268,shane-archbold,9,0,0,0,60.0,6.666666666666667,0.0,0.0,0.0,6.666666666666667
269,frederik-wandahl,3,0,0,0,15.0,5.0,0.0,0.0,0.0,5.0
270,clement-russo,5,0,0,0,55.0,13.75,0.0,0.0,0.0,11.0
271,fabio-jakobsen,8,0,0,0,75.0,15.0,0.0,0.0,0.0,9.375
272,michael-schwarzmann,13,0,0,0,100.0,9.090909090909092,0.0,0.0,0.0,7.6923076923076925
273,patrick-gamper,6,0,0,0,50.0,12.5,0.0,0.0,0.0,8.333333333333334
274,harry-sweeny,7,0,0,0,45.0,9.0,0.0,0.0,0.0,6.428571428571429
275,primoz-roglic,13,9,11,12,3450.0,265.38461538461536,0.6923076923076923,0.8461538461538461,0.9230769230769231,265.38461538461536
276,damiano-caruso,13,0,1,7,1219.0,93.76923076923077,0.0,0.07692307692307693,0.5384615384615384,93.76923076923077
277,johan-esteban-chaves,12,0,0,4,760.0,63.333333333333336,0.0,0.0,0.3333333333333333,63.333333333333336
278,tobias-halland-johannessen,2,0,0,2,170.0,85.0,0.0,0.0,1.0,85.0
279,matteo-jorgenson,7,0,0,1,260.0,52.0,0.0,0.0,0.14285714285714285,37.142857142857146
280,ethan-hayter,5,1,1,1,328.0,65.6,0.2,0.2,0.2,65.6
281,andrea-bagioli,4,0,0,0,86.0,21.5,0.0,0.0,0.0,21.5
282,jan-hirt,17,0,0,2,580.0,38.666666666666664,0.0,0.0,0.11764705882352941,34.11764705882353
283,george-bennett,15,0,0,2,820.0,54.666666666666664,0.0,0.0,0.13333333333333333,54.666666666666664
284,luis-leon-sanchez,16,0,0,2,684.0,45.6,0.0,0.0,0.125,42.75
285,andrey-zeits,7,0,0,0,121.0,17.285714285714285,0.0,0.0,0.0,17.285714285714285
286,kobe-goossens,6,0,0,0,106.0,17.666666666666668,0.0,0.0,0.0,17.666666666666668
287,simon-guglielmi,5,0,0,0,56.0,11.2,0.0,0.0,0.0,11.2
288,edward-irl-dunbar,5,0,0,0,130.0,26.0,0.0,0.0,0.0,26.0
289,mattia-cattaneo,12,0,0,2,576.0,52.36363636363637,0.0,0.0,0.16666666666666666,48.0
290,alexis-vuillermoz,6,0,0,0,90.0,18.0,0.0,0.0,0.0,15.0
291,geoffrey-bouchard,14,0,0,1,368.0,26.285714285714285,0.0,0.0,0.07142857142857142,26.285714285714285
292,mark-donovan,6,0,0,0,65.0,10.833333333333334,0.0,0.0,0.0,10.833333333333334
293,michael-storer,16,0,0,0,222.0,14.8,0.0,0.0,0.0,13.875
294,maxim-van-gils,4,0,0,0,35.0,8.75,0.0,0.0,0.0,8.75
295,jonas-gregaard,10,0,0,0,91.0,9.1,0.0,0.0,0.0,9.1
296,hugo-toumire,1,0,0,0,5.0,5.0,0.0,0.0,0.0,5.0
297,mikkel-honore,12,0,0,1,225.0,18.75,0.0,0.0,0.08333333333333333,18.75
298,matteo-fabbro,11,0,0,1,270.0,24.545454545454547,0.0,0.0,0.09090909090909091,24.545454545454547
299,anders-skaarseth,2,0,0,0,10.0,5.0,0.0,0.0,0.0,5.0
300,simone-velasco,6,0,0,0,70.0,11.666666666666666,0.0,0.0,0.0,11.666666666666666
301,matis-louvel,4,0,0,0,40.0,10.0,0.0,0.0,0.0,10.0
302,tony-gallopin,11,0,0,0,144.0,16.0,0.0,0.0,0.0,13.090909090909092
303,antonio-tiberi,8,0,0,2,230.0,32.857142857142854,0.0,0.0,0.25,28.75
304,hugo-page,3,0,0,0,34.0,11.333333333333334,0.0,0.0,0.0,11.333333333333334
305,javier-romo,4,0,0,0,27.0,6.75,0.0,0.0,0.0,6.75
306,filippo-conca,3,0,0,0,15.0,5.0,0.0,0.0,0.0,5.0
307,romain-combaud,7,0,0,0,50.0,7.142857142857143,0.0,0.0,0.0,7.142857142857143
308,victor-lafay,5,0,0,0,66.0,16.5,0.0,0.0,0.0,13.2
309,sean-quinn,6,0,0,0,56.0,14.0,0.0,0.0,0.0,9.333333333333334
310,alexandr-riabushenko,8,0,0,0,90.0,11.25,0.0,0.0,0.0,11.25
311,james-shaw,2,0,0,0,25.0,12.5,0.0,0.0,0.0,12.5
312,laurens-huys,4,0,0,0,20.0,5.0,0.0,0.0,0.0,5.0
313,owain-doull,10,0,0,0,85.0,8.5,0.0,0.0,0.0,8.5
314,thibault-guernalec,2,0,0,0,10.0,5.0,0.0,0.0,0.0,5.0
315,fabien-grellier,5,0,0,0,60.0,15.0,0.0,0.0,0.0,12.0
316,francois-bidard,8,0,0,0,115.0,14.375,0.0,0.0,0.0,14.375
317,eddy-fine,2,0,0,0,25.0,12.5,0.0,0.0,0.0,12.5
318,antwan-tolhoek,12,0,0,1,255.0,23.181818181818183,0.0,0.0,0.08333333333333333,21.25
319,chris-harper,6,0,0,1,229.0,38.166666666666664,0.0,0.0,0.16666666666666666,38.166666666666664
320,anthon-charmig,1,0,0,0,5.0,5.0,0.0,0.0,0.0,5.0
321,ivo-emanuel-alves,8,0,0,0,70.0,8.75,0.0,0.0,0.0,8.75
322,thomas-champion,6,0,0,0,45.0,7.5,0.0,0.0,0.0,7.5
323,amund-grondahl-jansen,6,0,0,0,90.0,15.0,0.0,0.0,0.0,15.0
324,kevin-colleoni,2,0,0,0,10.0,5.0,0.0,0.0,0.0,5.0
325,valentin-ferron,3,0,0,0,30.0,10.0,0.0,0.0,0.0,10.0
326,idar-andersen,3,0,0,0,13.0,6.5,0.0,0.0,0.0,4.333333333333333
327,kamil-gradek,6,0,0,0,60.0,12.0,0.0,0.0,0.0,10.0
328,julius-johansen,7,0,0,0,50.0,7.142857142857143,0.0,0.0,0.0,7.142857142857143
329,alexander-edmondson,9,0,0,0,55.0,6.875,0.0,0.0,0.0,6.111111111111111
330,jannik-steimle,4,0,0,0,30.0,10.0,0.0,0.0,0.0,7.5
331,richard-carapaz,13,2,6,6,2127.0,163.6153846153846,0.15384615384615385,0.46153846153846156,0.46153846153846156,163.6153846153846
332,mikel-landa,9,0,3,8,1630.0,181.11111111111111,0.0,0.3333333333333333,0.8888888888888888,181.11111111111111
333,bauke-mollema,10,0,0,1,556.0,61.77777777777778,0.0,0.0,0.1,55.6
334,rafal-majka,13,0,0,5,801.0,61.61538461538461,0.0,0.0,0.38461538461538464,61.61538461538461
335,simon-yates,8,0,2,5,835.0,104.375,0.0,0.25,0.625,104.375
336,pavel-sivakov,9,1,1,2,593.0,65.88888888888889,0.1111111111111111,0.1111111111111111,0.2222222222222222,65.88888888888889
337,hugh-carthy,14,0,1,4,1005.0,77.3076923076923,0.0,0.07142857142857142,0.2857142857142857,71.78571428571429
338,jan-polanc,12,0,0,1,500.0,45.45454545454545,0.0,0.0,0.08333333333333333,41.666666666666664
339,davide-formolo,14,0,0,1,491.0,37.76923076923077,0.0,0.0,0.07142857142857142,35.07142857142857
340,giulio-ciccone,9,0,0,1,313.0,34.77777777777778,0.0,0.0,0.1111111111111111,34.77777777777778
341,fausto-masnada,7,0,1,2,389.0,55.57142857142857,0.0,0.14285714285714285,0.2857142857142857,55.57142857142857
342,victor-de-la-parte,8,0,0,0,227.0,28.375,0.0,0.0,0.0,28.375
343,lucas-hamilton,12,0,0,3,602.0,54.72727272727273,0.0,0.0,0.25,50.166666666666664
344,pello-bilbao,16,0,3,9,1662.0,103.875,0.0,0.1875,0.5625,103.875
345,chris-hamilton,13,0,0,2,331.0,27.583333333333332,0.0,0.0,0.15384615384615385,25.46153846153846
346,jai-hindley,12,1,2,5,1172.0,97.66666666666667,0.08333333333333333,0.16666666666666666,0.4166666666666667,97.66666666666667
347,pieter-serry,8,0,0,0,85.0,10.625,0.0,0.0,0.0,10.625
348,koen-bouwman,10,0,0,0,268.0,26.8,0.0,0.0,0.0,26.8
349,diego-ulissi,12,0,1,4,730.0,60.833333333333336,0.0,0.08333333333333333,0.3333333333333333,60.833333333333336
350,ivan-ramiro-sosa,7,0,0,0,80.0,11.428571428571429,0.0,0.0,0.0,11.428571428571429
351,amanuel-ghebreigzabhier,7,0,0,0,60.0,10.0,0.0,0.0,0.0,8.571428571428571
352,antonio-pedrero,8,0,0,0,173.0,24.714285714285715,0.0,0.0,0.0,21.625
353,dario-cataldo,14,0,0,0,170.0,12.142857142857142,0.0,0.0,0.0,12.142857142857142
354,gianluca-brambilla,11,0,0,0,191.0,17.363636363636363,0.0,0.0,0.0,17.363636363636363
355,andrea-vendrame,9,0,0,0,85.0,10.625,0.0,0.0,0.0,9.444444444444445
356,giovanni-carboni,2,0,0,0,40.0,20.0,0.0,0.0,0.0,20.0
357,nans-peters,14,0,0,0,166.0,11.857142857142858,0.0,0.0,0.0,11.857142857142858
358,nicola-conci,9,0,0,0,88.0,12.571428571428571,0.0,0.0,0.0,9.777777777777779
359,christopher-juul-jensen,11,0,0,0,180.0,16.363636363636363,0.0,0.0,0.0,16.363636363636363
360,antonio-nibali,9,0,0,0,70.0,8.75,0.0,0.0,0.0,7.777777777777778
361,kristian-sbaragli,6,0,0,0,86.0,14.333333333333334,0.0,0.0,0.0,14.333333333333334
362,jhonatan-narvaez,7,0,0,0,80.0,11.428571428571429,0.0,0.0,0.0,11.428571428571429
363,tobias-ludvigsson,9,0,0,0,109.0,13.625,0.0,0.0,0.0,12.11111111111111
364,luca-covili,4,0,0,0,80.0,20.0,0.0,0.0,0.0,20.0
365,lorenzo-rota,7,0,0,0,148.0,24.666666666666668,0.0,0.0,0.0,21.142857142857142
366,salvatore-puccio,10,0,0,0,125.0,12.5,0.0,0.0,0.0,12.5
367,andrea-garosio,4,0,0,0,38.0,9.5,0.0,0.0,0.0,9.5
368,krists-neilands,9,0,0,0,113.0,12.555555555555555,0.0,0.0,0.0,12.555555555555555
369,mirco-maestri,4,0,0,0,50.0,12.5,0.0,0.0,0.0,12.5
370,jonathan-klever-caicedo,9,0,0,0,60.0,10.0,0.0,0.0,0.0,6.666666666666667
371,pascal-ackermann,9,0,0,0,85.0,10.625,0.0,0.0,0.0,9.444444444444445
372,rudiger-selig,4,0,0,0,50.0,12.5,0.0,0.0,0.0,12.5
373,davide-cimolai,9,0,0,0,100.0,12.5,0.0,0.0,0.0,11.11111111111111
374,simone-consonni,8,0,0,0,100.0,14.285714285714286,0.0,0.0,0.0,12.5
375,jacopo-guarnieri,8,0,0,0,70.0,8.75,0.0,0.0,0.0,8.75
376,juan-jose-lobato,4,0,0,0,50.0,12.5,0.0,0.0,0.0,12.5
377,egan-bernal,7,4,5,7,1890.0,270.0,0.5714285714285714,0.7142857142857143,1.0,270.0
378,aleksandr-vlasov,8,1,3,6,1380.0,197.14285714285714,0.125,0.375,0.75,172.5
379,daniel-felipe-martinez,12,1,3,5,1078.0,98.0,0.08333333333333333,0.25,0.4166666666666667,89.83333333333333
380,joao-almeida,10,1,3,9,1385.0,138.5,0.1,0.3,0.9,138.5
381,tobias-foss,4,0,0,1,225.0,56.25,0.0,0.0,0.25,56.25
382,lorenzo-fortunato,4,0,0,0,232.0,58.0,0.0,0.0,0.0,58.0
383,louis-vervaeke,4,0,0,0,100.0,25.0,0.0,0.0,0.0,25.0
384,jonathan-castroviejo,10,0,0,0,246.0,24.6,0.0,0.0,0.0,24.6
385,nelson-oliveira,14,0,0,0,220.0,16.923076923076923,0.0,0.0,0.0,15.714285714285714
386,matteo-badilatti,14,0,0,0,116.0,8.285714285714286,0.0,0.0,0.0,8.285714285714286
387,harold-tejada,8,0,0,0,160.0,20.0,0.0,0.0,0.0,20.0
388,alessandro-covi,6,0,0,0,68.0,13.6,0.0,0.0,0.0,11.333333333333334
389,einer-augusto-rubio-reyes,6,0,0,1,164.0,27.333333333333332,0.0,0.0,0.16666666666666666,27.333333333333332
390,vadim-pronskiy,7,0,0,0,85.0,12.142857142857142,0.0,0.0,0.0,12.142857142857142
391,quinten-hermans,5,0,0,0,82.0,16.4,0.0,0.0,0.0,16.4
392,patrick-bevin,9,0,0,0,90.0,10.0,0.0,0.0,0.0,10.0
393,rein-taaramae,13,0,0,0,147.0,12.25,0.0,0.0,0.0,11.307692307692308
394,jacopo-mosca,7,0,0,0,82.0,11.714285714285714,0.0,0.0,0.0,11.714285714285714
395,james-knox,14,0,0,2,480.0,36.92307692307692,0.0,0.0,0.14285714285714285,34.285714285714285
396,lars-van-den-berg,2,0,0,0,25.0,12.5,0.0,0.0,0.0,12.5
397,jimmy-janssens,2,0,0,0,40.0,20.0,0.0,0.0,0.0,20.0
398,simon-carr,6,0,0,0,54.0,13.5,0.0,0.0,0.0,9.0
399,andrii-ponomar,2,0,0,0,40.0,20.0,0.0,0.0,0.0,20.0
400,simon-pellaud,7,0,0,0,50.0,7.142857142857143,0.0,0.0,0.0,7.142857142857143
401,simone-raccani,2,0,0,0,40.0,20.0,0.0,0.0,0.0,20.0
402,filippo-zana,2,0,0,0,40.0,20.0,0.0,0.0,0.0,20.0
403,vincenzo-albanese,4,0,0,0,50.0,12.5,0.0,0.0,0.0,12.5
404,yukiya-arashiro,6,0,0,0,75.0,12.5,0.0,0.0,0.0,12.5
405,stefano-oldani,6,0,0,0,55.0,13.75,0.0,0.0,0.0,9.166666666666666
406,giovanni-aleotti,7,0,0,0,156.0,22.285714285714285,0.0,0.0,0.0,22.285714285714285
407,harm-vanhoucke,14,0,0,1,256.0,23.272727272727273,0.0,0.0,0.07142857142857142,18.285714285714285
408,valerio-conti,7,0,1,1,245.0,40.833333333333336,0.0,0.14285714285714285,0.14285714285714285,35.0
409,natnael-tesfatsion,4,0,0,0,75.0,18.75,0.0,0.0,0.0,18.75
410,mauro-schmid,6,0,0,1,184.0,30.666666666666668,0.0,0.0,0.16666666666666666,30.666666666666668
411,samuele-zoccarato,3,0,0,0,30.0,10.0,0.0,0.0,0.0,10.0
412,davide-gabburo,4,0,0,0,50.0,12.5,0.0,0.0,0.0,12.5
413,taco-van-der-hoorn,9,0,0,0,80.0,8.88888888888889,0.0,0.0,0.0,8.88888888888889
414,filippo-fiorelli,3,0,0,0,30.0,10.0,0.0,0.0,0.0,10.0
415,fernando-gaviria,11,0,0,0,100.0,9.090909090909092,0.0,0.0,0.0,9.090909090909092
416,max-kanter,9,0,0,0,65.0,9.285714285714286,0.0,0.0,0.0,7.222222222222222
417,lawrence-naesen,3,0,0,0,45.0,15.0,0.0,0.0,0.0,15.0
418,michael-hepburn,11,0,0,0,120.0,10.909090909090908,0.0,0.0,0.0,10.909090909090908
419,filippo-magli2,3,0,0,0,45.0,15.0,0.0,0.0,0.0,15.0
420,samuele-rivi,3,0,0,0,45.0,15.0,0.0,0.0,0.0,15.0
421,albert-torres,9,0,0,0,80.0,8.88888888888889,0.0,0.0,0.0,8.88888888888889
422,alexander-krieger,3,0,0,0,65.0,21.666666666666668,0.0,0.0,0.0,21.666666666666668
423,juan-pedro-lopez,8,0,0,1,380.0,54.285714285714285,0.0,0.0,0.125,47.5
424,thymen-arensman,11,0,1,3,721.0,65.54545454545455,0.0,0.09090909090909091,0.2727272727272727,65.54545454545455
425,lennard-kamna,9,0,0,0,210.0,26.25,0.0,0.0,0.0,23.333333333333332
426,sam-oomen,8,0,0,3,425.0,53.125,0.0,0.0,0.375,53.125
427,gijs-leemreize,5,0,0,0,54.0,10.8,0.0,0.0,0.0,10.8
428,mauri-vansevenant,7,0,0,0,139.0,19.857142857142858,0.0,0.0,0.0,19.857142857142858
429,domen-novak,5,0,0,0,50.0,12.5,0.0,0.0,0.0,10.0
430,ben-tulett,5,0,0,2,241.0,48.2,0.0,0.0,0.4,48.2
431,rui-costa,12,0,1,3,547.0,45.583333333333336,0.0,0.08333333333333333,0.25,45.583333333333336
432,ben-zwiehoff,7,0,0,1,158.0,22.571428571428573,0.0,0.0,0.14285714285714285,22.571428571428573
433,alessandro-tonelli,5,0,0,0,40.0,8.0,0.0,0.0,0.0,8.0
434,mathieu-van-der-poel,2,0,0,0,25.0,12.5,0.0,0.0,0.0,12.5
435,merhawi-kudus,12,0,1,1,316.0,26.333333333333332,0.0,0.08333333333333333,0.08333333333333333,26.333333333333332
436,nicolas-prodhomme,5,0,0,0,70.0,14.0,0.0,0.0,0.0,14.0
437,edoardo-zambanini,5,0,0,0,55.0,11.0,0.0,0.0,0.0,11.0
438,diego-andres-camargo,9,0,0,0,65.0,9.285714285714286,0.0,0.0,0.0,7.222222222222222
439,mattia-bais,3,0,0,0,25.0,12.5,0.0,0.0,0.0,8.333333333333334
440,erik-fetter,1,0,0,0,20.0,20.0,0.0,0.0,0.0,20.0
441,lilian-calmejane,8,0,0,0,171.0,21.375,0.0,0.0,0.0,21.375
442,oier-lazkano,5,0,0,0,30.0,10.0,0.0,0.0,0.0,6.0
443,tobias-bayer,2,0,0,0,25.0,12.5,0.0,0.0,0.0,12.5
444,luca-rastelli,3,0,0,0,30.0,10.0,0.0,0.0,0.0,10.0
445,ignatas-konovalovas,7,0,0,0,50.0,7.142857142857143,0.0,0.0,0.0,7.142857142857143
446,otto-vergaerde,3,0,0,0,25.0,12.5,0.0,0.0,0.0,8.333333333333334
447,alberto-dainese,6,0,0,0,80.0,13.333333333333334,0.0,0.0,0.0,13.333333333333334
448,davide-bais,3,0,0,0,30.0,10.0,0.0,0.0,0.0,10.0
449,rick-zabel,9,0,0,0,80.0,8.88888888888889,0.0,0.0,0.0,8.88888888888889
450,clement-davy,4,0,0,0,35.0,8.75,0.0,0.0,0.0,8.75
451,mark-cavendish,8,0,0,0,70.0,10.0,0.0,0.0,0.0,8.75
452,bert-van-lerberghe,6,0,0,0,60.0,10.0,0.0,0.0,0.0,10.0
453,tadej-pogacar,12,7,10,11,3190.0,265.8333333333333,0.5833333333333334,0.8333333333333334,0.9166666666666666,265.8333333333333
454,maximilian-schachmann,13,1,1,5,823.0,63.30769230769231,0.07692307692307693,0.07692307692307693,0.38461538461538464,63.30769230769231
455,mikel-bizkarra,8,0,0,0,140.0,17.5,0.0,0.0,0.0,17.5
456,jonathan-lastra,5,0,0,0,86.0,17.2,0.0,0.0,0.0,17.2
457,david-de-la-cruz,12,0,0,4,651.0,59.18181818181818,0.0,0.0,0.3333333333333333,54.25
458,omar-fraile,12,0,0,0,135.0,15.0,0.0,0.0,0.0,11.25
459,daniel-navarro,11,0,0,0,162.0,14.727272727272727,0.0,0.0,0.0,14.727272727272727
460,luis-angel-mate,10,0,0,0,164.0,18.22222222222222,0.0,0.0,0.0,16.4
461,julen-amezqueta,4,0,0,0,50.0,12.5,0.0,0.0,0.0,12.5
462,jesus-herrada-lopez,10,0,0,0,228.0,22.8,0.0,0.0,0.0,22.8
463,mikel-iturria,7,0,0,0,80.0,11.428571428571429,0.0,0.0,0.0,11.428571428571429
464,sergio-samitier,9,0,0,0,60.0,6.666666666666667,0.0,0.0,0.0,6.666666666666667
465,jhojan-garcia,3,0,0,0,30.0,10.0,0.0,0.0,0.0,10.0
466,david-gonzalez-lopez,1,0,0,0,5.0,5.0,0.0,0.0,0.0,5.0
467,cristian-rodriguez,8,0,0,0,106.0,15.142857142857142,0.0,0.0,0.0,13.25
468,gino-mader,12,0,1,3,693.0,57.75,0.0,0.08333333333333333,0.25,57.75
469,pierre-latour,10,0,0,1,347.0,34.7,0.0,0.0,0.1,34.7
470,sergio-higuita,12,1,3,5,1184.0,98.66666666666667,0.08333333333333333,0.25,0.4166666666666667,98.66666666666667
471,odd-christian-eiking,7,0,0,1,330.0,47.142857142857146,0.0,0.0,0.14285714285714285,47.142857142857146
472,jesus-ezquerra-muela,4,0,0,0,65.0,16.25,0.0,0.0,0.0,16.25
473,jon-agirre,2,0,0,0,5.0,5.0,0.0,0.0,0.0,2.5
474,jose-felix-parra,3,0,0,0,50.0,16.666666666666668,0.0,0.0,0.0,16.666666666666668
475,gotzon-martin,6,0,0,0,60.0,10.0,0.0,0.0,0.0,10.0
476,angel-madrazo,5,0,0,0,65.0,16.25,0.0,0.0,0.0,13.0
477,txomin-juaristi,1,0,0,0,5.0,5.0,0.0,0.0,0.0,5.0
478,mathieu-burgaudeau,5,0,0,0,92.0,18.4,0.0,0.0,0.0,18.4
479,roger-adria,3,0,0,0,10.0,5.0,0.0,0.0,0.0,3.3333333333333335
480,fernando-barcelo,7,0,0,0,65.0,9.285714285714286,0.0,0.0,0.0,9.285714285714286
481,jon-barrenetxea-golzarri,1,0,0,0,5.0,5.0,0.0,0.0,0.0,5.0
482,ander-okamika,4,0,0,0,50.0,12.5,0.0,0.0,0.0,12.5
483,raul-garcia-pierna,4,0,0,0,35.0,8.75,0.0,0.0,0.0,8.75
484,jon-aberasturi,6,0,0,0,70.0,14.0,0.0,0.0,0.0,11.666666666666666
485,julien-simon,8,0,0,0,90.0,12.857142857142858,0.0,0.0,0.0,11.25
486,alexander-kamp,4,0,0,0,15.0,5.0,0.0,0.0,0.0,3.75
487,andreas-leknessund,10,0,0,0,244.0,30.5,0.0,0.0,0.0,24.4
488,ide-schelling,5,0,0,0,50.0,16.666666666666668,0.0,0.0,0.0,10.0
489,unai-cuadrado,3,0,0,0,5.0,5.0,0.0,0.0,0.0,1.6666666666666667
490,urko-berrade-fernandez,5,0,0,0,30.0,10.0,0.0,0.0,0.0,6.0
491,carlos-canal,5,0,0,0,45.0,15.0,0.0,0.0,0.0,9.0
492,remco-evenepoel,7,2,2,4,1055.0,150.71428571428572,0.2857142857142857,0.2857142857142857,0.5714285714285714,150.71428571428572
493,marc-soler,16,0,0,3,795.0,56.785714285714285,0.0,0.0,0.1875,49.6875
494,rigoberto-uran,10,0,1,6,1245.0,124.5,0.0,0.1,0.6,124.5
495,igor-arrieta-lizarraga,1,0,0,0,5.0,5.0,0.0,0.0,0.0,5.0
496,ibon-ruiz,1,0,0,0,5.0,5.0,0.0,0.0,0.0,5.0
497,jeremy-cabot,2,0,0,0,30.0,15.0,0.0,0.0,0.0,15.0
498,pelayo-sanchez-mayo,3,0,0,0,20.0,20.0,0.0,0.0,0.0,6.666666666666667
499,jetse-bol,6,0,0,0,85.0,17.0,0.0,0.0,0.0,14.166666666666666
500,alan-jousseaume,1,0,0,0,0.0,,0.0,0.0,0.0,0.0
501,leon-heinschke,1,0,0,0,0.0,,0.0,0.0,0.0,0.0
502,tim-naberman,2,0,0,0,5.0,5.0,0.0,0.0,0.0,2.5
503,elie-gesbert,7,0,0,0,105.0,15.0,0.0,0.0,0.0,15.0
504,matteo-trentin,7,0,0,0,121.0,17.285714285714285,0.0,0.0,0.0,17.285714285714285
505,anthony-turgis,8,0,0,0,120.0,15.0,0.0,0.0,0.0,15.0
506,john-degenkolb,12,0,0,0,110.0,9.166666666666666,0.0,0.0,0.0,9.166666666666666
507,bryan-coquard,6,0,0,1,110.0,22.0,0.0,0.0,0.16666666666666666,18.333333333333332
508,luke-rowe,11,0,0,0,85.0,9.444444444444445,0.0,0.0,0.0,7.7272727272727275
509,niccolo-bonifazio,5,0,0,0,60.0,15.0,0.0,0.0,0.0,12.0
510,thomas-scully,9,0,0,0,80.0,8.88888888888889,0.0,0.0,0.0,8.88888888888889
511,alessandro-fedeli,1,0,0,0,5.0,5.0,0.0,0.0,0.0,5.0
512,geoffrey-soupe,2,0,0,0,30.0,15.0,0.0,0.0,0.0,15.0
513,luka-mezgec,8,0,0,0,90.0,12.857142857142858,0.0,0.0,0.0,11.25
514,daniel-mclay,6,0,0,0,35.0,8.75,0.0,0.0,0.0,5.833333333333333
515,michael-matthews,11,0,0,0,143.0,13.0,0.0,0.0,0.0,13.0
516,damien-touze,6,0,0,0,55.0,11.0,0.0,0.0,0.0,9.166666666666666
517,rohan-dennis,14,0,1,3,547.0,42.07692307692308,0.0,0.07142857142857142,0.21428571428571427,39.07142857142857
518,yves-lampaert,5,0,0,0,65.0,13.0,0.0,0.0,0.0,13.0
519,connor-swift,5,0,0,0,85.0,17.0,0.0,0.0,0.0,17.0
520,cyril-barthe,6,0,0,0,112.0,18.666666666666668,0.0,0.0,0.0,18.666666666666668
521,nacer-bouhanni,2,0,0,0,10.0,5.0,0.0,0.0,0.0,5.0
522,nils-eekhoff,3,0,0,0,55.0,18.333333333333332,0.0,0.0,0.0,18.333333333333332
523,florian-vermeersch,4,0,0,0,55.0,13.75,0.0,0.0,0.0,13.75
524,jelle-wallays,4,0,0,0,55.0,13.75,0.0,0.0,0.0,13.75
525,jonas-rutsch,6,0,0,0,70.0,11.666666666666666,0.0,0.0,0.0,11.666666666666666
526,jordi-meeus,6,0,0,0,40.0,8.0,0.0,0.0,0.0,6.666666666666667
527,johan-jacobs,8,0,0,0,25.0,5.0,0.0,0.0,0.0,3.125
528,giacomo-nizzolo,3,0,0,0,10.0,5.0,0.0,0.0,0.0,3.3333333333333335
529,georg-zimmermann,5,0,0,0,134.0,26.8,0.0,0.0,0.0,26.8
530,silvan-dillier,9,0,0,0,95.0,11.875,0.0,0.0,0.0,10.555555555555555
531,victor-koretzky,1,0,0,0,5.0,5.0,0.0,0.0,0.0,5.0
532,campbell-stewart,4,0,0,0,10.0,5.0,0.0,0.0,0.0,2.5
533,nathan-van-hooydonck,6,0,0,0,55.0,11.0,0.0,0.0,0.0,9.166666666666666
534,loic-vliegen,3,0,0,0,10.0,5.0,0.0,0.0,0.0,3.3333333333333335
535,luca-mozzato,3,0,0,0,25.0,25.0,0.0,0.0,0.0,8.333333333333334
536,eduard-prades,6,0,0,0,36.0,7.2,0.0,0.0,0.0,6.0
537,gonzalo-serrano,5,0,0,1,185.0,37.0,0.0,0.0,0.2,37.0
538,quinn-simmons,5,0,0,0,60.0,12.0,0.0,0.0,0.0,12.0
539,hugo-hofstetter,8,0,0,0,70.0,11.666666666666666,0.0,0.0,0.0,8.75
540,emils-liepins,8,0,0,0,55.0,6.875,0.0,0.0,0.0,6.875
541,lorrenzo-manzin,3,0,0,0,30.0,10.0,0.0,0.0,0.0,10.0
542,matteo-malucelli,3,0,0,0,15.0,5.0,0.0,0.0,0.0,5.0
543,davide-martinelli,9,0,0,0,45.0,5.0,0.0,0.0,0.0,5.0
544,jefferson-alexander-cepeda,1,0,0,0,5.0,5.0,0.0,0.0,0.0,5.0
545,alan-riou,2,0,0,0,10.0,5.0,0.0,0.0,0.0,5.0
546,giovanni-lonardi,2,0,0,0,10.0,5.0,0.0,0.0,0.0,5.0
547,kaden-groves,8,0,0,0,50.0,7.142857142857143,0.0,0.0,0.0,6.25
548,paul-ourselin,5,0,0,0,60.0,12.0,0.0,0.0,0.0,12.0
549,thomas-pidcock,2,0,0,0,150.0,75.0,0.0,0.0,0.0,75.0
550,jose-herrada,7,0,0,0,109.0,15.571428571428571,0.0,0.0,0.0,15.571428571428571
551,marc-sarreau,5,0,0,0,40.0,8.0,0.0,0.0,0.0,8.0
552,peter-kusztor,4,0,0,0,20.0,5.0,0.0,0.0,0.0,5.0
553,david-lozano,3,0,0,0,15.0,5.0,0.0,0.0,0.0,5.0
554,sam-brand,3,0,0,0,15.0,5.0,0.0,0.0,0.0,5.0
555,andrea-peron,4,0,0,0,20.0,5.0,0.0,0.0,0.0,5.0
556,charles-planet,3,0,0,0,15.0,5.0,0.0,0.0,0.0,5.0
557,clement-berthet,5,0,0,0,107.0,21.4,0.0,0.0,0.0,21.4
558,biniam-girmay,1,0,0,0,5.0,5.0,0.0,0.0,0.0,5.0
559,david-dekker,2,0,0,0,10.0,5.0,0.0,0.0,0.0,5.0
560,niklas-markl,4,0,0,0,20.0,5.0,0.0,0.0,0.0,5.0
561,filip-maciejuk,3,0,0,0,15.0,5.0,0.0,0.0,0.0,5.0
562,yevgeniy-fedorov,3,0,0,0,30.0,10.0,0.0,0.0,0.0,10.0
563,sebastian-berwick,4,0,0,0,98.0,24.5,0.0,0.0,0.0,24.5
564,abner-gonzalez-rivera,2,0,0,0,10.0,5.0,0.0,0.0,0.0,5.0
565,alexandre-delettre,2,0,0,0,10.0,5.0,0.0,0.0,0.0,5.0
566,sergio-martin,1,0,0,0,5.0,5.0,0.0,0.0,0.0,5.0
567,juri-hollmann,2,0,0,0,10.0,5.0,0.0,0.0,0.0,5.0
568,stephen-williams,5,0,0,0,25.0,5.0,0.0,0.0,0.0,5.0
569,antoine-raugel,2,0,0,0,25.0,12.5,0.0,0.0,0.0,12.5
570,michal-schlegel,2,0,0,0,10.0,5.0,0.0,0.0,0.0,5.0
571,michel-hessmann,3,0,0,0,15.0,5.0,0.0,0.0,0.0,5.0
572,mick-van-dijke,2,0,0,0,10.0,5.0,0.0,0.0,0.0,5.0
573,christian-scaroni,1,0,0,0,5.0,5.0,0.0,0.0,0.0,5.0
574,jarrad-drizners,5,0,0,0,15.0,5.0,0.0,0.0,0.0,3.0
575,daan-hoole,1,0,0,0,5.0,5.0,0.0,0.0,0.0,5.0
576,jonas-iversby-hvideberg,3,0,0,0,25.0,12.5,0.0,0.0,0.0,8.333333333333334
577,marijn-van-den-berg,3,0,0,0,15.0,5.0,0.0,0.0,0.0,5.0
578,magnus-sheffield,3,0,0,1,150.0,50.0,0.0,0.0,0.3333333333333333,50.0
579,taj-jones,4,0,0,0,15.0,5.0,0.0,0.0,0.0,3.75
580,bram-welten,2,0,0,0,10.0,5.0,0.0,0.0,0.0,5.0
581,kamil-malecki,2,0,0,0,25.0,12.5,0.0,0.0,0.0,12.5
582,kelland-brien,2,0,0,0,10.0,5.0,0.0,0.0,0.0,5.0
583,gerben-thijssen,4,0,0,0,15.0,5.0,0.0,0.0,0.0,3.75
584,sam-welsford,2,0,0,0,10.0,5.0,0.0,0.0,0.0,5.0
585,iuri-leitao,1,0,0,0,5.0,5.0,0.0,0.0,0.0,5.0
586,umberto-poli,1,0,0,0,0.0,,0.0,0.0,0.0,0.0
587,roland-thalmann,4,0,0,0,27.0,6.75,0.0,0.0,0.0,6.75
588,clement-champoussin,6,0,0,0,149.0,24.833333333333332,0.0,0.0,0.0,24.833333333333332
589,joel-suter,2,0,0,0,10.0,5.0,0.0,0.0,0.0,5.0
590,juan-ayuso-pesquera,3,0,1,3,500.0,166.66666666666666,0.0,0.3333333333333333,1.0,166.66666666666666
591,luke-plapp,5,0,1,2,350.0,70.0,0.0,0.2,0.4,70.0
592,ben-healy,1,0,0,0,5.0,5.0,0.0,0.0,0.0,5.0
593,pau-miquel-delgado,1,0,0,0,5.0,5.0,0.0,0.0,0.0,5.0
594,anton-palzer,4,0,0,0,40.0,10.0,0.0,0.0,0.0,10.0
595,yannis-voisard,3,0,0,0,28.0,9.333333333333334,0.0,0.0,0.0,9.333333333333334
596,filippo-colombo1,1,0,0,0,5.0,5.0,0.0,0.0,0.0,5.0
597,carlos-garcia-pierna,1,0,0,0,5.0,5.0,0.0,0.0,0.0,5.0
598,valentin-paret-peintre,2,0,0,0,33.0,16.5,0.0,0.0,0.0,16.5
599,georg-steinhauser,2,0,0,0,21.0,10.5,0.0,0.0,0.0,10.5
600,nils-brun,1,0,0,0,5.0,5.0,0.0,0.0,0.0,5.0
601,johan-price-pejtersen,3,0,0,0,15.0,5.0,0.0,0.0,0.0,5.0
602,colin-joyce,2,0,0,0,10.0,5.0,0.0,0.0,0.0,5.0
603,nickolas-zukowsky,2,0,0,0,5.0,5.0,0.0,0.0,0.0,2.5
604,floris-de-tier,5,0,0,0,40.0,8.0,0.0,0.0,0.0,8.0
605,matthew-walls,1,0,0,0,5.0,5.0,0.0,0.0,0.0,5.0
606,kristian-aasvold,1,0,0,0,5.0,5.0,0.0,0.0,0.0,5.0
607,markus-hoelgaard,1,0,0,0,5.0,5.0,0.0,0.0,0.0,5.0
608,robin-froidevaux,1,0,0,0,5.0,5.0,0.0,0.0,0.0,5.0
609,lewis-askey,1,0,0,0,5.0,5.0,0.0,0.0,0.0,5.0
610,jay-vine,2,1,1,1,270.0,135.0,0.5,0.5,0.5,135.0
611,marius-mayrhofer,1,0,0,0,18.0,18.0,0.0,0.0,0.0,18.0
612,reuben-thompson,2,0,0,0,19.0,9.5,0.0,0.0,0.0,9.5
613,milan-vader,1,0,0,0,10.0,10.0,0.0,0.0,0.0,10.0
614,alex-baudin,2,0,0,0,14.0,7.0,0.0,0.0,0.0,7.0
615,corbin-strong,1,0,0,0,7.0,7.0,0.0,0.0,0.0,7.0
616,paul-penhoet,1,0,0,0,6.0,6.0,0.0,0.0,0.0,6.0
617,derek-gee,2,0,0,0,10.0,5.0,0.0,0.0,0.0,5.0
618,ivan-romeo,1,0,0,0,5.0,5.0,0.0,0.0,0.0,5.0
619,asbjorn-hellemose,2,0,0,0,10.0,5.0,0.0,0.0,0.0,5.0
620,leo-hayter,1,0,0,0,5.0,5.0,0.0,0.0,0.0,5.0
621,paul-lapeira,2,0,0,0,10.0,5.0,0.0,0.0,0.0,5.0
622,matthew-dinham,1,0,0,0,5.0,5.0,0.0,0.0,0.0,5.0
623,michael-vink,1,0,0,0,5.0,5.0,0.0,0.0,0.0,5.0
624,tim-van-dijke,1,0,0,0,5.0,5.0,0.0,0.0,0.0,5.0
625,marc-brustenga-masague,4,0,0,0,15.0,5.0,0.0,0.0,0.0,3.75
626,stan-van-tricht,2,0,0,0,10.0,5.0,0.0,0.0,0.0,5.0
627,kim-heiduk,2,0,0,0,10.0,5.0,0.0,0.0,0.0,5.0
628,alessandro-verre,1,0,0,0,5.0,5.0,0.0,0.0,0.0,5.0
629,sjoerd-bax,1,0,0,0,5.0,5.0,0.0,0.0,0.0,5.0
630,samuel-gaze,1,0,0,0,5.0,5.0,0.0,0.0,0.0,5.0
631,ewen-costiou,1,0,0,0,5.0,5.0,0.0,0.0,0.0,5.0
632,luis-joe-luhrs,1,0,0,0,5.0,5.0,0.0,0.0,0.0,5.0
633,andre-carvalho,1,0,0,0,5.0,5.0,0.0,0.0,0.0,5.0
634,mathis-le-berre,1,0,0,0,5.0,5.0,0.0,0.0,0.0,5.0
635,laurence-pithie,2,0,0,0,10.0,5.0,0.0,0.0,0.0,5.0
636,lorenzo-germani,1,0,0,0,5.0,5.0,0.0,0.0,0.0,5.0
637,harrison-wood,1,0,0,0,5.0,5.0,0.0,0.0,0.0,5.0
638,cameron-scott,1,0,0,0,5.0,5.0,0.0,0.0,0.0,5.0
639,martin-svrcek,2,0,0,0,0.0,,0.0,0.0,0.0,0.0
640,martin-laas,5,0,0,0,45.0,15.0,0.0,0.0,0.0,9.0
641,jensen-plowright,2,0,0,0,5.0,5.0,0.0,0.0,0.0,2.5
642,joonas-henttala,1,0,0,0,5.0,5.0,0.0,0.0,0.0,5.0
643,corey-davis,1,0,0,0,0.0,,0.0,0.0,0.0,0.0
644,itamar-einhorn,2,0,0,0,10.0,5.0,0.0,0.0,0.0,5.0
645,benjamin-perry,1,0,0,0,5.0,5.0,0.0,0.0,0.0,5.0
646,etienne-van-empel,1,0,0,0,60.0,60.0,0.0,0.0,0.0,60.0
647,aaron-van-poucke,1,0,0,0,5.0,5.0,0.0,0.0,0.0,5.0
648,lindsay-de-vylder,1,0,0,0,5.0,5.0,0.0,0.0,0.0,5.0
649,christophe-noppe,1,0,0,0,5.0,5.0,0.0,0.0,0.0,5.0
650,victor-langellotti,1,0,0,0,5.0,5.0,0.0,0.0,0.0,5.0
651,matthew-gibson,1,0,0,0,5.0,5.0,0.0,0.0,0.0,5.0
652,pier-andre-cote,1,0,0,0,5.0,5.0,0.0,0.0,0.0,5.0
653,robbe-ghys,1,0,0,0,5.0,5.0,0.0,0.0,0.0,5.0
654,simone-bevilacqua,1,0,0,0,5.0,5.0,0.0,0.0,0.0,5.0
655,declan-irvine,1,0,0,0,5.0,5.0,0.0,0.0,0.0,5.0
656,brandon-smith-rivera-vargas,1,0,0,0,5.0,5.0,0.0,0.0,0.0,5.0
657,inigo-elosegui,1,0,0,0,5.0,5.0,0.0,0.0,0.0,5.0
658,lasse-norman-leth,1,0,0,0,5.0,5.0,0.0,0.0,0.0,5.0
659,mathias-vacek,1,0,0,0,5.0,5.0,0.0,0.0,0.0,5.0
660,ethan-vernon,2,0,0,0,10.0,5.0,0.0,0.0,0.0,5.0
661,matthew-riccitello,1,0,0,0,32.0,32.0,0.0,0.0,0.0,32.0
662,jason-osborne,1,0,0,0,9.0,9.0,0.0,0.0,0.0,9.0
663,thomas-gloag,1,0,0,0,8.0,8.0,0.0,0.0,0.0,8.0
664,joshua-tarling,1,0,0,0,5.0,5.0,0.0,0.0,0.0,5.0
665,arthur-kluckers,1,0,0,0,5.0,5.0,0.0,0.0,0.0,5.0
666,jan-maas,1,0,0,0,5.0,5.0,0.0,0.0,0.0,5.0
667,mika-heming,1,0,0,0,5.0,5.0,0.0,0.0,0.0,5.0
668,tom-paquot,1,0,0,0,5.0,5.0,0.0,0.0,0.0,5.0
669,rick-pluimers,1,0,0,0,5.0,5.0,0.0,0.0,0.0,5.0
670,elmar-reinders,1,0,0,0,5.0,5.0,0.0,0.0,0.0,5.0
671,fran-miholjevic,1,0,0,0,5.0,5.0,0.0,0.0,0.0,5.0
672,maurice-ballerstedt,1,0,0,0,5.0,5.0,0.0,0.0,0.0,5.0
673,matevz-govekar,1,0,0,0,5.0,5.0,0.0,0.0,0.0,5.0
674,fabio-van-den-bossche,1,0,0,0,5.0,5.0,0.0,0.0,0.0,5.0
675,riccardo-lucca,1,0,0,0,5.0,5.0,0.0,0.0,0.0,5.0
676,luca-colnaghi,1,0,0,0,5.0,5.0,0.0,0.0,0.0,5.0
677,blake-quick,1,0,0,0,5.0,5.0,0.0,0.0,0.0,5.0
678,maikel-zijlaard,1,0,0,0,5.0,5.0,0.0,0.0,0.0,5.0
679,enrico-zanoncello,1,0,0,0,5.0,5.0,0.0,0.0,0.0,5.0
680,arvid-de-kleijn,1,0,0,0,5.0,5.0,0.0,0.0,0.0,5.0
681,sebastian-kolze-changizi,1,0,0,0,5.0,5.0,0.0,0.0,0.0,5.0
682,cameron-wurf,2,0,0,0,25.0,12.5,0.0,0.0,0.0,12.5
683,antonio-soto,3,0,0,0,30.0,10.0,0.0,0.0,0.0,10.0
684,joan-bou,4,0,0,0,45.0,15.0,0.0,0.0,0.0,11.25
685,torstein-traeen,1,0,0,1,80.0,80.0,0.0,0.0,1.0,80.0
686,henri-vandenabeele,1,0,0,0,5.0,5.0,0.0,0.0,0.0,5.0
687,francisco-galvan,2,0,0,0,25.0,12.5,0.0,0.0,0.0,12.5
688,joel-nicolau,1,0,0,0,5.0,5.0,0.0,0.0,0.0,5.0
689,jacob-hindsgaul-madsen,1,0,0,0,5.0,5.0,0.0,0.0,0.0,5.0
690,manuel-penalver,1,0,0,0,0.0,,0.0,0.0,0.0,0.0
691,rasmus-tiller,1,0,0,0,20.0,20.0,0.0,0.0,0.0,20.0
692,xabier-mikel-azparren-irurzun,2,0,0,0,40.0,20.0,0.0,0.0,0.0,20.0
693,jose-manuel-diaz-gallego,1,0,0,0,20.0,20.0,0.0,0.0,0.0,20.0
694,ben-turner,1,0,0,0,20.0,20.0,0.0,0.0,0.0,20.0
695,vojtech-repa,1,0,0,0,20.0,20.0,0.0,0.0,0.0,20.0
696,ibai-azurmendi-sagastibel,1,0,0,0,20.0,20.0,0.0,0.0,0.0,20.0
697,cedric-beullens,1,0,0,0,20.0,20.0,0.0,0.0,0.0,20.0
