,rider_code,nb_race_one_day,nb_win_one_day,nb_pod_one_day,nb_top10_one_day,pts_one_day,avg_rnk_one_day,pct_win_one_day,pct_pod_one_day,pct_top10_one_day,avg_pts_one_day
0,elia-viviani,33,6,9,13,1374.0,36.55172413793103,0.18181818181818182,0.2727272727272727,0.3939393939393939,41.63636363636363
1,caleb-ewan,23,3,10,12,1301.0,12.285714285714286,0.13043478260869565,0.43478260869565216,0.5217391304347826,56.56521739130435
2,daryl-impey,35,0,3,3,524.0,50.142857142857146,0.0,0.08571428571428572,0.08571428571428572,14.971428571428572
3,ryan-gibbons,51,1,2,4,400.0,44.90243902439025,0.0196078431372549,0.0392156862745098,0.0784313725490196,7.8431372549019605
4,,0.0,,,,,,,,,
5,luke-rowe,47,0,0,2,301.0,69.61290322580645,0.0,0.0,0.0425531914893617,6.404255319148936
6,michael-morkov,25,0,1,6,456.0,29.545454545454547,0.0,0.04,0.24,18.24
7,owain-doull,58,0,1,3,327.0,61.44444444444444,0.0,0.017241379310344827,0.05172413793103448,5.637931034482759
8,luis-leon-sanchez,29,1,2,4,278.0,45.96153846153846,0.034482758620689655,0.06896551724137931,0.13793103448275862,9.586206896551724
9,benoit-cosnefroy,50,4,11,19,1936.0,24.354166666666668,0.08,0.22,0.38,38.72
10,robert-gesink,17,0,0,0,119.0,45.0625,0.0,0.0,0.0,7.0
11,diego-ulissi,62,1,6,21,1418.0,20.982456140350877,0.016129032258064516,0.0967741935483871,0.3387096774193548,22.870967741935484
12,kenny-elissonde,13,0,0,1,95.0,36.72727272727273,0.0,0.0,0.07692307692307693,7.3076923076923075
13,ruben-guerreiro,24,1,1,3,306.0,28.789473684210527,0.041666666666666664,0.041666666666666664,0.125,12.75
14,chris-hamilton,24,0,0,0,93.0,54.73684210526316,0.0,0.0,0.0,3.875
15,wout-poels,17,0,0,1,164.0,53.714285714285715,0.0,0.0,0.058823529411764705,9.647058823529411
16,sven-erik-bystrom,57,0,0,1,329.0,51.4375,0.0,0.0,0.017543859649122806,5.771929824561403
17,alberto-bettiol,53,1,1,9,1109.0,39.83783783783784,0.018867924528301886,0.018867924528301886,0.16981132075471697,20.92452830188679
18,nico-denz,44,0,0,0,125.0,76.32,0.0,0.0,0.0,2.840909090909091
19,jan-polanc,49,1,1,3,363.0,45.06060606060606,0.02040816326530612,0.02040816326530612,0.061224489795918366,7.408163265306122
20,joey-rosskopf,27,0,0,0,64.0,55.44,0.0,0.0,0.0,2.3703703703703702
21,george-bennett,25,1,2,4,474.0,38.8235294117647,0.04,0.08,0.16,18.96
22,pierre-latour,36,0,0,6,344.0,35.44444444444444,0.0,0.0,0.16666666666666666,9.555555555555555
23,jai-hindley,25,0,0,1,142.0,38.75,0.0,0.0,0.04,5.68
24,michael-woods,35,1,5,17,1489.0,17.321428571428573,0.02857142857142857,0.14285714285714285,0.4857142857142857,42.542857142857144
25,lucas-hamilton,12,0,0,0,56.0,51.333333333333336,0.0,0.0,0.0,4.666666666666667
26,remi-cavagna,30,1,1,1,196.0,59.458333333333336,0.03333333333333333,0.03333333333333333,0.03333333333333333,6.533333333333333
27,thomas-scully,50,0,0,0,95.0,86.5,0.0,0.0,0.0,1.9
28,pavel-sivakov,19,0,2,2,384.0,57.0625,0.0,0.10526315789473684,0.10526315789473684,20.210526315789473
29,dion-smith,33,1,1,5,409.0,39.76,0.030303030303030304,0.030303030303030304,0.15151515151515152,12.393939393939394
30,alexander-edmondson,34,0,0,0,77.0,81.375,0.0,0.0,0.0,2.264705882352941
31,marco-haller,60,1,1,5,643.0,47.58139534883721,0.016666666666666666,0.016666666666666666,0.08333333333333333,10.716666666666667
32,daniel-oss,47,0,0,0,157.0,59.42857142857143,0.0,0.0,0.0,3.3404255319148937
33,dries-devenyns,53,1,1,3,363.0,61.27777777777778,0.018867924528301886,0.018867924528301886,0.05660377358490566,6.849056603773585
34,dylan-van-baarle,34,3,5,11,1755.0,32.774193548387096,0.08823529411764706,0.14705882352941177,0.3235294117647059,51.61764705882353
35,davide-ballerini,58,2,3,6,777.0,41.32432432432432,0.034482758620689655,0.05172413793103448,0.10344827586206896,13.39655172413793
36,tadej-pogacar,36,7,11,17,2655.0,15.3,0.19444444444444445,0.3055555555555556,0.4722222222222222,73.75
37,jasper-philipsen,57,7,13,21,1790.0,30.46938775510204,0.12280701754385964,0.22807017543859648,0.3684210526315789,31.403508771929825
38,cees-bol,37,1,1,2,335.0,51.18518518518518,0.02702702702702703,0.02702702702702703,0.05405405405405406,9.054054054054054
39,lukasz-owsian,54,0,0,1,145.0,55.13333333333333,0.0,0.0,0.018518518518518517,2.685185185185185
40,szymon-sajnok,55,0,0,1,166.0,68.5609756097561,0.0,0.0,0.01818181818181818,3.018181818181818
41,carl-fredrik-hagen,15,0,0,0,54.0,48.53846153846154,0.0,0.0,0.0,3.6
42,michael-storer,24,0,1,2,152.0,47.55,0.0,0.041666666666666664,0.08333333333333333,6.333333333333333
43,manuele-boaro,53,0,0,0,65.0,82.69565217391305,0.0,0.0,0.0,1.2264150943396226
44,james-knox,20,0,0,1,73.0,54.90909090909091,0.0,0.0,0.05,3.65
45,remy-mertz,63,0,1,2,139.0,55.361702127659576,0.0,0.015873015873015872,0.031746031746031744,2.2063492063492065
46,victor-de-la-parte,33,0,0,0,39.0,54.458333333333336,0.0,0.0,0.0,1.1818181818181819
47,nans-peters,42,1,2,6,366.0,43.32432432432432,0.023809523809523808,0.047619047619047616,0.14285714285714285,8.714285714285714
48,harry-sweeny,41,0,0,1,63.0,63.78787878787879,0.0,0.0,0.024390243902439025,1.5365853658536586
49,robert-stannard,58,0,0,3,316.0,56.6,0.0,0.0,0.05172413793103448,5.448275862068965
50,luke-durbridge,44,0,0,0,154.0,63.61538461538461,0.0,0.0,0.0,3.5
51,jonas-gregaard,26,0,0,1,88.0,58.90909090909091,0.0,0.0,0.038461538461538464,3.3846153846153846
52,mikkel-honore,46,0,4,8,768.0,36.45945945945946,0.0,0.08695652173913043,0.17391304347826086,16.695652173913043
53,thomas-de-gendt,23,0,0,0,20.0,79.0,0.0,0.0,0.0,0.8695652173913043
54,yevgeniy-gidich,44,0,0,0,73.0,77.15789473684211,0.0,0.0,0.0,1.6590909090909092
55,max-walscheid,53,1,4,11,875.0,38.92,0.018867924528301886,0.07547169811320754,0.20754716981132076,16.50943396226415
56,ben-o-connor,8,1,1,3,146.0,42.166666666666664,0.125,0.125,0.375,18.25
57,jakub-mareczko,33,0,0,3,177.0,48.22727272727273,0.0,0.0,0.09090909090909091,5.363636363636363
58,ryan-mullen,42,0,0,2,103.0,75.9090909090909,0.0,0.0,0.047619047619047616,2.4523809523809526
59,lukas-postlberger,46,0,0,2,219.0,72.74193548387096,0.0,0.0,0.043478260869565216,4.760869565217392
60,maciej-bodnar,46,0,0,0,49.0,98.29411764705883,0.0,0.0,0.0,1.065217391304348
61,danny-van-poppel,66,2,9,22,1353.0,30.0,0.030303030303030304,0.13636363636363635,0.3333333333333333,20.5
62,ivo-emanuel-alves,45,0,0,0,35.0,90.41176470588235,0.0,0.0,0.0,0.7777777777777778
63,lennard-hofstede,18,0,0,0,30.0,87.25,0.0,0.0,0.0,1.6666666666666667
64,max-kanter,37,0,2,8,356.0,43.07142857142857,0.0,0.05405405405405406,0.21621621621621623,9.621621621621621
65,michael-schwarzmann,51,0,0,1,88.0,80.75862068965517,0.0,0.0,0.0196078431372549,1.7254901960784315
66,gregor-muhlberger,24,0,0,0,108.0,52.875,0.0,0.0,0.0,4.5
67,daniel-mclay,54,0,0,7,360.0,52.333333333333336,0.0,0.0,0.12962962962962962,6.666666666666667
68,zdenek-stybar,50,2,3,9,1169.0,45.44444444444444,0.04,0.06,0.18,23.38
69,greg-van-avermaet,67,1,8,22,2261.0,22.107692307692307,0.014925373134328358,0.11940298507462686,0.3283582089552239,33.74626865671642
70,tim-wellens,73,1,5,18,1176.0,31.35,0.0136986301369863,0.0684931506849315,0.2465753424657534,16.10958904109589
71,aleksey-lutsenko,27,2,3,6,553.0,29.2,0.07407407407407407,0.1111111111111111,0.2222222222222222,20.48148148148148
72,dylan-teuns,48,1,1,10,971.0,33.19512195121951,0.020833333333333332,0.020833333333333332,0.20833333333333334,20.229166666666668
73,yves-lampaert,47,1,5,15,1553.0,36.69565217391305,0.02127659574468085,0.10638297872340426,0.3191489361702128,33.04255319148936
74,matteo-trentin,74,3,10,31,2243.0,21.629032258064516,0.04054054054054054,0.13513513513513514,0.4189189189189189,30.31081081081081
75,oliver-naesen,69,0,4,16,1537.0,25.467741935483872,0.0,0.057971014492753624,0.2318840579710145,22.27536231884058
76,jens-keukeleire,52,0,0,2,436.0,57.205128205128204,0.0,0.0,0.038461538461538464,8.384615384615385
77,michael-matthews,47,2,5,21,2309.0,12.820512820512821,0.0425531914893617,0.10638297872340426,0.44680851063829785,49.12765957446808
78,wout-van-aert,44,7,19,27,4548.0,12.921052631578947,0.1590909090909091,0.4318181818181818,0.6136363636363636,103.36363636363636
79,bob-jungels,32,1,2,3,448.0,45.0,0.03125,0.0625,0.09375,14.0
80,stefan-kung,45,1,4,12,1348.0,28.431818181818183,0.022222222222222223,0.08888888888888889,0.26666666666666666,29.955555555555556
81,nils-politt,63,1,2,9,993.0,38.81818181818182,0.015873015873015872,0.031746031746031744,0.14285714285714285,15.761904761904763
82,silvan-dillier,41,0,0,0,211.0,49.878787878787875,0.0,0.0,0.0,5.146341463414634
83,baptiste-planckaert,74,0,1,8,476.0,51.8125,0.0,0.013513513513513514,0.10810810810810811,6.4324324324324325
84,hugo-houle,54,0,0,0,204.0,51.0,0.0,0.0,0.0,3.7777777777777777
85,christophe-laporte,47,3,8,15,1672.0,28.31578947368421,0.06382978723404255,0.1702127659574468,0.3191489361702128,35.57446808510638
86,mike-teunissen,37,0,0,9,725.0,25.27777777777778,0.0,0.0,0.24324324324324326,19.594594594594593
87,christopher-juul-jensen,46,0,0,0,126.0,83.48648648648648,0.0,0.0,0.0,2.739130434782609
88,ivan-garcia-cortina,65,1,2,10,1071.0,32.450980392156865,0.015384615384615385,0.03076923076923077,0.15384615384615385,16.476923076923075
89,edward-planckaert,47,0,0,3,163.0,64.29729729729729,0.0,0.0,0.06382978723404255,3.4680851063829787
90,olivier-le-gac,56,0,0,1,224.0,55.411764705882355,0.0,0.0,0.017857142857142856,4.0
91,jasper-stuyven,50,2,5,19,1884.0,25.0,0.04,0.1,0.38,37.68
92,jasper-de-buyst,45,0,2,8,410.0,45.666666666666664,0.0,0.044444444444444446,0.17777777777777778,9.11111111111111
93,dries-de-bondt,69,0,3,9,501.0,42.41269841269841,0.0,0.043478260869565216,0.13043478260869565,7.260869565217392
94,amaury-capiot,73,1,3,21,965.0,31.683333333333334,0.0136986301369863,0.0410958904109589,0.2876712328767123,13.219178082191782
95,boy-van-poppel,74,0,1,4,308.0,55.892857142857146,0.0,0.013513513513513514,0.05405405405405406,4.162162162162162
96,tom-devriendt,73,0,0,5,277.0,61.116279069767444,0.0,0.0,0.0684931506849315,3.7945205479452055
97,xandro-meurisse,40,1,2,3,310.0,45.628571428571426,0.025,0.05,0.075,7.75
98,bert-van-lerberghe,60,0,0,6,322.0,48.34615384615385,0.0,0.0,0.1,5.366666666666666
99,edvald-boasson-hagen,58,0,1,4,343.0,49.82,0.0,0.017241379310344827,0.06896551724137931,5.913793103448276
100,edward-theuns,67,1,4,9,717.0,45.78333333333333,0.014925373134328358,0.05970149253731343,0.13432835820895522,10.701492537313433
101,ramon-sinkeldam,41,0,0,1,108.0,55.714285714285715,0.0,0.0,0.024390243902439025,2.6341463414634148
102,guillaume-van-keirsbulck,67,0,0,0,97.0,54.8125,0.0,0.0,0.0,1.4477611940298507
103,aime-de-gendt,58,0,2,4,425.0,49.63265306122449,0.0,0.034482758620689655,0.06896551724137931,7.327586206896552
104,ignatas-konovalovas,36,0,0,0,34.0,82.3913043478261,0.0,0.0,0.0,0.9444444444444444
105,casper-pedersen,38,2,2,3,300.0,63.125,0.05263157894736842,0.05263157894736842,0.07894736842105263,7.894736842105263
106,tom-bohli,72,0,0,1,87.0,79.55813953488372,0.0,0.0,0.013888888888888888,1.2083333333333333
107,reto-hollenstein,61,0,0,0,128.0,72.48979591836735,0.0,0.0,0.0,2.098360655737705
108,anthony-turgis,57,0,4,12,1202.0,30.933333333333334,0.0,0.07017543859649122,0.21052631578947367,21.087719298245613
109,loic-vliegen,75,0,2,6,364.0,53.094339622641506,0.0,0.02666666666666667,0.08,4.8533333333333335
110,louis-vervaeke,39,0,1,2,176.0,61.29032258064516,0.0,0.02564102564102564,0.05128205128205128,4.512820512820513
111,adrien-petit,76,0,1,4,410.0,70.30188679245283,0.0,0.013157894736842105,0.05263157894736842,5.394736842105263
112,lukasz-wisniowski,42,0,0,0,121.0,71.65517241379311,0.0,0.0,0.0,2.880952380952381
113,damien-touze,53,0,0,2,207.0,47.07142857142857,0.0,0.0,0.03773584905660377,3.9056603773584904
114,jorge-arcas,35,0,0,0,55.0,65.77272727272727,0.0,0.0,0.0,1.5714285714285714
115,jimmy-janssens,45,0,0,1,89.0,72.8,0.0,0.0,0.022222222222222223,1.9777777777777779
116,timo-roosen,45,0,0,3,284.0,61.62162162162162,0.0,0.0,0.06666666666666667,6.311111111111111
117,gijs-van-hoecke,74,0,0,1,162.0,70.55172413793103,0.0,0.0,0.013513513513513514,2.189189189189189
118,taco-van-der-hoorn,66,2,3,5,508.0,65.13207547169812,0.030303030303030304,0.045454545454545456,0.07575757575757576,7.696969696969697
119,magnus-cort-nielsen,35,0,0,2,197.0,62.592592592592595,0.0,0.0,0.05714285714285714,5.628571428571429
120,sep-vanmarcke,67,2,3,9,1033.0,43.163636363636364,0.029850746268656716,0.04477611940298507,0.13432835820895522,15.417910447761194
121,dorian-godon,53,2,4,13,706.0,38.916666666666664,0.03773584905660377,0.07547169811320754,0.24528301886792453,13.320754716981131
122,emils-liepins,43,0,0,4,227.0,57.42424242424242,0.0,0.0,0.09302325581395349,5.27906976744186
123,tim-declercq,44,0,1,2,314.0,74.7,0.0,0.022727272727272728,0.045454545454545456,7.136363636363637
124,mads-pedersen,41,3,6,10,1245.0,43.44444444444444,0.07317073170731707,0.14634146341463414,0.24390243902439024,30.365853658536587
125,pascal-eenkhoorn,50,1,1,3,347.0,60.30434782608695,0.02,0.02,0.06,6.94
126,hugo-hofstetter,64,1,7,29,1533.0,27.29824561403509,0.015625,0.109375,0.453125,23.953125
127,alex-kirsch,49,0,0,0,128.0,66.25,0.0,0.0,0.0,2.6122448979591835
128,lionel-taminiaux,53,0,1,5,214.0,50.29545454545455,0.0,0.018867924528301886,0.09433962264150944,4.037735849056604
129,michael-schar,60,0,0,0,193.0,70.40425531914893,0.0,0.0,0.0,3.216666666666667
130,nathan-van-hooydonck,45,0,1,2,329.0,53.44736842105263,0.0,0.022222222222222223,0.044444444444444446,7.311111111111111
131,edoardo-affini,41,0,0,0,84.0,95.4090909090909,0.0,0.0,0.0,2.048780487804878
132,michael-hepburn,20,0,0,0,45.0,96.08333333333333,0.0,0.0,0.0,2.25
133,mads-wurtz-schmidt,34,0,0,2,127.0,66.33333333333333,0.0,0.0,0.058823529411764705,3.735294117647059
134,jenthe-biermans,78,0,1,7,405.0,43.43103448275862,0.0,0.01282051282051282,0.08974358974358974,5.1923076923076925
135,juan-sebastian-molano,33,0,1,5,210.0,45.46153846153846,0.0,0.030303030303030304,0.15151515151515152,6.363636363636363
136,giacomo-nizzolo,60,2,10,26,1753.0,14.520833333333334,0.03333333333333333,0.16666666666666666,0.43333333333333335,29.216666666666665
137,rasmus-tiller,61,1,5,12,785.0,53.69387755102041,0.01639344262295082,0.08196721311475409,0.19672131147540983,12.868852459016393
138,florian-senechal,54,1,8,18,1626.0,31.74,0.018518518518518517,0.14814814814814814,0.3333333333333333,30.11111111111111
139,pascal-ackermann,53,6,12,20,1741.0,32.529411764705884,0.11320754716981132,0.22641509433962265,0.37735849056603776,32.84905660377358
140,rudiger-selig,51,0,0,1,131.0,49.388888888888886,0.0,0.0,0.0196078431372549,2.5686274509803924
141,leonardo-basso,60,0,0,0,85.0,85.53333333333333,0.0,0.0,0.0,1.4166666666666667
142,piet-allegaert,87,1,3,18,981.0,34.28,0.011494252873563218,0.034482758620689655,0.20689655172413793,11.275862068965518
143,wesley-kreder,57,0,0,0,63.0,69.11904761904762,0.0,0.0,0.0,1.105263157894737
144,eduardo-sepulveda,36,0,0,1,49.0,51.916666666666664,0.0,0.0,0.027777777777777776,1.3611111111111112
145,imanol-erviti,36,0,0,0,116.0,69.89285714285714,0.0,0.0,0.0,3.2222222222222223
146,antonio-pedrero,21,0,0,2,78.0,52.61538461538461,0.0,0.0,0.09523809523809523,3.7142857142857144
147,tiesj-benoot,47,1,6,17,1738.0,19.146341463414632,0.02127659574468085,0.1276595744680851,0.3617021276595745,36.97872340425532
148,frederik-frison,70,0,0,0,104.0,77.50980392156863,0.0,0.0,0.0,1.4857142857142858
149,elmar-reinders,40,0,0,2,62.0,62.0,0.0,0.0,0.05,1.55
150,julian-alaphilippe,52,8,13,22,3515.0,19.977777777777778,0.15384615384615385,0.25,0.4230769230769231,67.59615384615384
151,jakob-fuglsang,36,3,6,13,1816.0,25.032258064516128,0.08333333333333333,0.16666666666666666,0.3611111111111111,50.44444444444444
152,simon-clarke,53,1,6,15,1117.0,30.863636363636363,0.018867924528301886,0.11320754716981132,0.2830188679245283,21.07547169811321
153,toms-skujins,59,0,1,7,777.0,40.36363636363637,0.0,0.01694915254237288,0.11864406779661017,13.169491525423728
154,geraint-thomas,14,0,0,0,55.0,67.88888888888889,0.0,0.0,0.0,3.9285714285714284
155,pieter-serry,47,0,0,1,150.0,61.6,0.0,0.0,0.02127659574468085,3.1914893617021276
156,sam-oomen,16,0,0,0,95.0,45.3125,0.0,0.0,0.0,5.9375
157,nelson-oliveira,19,0,0,0,143.0,43.3125,0.0,0.0,0.0,7.526315789473684
158,salvatore-puccio,27,0,0,0,39.0,64.6470588235294,0.0,0.0,0.0,1.4444444444444444
159,maximilian-schachmann,25,1,5,12,1114.0,22.55,0.04,0.2,0.48,44.56
160,jan-tratnik,31,0,0,2,363.0,48.0,0.0,0.0,0.06451612903225806,11.709677419354838
161,sebastian-schonberger,39,0,1,3,183.0,41.354838709677416,0.0,0.02564102564102564,0.07692307692307693,4.6923076923076925
162,hermann-pernsteiner,27,0,0,1,164.0,37.96153846153846,0.0,0.0,0.037037037037037035,6.074074074074074
163,simone-velasco,61,1,2,7,567.0,38.32203389830509,0.01639344262295082,0.03278688524590164,0.11475409836065574,9.295081967213115
164,floris-de-tier,39,0,0,0,103.0,48.69230769230769,0.0,0.0,0.0,2.641025641025641
165,rafal-majka,20,0,0,0,164.0,31.4,0.0,0.0,0.0,8.2
166,simone-petilli,49,0,0,1,172.0,48.375,0.0,0.0,0.02040816326530612,3.510204081632653
167,dario-cataldo,32,0,0,0,74.0,61.05555555555556,0.0,0.0,0.0,2.3125
168,cesare-benedetti,60,0,0,0,145.0,73.41176470588235,0.0,0.0,0.0,2.4166666666666665
169,gianni-moscon,51,1,1,6,637.0,46.48571428571429,0.0196078431372549,0.0196078431372549,0.11764705882352941,12.490196078431373
170,francois-bidard,26,0,0,1,46.0,57.93333333333333,0.0,0.0,0.038461538461538464,1.7692307692307692
171,jonathan-klever-caicedo,20,0,0,0,55.0,57.76923076923077,0.0,0.0,0.0,2.75
172,richard-carapaz,17,1,1,2,516.0,27.8,0.058823529411764705,0.058823529411764705,0.11764705882352941,30.352941176470587
173,eduard-prades,45,0,1,3,238.0,41.53125,0.0,0.022222222222222223,0.06666666666666667,5.288888888888889
174,marc-hirschi,53,5,9,20,1679.0,28.729166666666668,0.09433962264150944,0.16981132075471697,0.37735849056603776,31.67924528301887
175,bauke-mollema,41,2,3,18,1694.0,20.166666666666668,0.04878048780487805,0.07317073170731707,0.43902439024390244,41.31707317073171
176,nick-schultz,37,0,0,0,162.0,52.6,0.0,0.0,0.0,4.378378378378378
177,andrea-garosio,42,0,0,1,101.0,38.42857142857143,0.0,0.0,0.023809523809523808,2.4047619047619047
178,giovanni-lonardi,19,0,0,2,53.0,51.166666666666664,0.0,0.0,0.10526315789473684,2.789473684210526
179,vegard-stake-laengen,77,0,1,1,195.0,68.71666666666667,0.0,0.012987012987012988,0.012987012987012988,2.5324675324675323
180,nicola-conci,37,0,1,5,209.0,54.166666666666664,0.0,0.02702702702702703,0.13513513513513514,5.648648648648648
181,nicolas-edet,43,0,0,1,176.0,55.8,0.0,0.0,0.023255813953488372,4.093023255813954
182,dmitriy-gruzdev,35,0,0,0,40.0,87.8,0.0,0.0,0.0,1.1428571428571428
183,lawrence-naesen,72,0,0,7,356.0,51.943396226415096,0.0,0.0,0.09722222222222222,4.944444444444445
184,josef-cerny,40,0,0,1,108.0,72.8695652173913,0.0,0.0,0.025,2.7
185,juan-jose-lobato,22,0,0,2,64.0,35.9,0.0,0.0,0.09090909090909091,2.909090909090909
186,tobias-ludvigsson,34,0,0,0,62.0,69.25,0.0,0.0,0.0,1.8235294117647058
187,matthieu-ladagnous,47,0,0,1,71.0,70.42307692307692,0.0,0.0,0.02127659574468085,1.5106382978723405
188,bruno-armirail,33,0,1,2,121.0,61.611111111111114,0.0,0.030303030303030304,0.06060606060606061,3.6666666666666665
189,callum-scotson,23,0,0,0,15.0,91.9,0.0,0.0,0.0,0.6521739130434783
190,steff-cras,24,0,0,3,135.0,38.733333333333334,0.0,0.0,0.125,5.625
191,rui-costa,42,1,3,8,627.0,36.67741935483871,0.023809523809523808,0.07142857142857142,0.19047619047619047,14.928571428571429
192,fernando-gaviria,37,0,3,7,622.0,30.772727272727273,0.0,0.08108108108108109,0.1891891891891892,16.81081081081081
193,matteo-moschetti,41,2,2,6,384.0,60.916666666666664,0.04878048780487805,0.04878048780487805,0.14634146341463414,9.365853658536585
194,fabio-felline,42,0,0,0,49.0,64.4,0.0,0.0,0.0,1.1666666666666667
195,gino-mader,23,0,0,0,59.0,36.07142857142857,0.0,0.0,0.0,2.5652173913043477
196,antwan-tolhoek,26,0,0,0,114.0,59.470588235294116,0.0,0.0,0.0,4.384615384615385
197,neilson-powless,29,3,4,7,853.0,28.68,0.10344827586206896,0.13793103448275862,0.2413793103448276,29.413793103448278
198,jose-joaquin-rojas,27,0,0,3,205.0,34.4,0.0,0.0,0.1111111111111111,7.592592592592593
199,tosh-van-der-sande,48,0,3,5,428.0,62.5945945945946,0.0,0.0625,0.10416666666666667,8.916666666666666
200,antonio-nibali,36,0,0,0,20.0,84.8,0.0,0.0,0.0,0.5555555555555556
201,sam-bennett,52,3,6,12,1109.0,41.648648648648646,0.057692307692307696,0.11538461538461539,0.23076923076923078,21.326923076923077
202,michal-kwiatkowski,41,1,2,8,1201.0,35.0,0.024390243902439025,0.04878048780487805,0.1951219512195122,29.29268292682927
203,peter-sagan,34,0,1,10,1180.0,38.75,0.0,0.029411764705882353,0.29411764705882354,34.705882352941174
204,matej-mohoric,49,1,4,14,1671.0,25.325581395348838,0.02040816326530612,0.08163265306122448,0.2857142857142857,34.10204081632653
205,alexander-kristoff,70,5,16,30,2945.0,22.348484848484848,0.07142857142857142,0.22857142857142856,0.42857142857142855,42.07142857142857
206,amund-grondahl-jansen,29,0,0,2,303.0,41.75,0.0,0.0,0.06896551724137931,10.448275862068966
207,davide-cimolai,30,0,0,2,187.0,62.89473684210526,0.0,0.0,0.06666666666666667,6.233333333333333
208,julien-simon,62,2,2,15,755.0,34.280701754385966,0.03225806451612903,0.03225806451612903,0.24193548387096775,12.17741935483871
209,clement-venturini,38,0,1,7,375.0,28.205882352941178,0.0,0.02631578947368421,0.18421052631578946,9.868421052631579
210,luka-mezgec,25,0,2,4,397.0,41.94444444444444,0.0,0.08,0.16,15.88
211,arnaud-demare,41,5,11,20,1427.0,22.17948717948718,0.12195121951219512,0.2682926829268293,0.4878048780487805,34.80487804878049
212,gianluca-brambilla,34,0,0,3,211.0,37.4,0.0,0.0,0.08823529411764706,6.205882352941177
213,krists-neilands,40,0,0,2,234.0,49.645161290322584,0.0,0.0,0.05,5.85
214,lilian-calmejane,36,0,0,8,313.0,23.133333333333333,0.0,0.0,0.2222222222222222,8.694444444444445
215,jos-van-emden,22,0,0,0,68.0,77.25,0.0,0.0,0.0,3.090909090909091
216,lawson-craddock,28,0,0,0,78.0,75.76470588235294,0.0,0.0,0.0,2.7857142857142856
217,tao-geoghegan-hart,24,0,0,2,116.0,42.421052631578945,0.0,0.0,0.08333333333333333,4.833333333333333
218,romain-bardet,77,0,0,9,652.0,44.833333333333336,0.0,0.0,0.11688311688311688,8.467532467532468
219,soren-kragh-andersen,40,0,1,5,499.0,41.125,0.0,0.025,0.125,12.475
220,jacopo-guarnieri,36,0,0,0,47.0,68.66666666666667,0.0,0.0,0.0,1.3055555555555556
221,alessandro-de-marchi,40,1,2,5,454.0,46.138888888888886,0.025,0.05,0.125,11.35
222,nacer-bouhanni,36,1,7,11,807.0,35.13793103448276,0.027777777777777776,0.19444444444444445,0.3055555555555556,22.416666666666668
223,kristian-sbaragli,60,0,0,6,506.0,35.763636363636365,0.0,0.0,0.1,8.433333333333334
224,lawrence-warbasse,38,0,0,0,131.0,50.142857142857146,0.0,0.0,0.0,3.4473684210526314
225,tom-van-asbroeck,84,0,0,9,588.0,41.07692307692308,0.0,0.0,0.10714285714285714,7.0
226,dylan-groenewegen,30,2,10,17,1053.0,21.23076923076923,0.06666666666666667,0.3333333333333333,0.5666666666666667,35.1
227,john-degenkolb,42,0,3,10,1046.0,28.15,0.0,0.07142857142857142,0.23809523809523808,24.904761904761905
228,giovanni-carboni,28,0,0,0,32.0,47.78947368421053,0.0,0.0,0.0,1.1428571428571428
229,lluis-guillermo-mas,43,0,0,0,111.0,68.25806451612904,0.0,0.0,0.0,2.5813953488372094
230,mattia-cattaneo,22,0,1,1,124.0,60.84615384615385,0.0,0.045454545454545456,0.045454545454545456,5.636363636363637
231,heinrich-haussler,35,0,0,4,404.0,44.38461538461539,0.0,0.0,0.11428571428571428,11.542857142857143
232,filippo-ganna,19,0,0,0,51.0,62.857142857142854,0.0,0.0,0.0,2.6842105263157894
233,julius-van-den-berg,39,0,0,0,55.0,85.72,0.0,0.0,0.0,1.4102564102564104
234,fausto-masnada,17,0,2,3,341.0,38.470588235294116,0.0,0.11764705882352941,0.17647058823529413,20.058823529411764
235,niccolo-bonifazio,50,1,4,9,465.0,40.8235294117647,0.02,0.08,0.18,9.3
236,guy-sagiv,43,0,0,0,30.0,101.66666666666667,0.0,0.0,0.0,0.6976744186046512
237,david-lozano,17,0,0,0,28.0,66.57142857142857,0.0,0.0,0.0,1.6470588235294117
238,joonas-henttala,16,0,0,0,5.0,108.0,0.0,0.0,0.0,0.3125
239,charles-planet,12,0,0,0,10.0,87.85714285714286,0.0,0.0,0.0,0.8333333333333334
240,peter-kusztor,14,0,0,0,10.0,94.57142857142857,0.0,0.0,0.0,0.7142857142857143
241,mirco-maestri,31,0,0,0,32.0,71.57142857142857,0.0,0.0,0.0,1.032258064516129
242,mikel-landa,19,0,2,4,392.0,38.5,0.0,0.10526315789473684,0.21052631578947367,20.63157894736842
243,paul-ourselin,59,0,0,1,67.0,64.15555555555555,0.0,0.0,0.01694915254237288,1.1355932203389831
244,sam-brand,18,0,0,0,10.0,104.55555555555556,0.0,0.0,0.0,0.5555555555555556
245,alessandro-tonelli,29,0,0,2,89.0,74.05,0.0,0.0,0.06896551724137931,3.0689655172413794
246,fabien-grellier,59,0,0,1,59.0,62.6,0.0,0.0,0.01694915254237288,1.0
247,andrea-peron,27,0,0,0,19.0,76.78571428571429,0.0,0.0,0.0,0.7037037037037037
248,umberto-poli,17,0,0,0,10.0,131.8,0.0,0.0,0.0,0.5882352941176471
249,vincenzo-albanese,36,0,2,6,334.0,33.41379310344828,0.0,0.05555555555555555,0.16666666666666666,9.277777777777779
250,lorenzo-rota,69,0,2,17,1029.0,23.589285714285715,0.0,0.028985507246376812,0.2463768115942029,14.91304347826087
251,kristoffer-halvorsen,49,0,2,5,388.0,44.96296296296296,0.0,0.04081632653061224,0.10204081632653061,7.918367346938775
252,andrea-pasqualon,85,1,6,18,1075.0,35.68055555555556,0.011764705882352941,0.07058823529411765,0.21176470588235294,12.647058823529411
253,milan-menten,66,1,2,13,516.0,39.57142857142857,0.015151515151515152,0.030303030303030304,0.19696969696969696,7.818181818181818
254,kamil-gradek,25,0,0,0,46.0,61.8125,0.0,0.0,0.0,1.84
255,guillaume-boivin,74,0,0,4,323.0,49.01923076923077,0.0,0.0,0.05405405405405406,4.364864864864865
256,jack-bauer,32,0,0,0,133.0,61.03846153846154,0.0,0.0,0.0,4.15625
257,jonas-koch,71,0,0,2,219.0,55.8125,0.0,0.0,0.028169014084507043,3.084507042253521
258,otto-vergaerde,61,0,0,0,107.0,78.45,0.0,0.0,0.0,1.7540983606557377
259,jasha-sutterlin,40,0,0,1,163.0,50.78260869565217,0.0,0.0,0.025,4.075
260,fabio-jakobsen,28,6,6,9,760.0,29.57894736842105,0.21428571428571427,0.21428571428571427,0.32142857142857145,27.142857142857142
261,kenneth-van-rooy,63,0,1,7,396.0,34.264150943396224,0.0,0.015873015873015872,0.1111111111111111,6.285714285714286
262,bryan-coquard,66,1,6,11,712.0,36.1551724137931,0.015151515151515152,0.09090909090909091,0.16666666666666666,10.787878787878787
263,kasper-asgreen,40,3,5,9,1316.0,39.64705882352941,0.075,0.125,0.225,32.9
264,mathieu-burgaudeau,58,0,3,7,374.0,36.93333333333333,0.0,0.05172413793103448,0.1206896551724138,6.448275862068965
265,florian-stork,15,0,0,0,30.0,87.44444444444444,0.0,0.0,0.0,2.0
266,chad-haga,22,0,0,0,28.0,63.09090909090909,0.0,0.0,0.0,1.2727272727272727
267,senne-leysen,48,0,0,0,54.0,75.42424242424242,0.0,0.0,0.0,1.125
268,lasse-norman-leth,34,0,0,1,49.0,74.61904761904762,0.0,0.0,0.029411764705882353,1.4411764705882353
269,stan-dewulf,70,1,2,6,487.0,50.31147540983606,0.014285714285714285,0.02857142857142857,0.08571428571428572,6.957142857142857
270,mathijs-paasschens,63,0,0,0,74.0,74.1875,0.0,0.0,0.0,1.1746031746031746
271,robbe-ghys,39,0,0,1,76.0,76.76,0.0,0.0,0.02564102564102564,1.9487179487179487
272,sasha-weemaes,46,0,2,6,237.0,58.111111111111114,0.0,0.043478260869565216,0.13043478260869565,5.1521739130434785
273,filippo-fiorelli,57,0,0,4,264.0,54.97435897435897,0.0,0.0,0.07017543859649122,4.631578947368421
274,simone-consonni,51,1,2,12,667.0,33.0,0.0196078431372549,0.0392156862745098,0.23529411764705882,13.07843137254902
275,hector-carretero,41,0,1,2,87.0,64.88,0.0,0.024390243902439025,0.04878048780487805,2.1219512195121952
276,dries-van-gestel,67,1,4,15,837.0,35.11666666666667,0.014925373134328358,0.05970149253731343,0.22388059701492538,12.492537313432836
277,miles-scotson,27,0,0,1,89.0,67.55,0.0,0.0,0.037037037037037035,3.2962962962962963
278,lindsay-de-vylder,43,0,0,0,52.0,53.32,0.0,0.0,0.0,1.2093023255813953
279,omer-goldstein,48,0,0,0,49.0,59.607142857142854,0.0,0.0,0.0,1.0208333333333333
280,mathieu-van-der-poel,42,10,16,26,3582.0,10.81578947368421,0.23809523809523808,0.38095238095238093,0.6190476190476191,85.28571428571429
281,gianni-vermeersch,45,0,4,11,738.0,30.475,0.0,0.08888888888888889,0.24444444444444444,16.4
282,geoffrey-soupe,65,0,0,0,28.0,64.26829268292683,0.0,0.0,0.0,0.4307692307692308
283,christophe-noppe,82,0,1,7,296.0,60.220338983050844,0.0,0.012195121951219513,0.08536585365853659,3.6097560975609757
284,rick-zabel,40,0,0,1,122.0,59.111111111111114,0.0,0.0,0.025,3.05
285,alvaro-jose-hodeg,20,2,3,5,335.0,62.142857142857146,0.1,0.15,0.25,16.75
286,nikias-arndt,33,0,1,1,133.0,54.526315789473685,0.0,0.030303030303030304,0.030303030303030304,4.03030303030303
287,marc-sarreau,36,1,5,14,581.0,27.04,0.027777777777777776,0.1388888888888889,0.3888888888888889,16.13888888888889
288,clement-russo,67,0,0,3,299.0,56.08771929824562,0.0,0.0,0.04477611940298507,4.462686567164179
289,franck-bonnamour,53,1,2,7,355.0,40.90909090909091,0.018867924528301886,0.03773584905660377,0.1320754716981132,6.69811320754717
290,alan-riou,70,1,1,1,132.0,72.89583333333333,0.014285714285714285,0.014285714285714285,0.014285714285714285,1.8857142857142857
291,bram-welten,56,1,1,15,594.0,38.265306122448976,0.017857142857142856,0.017857142857142856,0.26785714285714285,10.607142857142858
292,lennard-kamna,23,0,0,2,131.0,51.285714285714285,0.0,0.0,0.08695652173913043,5.695652173913044
293,phil-bauhaus,12,0,0,2,176.0,50.714285714285715,0.0,0.0,0.16666666666666666,14.666666666666666
294,valentin-madouas,59,2,7,13,1294.0,31.0,0.03389830508474576,0.11864406779661017,0.22033898305084745,21.93220338983051
295,ben-hermans,26,1,2,4,337.0,22.57894736842105,0.038461538461538464,0.07692307692307693,0.15384615384615385,12.961538461538462
296,patrick-konrad,48,0,0,7,571.0,37.78947368421053,0.0,0.0,0.14583333333333334,11.895833333333334
297,rudy-molard,35,0,0,7,641.0,22.852941176470587,0.0,0.0,0.2,18.314285714285713
298,mick-van-dijke,26,0,0,1,88.0,51.80952380952381,0.0,0.0,0.038461538461538464,3.3846153846153846
299,patrick-gamper,50,0,0,0,100.0,80.54054054054055,0.0,0.0,0.0,2.0
300,mikael-cherel,32,0,0,0,68.0,63.0,0.0,0.0,0.0,2.125
301,gorka-izagirre,32,1,1,6,605.0,31.375,0.03125,0.03125,0.1875,18.90625
302,damiano-caruso,21,0,0,2,228.0,55.63157894736842,0.0,0.0,0.09523809523809523,10.857142857142858
303,quentin-pacher,36,0,0,3,317.0,33.935483870967744,0.0,0.0,0.08333333333333333,8.805555555555555
304,michael-gogl,52,0,0,3,282.0,57.945945945945944,0.0,0.0,0.057692307692307696,5.423076923076923
305,andrey-amador,13,0,0,0,60.0,68.88888888888889,0.0,0.0,0.0,4.615384615384615
306,julien-bernard,37,0,0,0,72.0,60.81481481481482,0.0,0.0,0.0,1.945945945945946
307,odd-christian-eiking,44,0,1,3,273.0,33.32258064516129,0.0,0.022727272727272728,0.06818181818181818,6.204545454545454
308,august-jensen,54,0,0,2,87.0,67.82926829268293,0.0,0.0,0.037037037037037035,1.6111111111111112
309,oscar-riesebeek,31,1,1,3,235.0,63.607142857142854,0.03225806451612903,0.03225806451612903,0.0967741935483871,7.580645161290323
310,edward-irl-dunbar,25,0,0,2,153.0,66.58823529411765,0.0,0.0,0.08,6.12
311,koen-bouwman,17,0,0,0,45.0,66.76923076923077,0.0,0.0,0.0,2.6470588235294117
312,carlos-verona,21,0,0,3,138.0,47.0,0.0,0.0,0.14285714285714285,6.571428571428571
313,patrick-bevin,12,0,0,0,0.0,38.0,0.0,0.0,0.0,0.0
314,omar-fraile,20,0,0,1,99.0,47.8,0.0,0.0,0.05,4.95
315,david-de-la-cruz,13,0,0,0,15.0,57.666666666666664,0.0,0.0,0.0,1.1538461538461537
316,aaron-verwilst,60,0,0,0,32.0,64.53658536585365,0.0,0.0,0.0,0.5333333333333333
317,laurens-de-plus,23,0,0,1,118.0,66.33333333333333,0.0,0.0,0.043478260869565216,5.130434782608695
318,guillaume-martin,51,1,4,14,988.0,21.313725490196077,0.0196078431372549,0.0784313725490196,0.27450980392156865,19.372549019607842
319,jesus-herrada-lopez,42,2,4,10,636.0,34.44736842105263,0.047619047619047616,0.09523809523809523,0.23809523809523808,15.142857142857142
320,giulio-ciccone,26,1,1,9,650.0,21.916666666666668,0.038461538461538464,0.038461538461538464,0.34615384615384615,25.0
321,davide-formolo,32,0,4,7,727.0,28.04,0.0,0.125,0.21875,22.71875
322,damien-howson,27,0,0,0,37.0,70.05882352941177,0.0,0.0,0.0,1.3703703703703705
323,enric-mas,21,1,3,7,617.0,29.0,0.047619047619047616,0.14285714285714285,0.3333333333333333,29.38095238095238
324,dimitri-peyskens,61,0,0,0,47.0,59.83783783783784,0.0,0.0,0.0,0.7704918032786885
325,sebastien-reichenbach,30,0,0,1,142.0,41.64,0.0,0.0,0.03333333333333333,4.733333333333333
326,david-gaudu,35,1,4,15,1130.0,24.321428571428573,0.02857142857142857,0.11428571428571428,0.42857142857142855,32.285714285714285
327,anthony-perez,39,2,3,5,385.0,48.729729729729726,0.05128205128205128,0.07692307692307693,0.1282051282051282,9.871794871794872
328,luis-angel-mate,28,0,0,0,31.0,54.0,0.0,0.0,0.0,1.1071428571428572
329,fabien-doubey,56,0,0,0,74.0,48.03125,0.0,0.0,0.0,1.3214285714285714
330,pierre-luc-perichon,43,0,1,5,213.0,59.793103448275865,0.0,0.023255813953488372,0.11627906976744186,4.953488372093023
331,colin-joyce,40,0,0,0,36.0,61.733333333333334,0.0,0.0,0.0,0.9
332,aurelien-paret-peintre,47,1,2,4,419.0,41.0,0.02127659574468085,0.0425531914893617,0.0851063829787234,8.914893617021276
333,william-barta,30,0,0,0,40.0,71.9,0.0,0.0,0.0,1.3333333333333333
334,tsgabu-gebremaryam-grmay,31,0,0,0,45.0,74.66666666666667,0.0,0.0,0.0,1.4516129032258065
335,adam-yates,21,0,3,10,902.0,10.4375,0.0,0.14285714285714285,0.47619047619047616,42.95238095238095
336,adam-de-vos,37,0,0,0,27.0,66.81818181818181,0.0,0.0,0.0,0.7297297297297297
337,brandon-mcnulty,24,2,3,7,480.0,40.0,0.08333333333333333,0.125,0.2916666666666667,20.0
338,david-martin-romero,34,0,0,3,315.0,50.13636363636363,0.0,0.0,0.08823529411764706,9.264705882352942
339,ion-izagirre,26,0,0,1,176.0,41.75,0.0,0.0,0.038461538461538464,6.769230769230769
340,oscar-rodriguez,22,0,1,3,114.0,42.833333333333336,0.0,0.045454545454545456,0.13636363636363635,5.181818181818182
341,cyril-barthe,38,0,0,4,152.0,38.888888888888886,0.0,0.0,0.10526315789473684,4.0
342,daniel-felipe-martinez,17,1,2,4,507.0,24.4,0.058823529411764705,0.11764705882352941,0.23529411764705882,29.823529411764707
343,alexis-vuillermoz,31,0,2,7,380.0,21.92,0.0,0.06451612903225806,0.22580645161290322,12.258064516129032
344,anthony-delaplace,56,1,2,7,282.0,40.8,0.017857142857142856,0.03571428571428571,0.125,5.035714285714286
345,kevin-ledanois,59,0,0,1,126.0,64.45454545454545,0.0,0.0,0.01694915254237288,2.135593220338983
346,elie-gesbert,37,0,0,5,177.0,30.833333333333332,0.0,0.0,0.13513513513513514,4.783783783783784
347,aaron-van-poucke,67,0,0,0,107.0,58.9375,0.0,0.0,0.0,1.5970149253731343
348,davide-gabburo,56,0,0,2,208.0,45.84090909090909,0.0,0.0,0.03571428571428571,3.7142857142857144
349,etienne-van-empel,13,0,0,0,14.0,67.85714285714286,0.0,0.0,0.0,1.0769230769230769
350,arjen-livyns,76,0,0,2,261.0,55.25,0.0,0.0,0.02631578947368421,3.4342105263157894
351,lorenzo-fortunato,30,0,0,1,110.0,39.857142857142854,0.0,0.0,0.03333333333333333,3.6666666666666665
352,amanuel-ghebreigzabhier,31,0,0,0,105.0,54.166666666666664,0.0,0.0,0.0,3.3870967741935485
353,edoardo-zambanini,51,0,0,1,113.0,48.64102564102564,0.0,0.0,0.0196078431372549,2.215686274509804
354,geoffrey-bouchard,18,0,1,3,124.0,42.0,0.0,0.05555555555555555,0.16666666666666666,6.888888888888889
355,rein-taaramae,13,0,0,0,31.0,52.888888888888886,0.0,0.0,0.0,2.3846153846153846
356,rui-oliveira,61,0,0,2,232.0,58.833333333333336,0.0,0.0,0.03278688524590164,3.80327868852459
357,remco-evenepoel,21,7,7,9,1552.0,35.10526315789474,0.3333333333333333,0.3333333333333333,0.42857142857142855,73.9047619047619
358,hugh-carthy,20,0,1,2,135.0,39.07692307692308,0.0,0.05,0.1,6.75
359,mark-padun,24,0,0,0,77.0,58.416666666666664,0.0,0.0,0.0,3.2083333333333335
360,pello-bilbao,15,0,0,5,402.0,22.923076923076923,0.0,0.0,0.3333333333333333,26.8
361,sepp-kuss,12,0,1,1,103.0,40.0,0.0,0.08333333333333333,0.08333333333333333,8.583333333333334
362,jonathan-castroviejo,16,0,0,0,21.0,57.25,0.0,0.0,0.0,1.3125
363,tony-gallopin,34,0,0,2,178.0,45.08695652173913,0.0,0.0,0.058823529411764705,5.235294117647059
364,jonathan-lastra,35,0,1,2,147.0,51.21212121212121,0.0,0.02857142857142857,0.05714285714285714,4.2
365,alex-aranburu,46,0,2,8,798.0,29.05128205128205,0.0,0.043478260869565216,0.17391304347826086,17.347826086956523
366,mikel-iturria,27,0,1,2,79.0,66.08695652173913,0.0,0.037037037037037035,0.07407407407407407,2.925925925925926
367,jaakko-hanninen,38,0,0,1,61.0,56.0,0.0,0.0,0.02631578947368421,1.605263157894737
368,cristian-rodriguez,31,0,0,2,64.0,40.94736842105263,0.0,0.0,0.06451612903225806,2.064516129032258
369,louis-meintjes,13,1,1,2,144.0,51.333333333333336,0.07692307692307693,0.07692307692307693,0.15384615384615385,11.076923076923077
370,gonzalo-serrano,46,0,2,6,396.0,42.475,0.0,0.043478260869565216,0.13043478260869565,8.608695652173912
371,niklas-eg,21,0,0,0,38.0,69.6470588235294,0.0,0.0,0.0,1.8095238095238095
372,fernando-barcelo,40,0,0,3,160.0,45.1764705882353,0.0,0.0,0.075,4.0
373,alexandr-riabushenko,58,0,1,1,111.0,59.407407407407405,0.0,0.017241379310344827,0.017241379310344827,1.9137931034482758
374,jetse-bol,28,0,0,0,36.0,43.666666666666664,0.0,0.0,0.0,1.2857142857142858
375,joel-nicolau,25,0,0,0,45.0,48.5,0.0,0.0,0.0,1.8
376,angel-madrazo,26,0,1,1,67.0,60.0,0.0,0.038461538461538464,0.038461538461538464,2.576923076923077
377,jesus-ezquerra-muela,29,0,0,3,91.0,38.25,0.0,0.0,0.10344827586206896,3.1379310344827585
378,kevin-geniets,44,0,0,3,246.0,52.46875,0.0,0.0,0.06818181818181818,5.590909090909091
379,simon-yates,8,0,0,1,108.0,42.857142857142854,0.0,0.0,0.125,13.5
380,felix-grossschartner,16,0,0,0,35.0,51.5,0.0,0.0,0.0,2.1875
381,ivan-ramiro-sosa,25,0,1,1,167.0,38.93333333333333,0.0,0.04,0.04,6.68
382,egan-bernal,11,1,4,6,556.0,8.5,0.09090909090909091,0.36363636363636365,0.5454545454545454,50.54545454545455
383,joe-dombrowski,11,0,0,0,5.0,77.85714285714286,0.0,0.0,0.0,0.45454545454545453
384,ethan-hayter,25,0,0,4,383.0,42.666666666666664,0.0,0.0,0.16,15.32
385,matthew-walls,26,1,1,1,178.0,60.61538461538461,0.038461538461538464,0.038461538461538464,0.038461538461538464,6.846153846153846
386,alessandro-fedeli,31,0,1,3,239.0,43.22222222222222,0.0,0.03225806451612903,0.0967741935483871,7.709677419354839
387,gerben-thijssen,41,1,4,10,445.0,42.705882352941174,0.024390243902439025,0.0975609756097561,0.24390243902439024,10.853658536585366
388,yukiya-arashiro,30,0,0,0,136.0,59.75,0.0,0.0,0.0,4.533333333333333
389,davide-martinelli,43,0,0,0,76.0,75.41666666666667,0.0,0.0,0.0,1.7674418604651163
390,alexis-guerin,24,0,0,0,25.0,59.4,0.0,0.0,0.0,1.0416666666666667
391,james-shaw,15,0,0,0,59.0,55.2,0.0,0.0,0.0,3.933333333333333
392,connor-swift,49,1,2,5,504.0,53.86666666666667,0.02040816326530612,0.04081632653061224,0.10204081632653061,10.285714285714286
393,shane-archbold,27,0,0,1,31.0,75.88888888888889,0.0,0.0,0.037037037037037035,1.1481481481481481
394,martijn-tusveld,24,0,0,0,87.0,72.94736842105263,0.0,0.0,0.0,3.625
395,ben-swift,38,0,1,4,276.0,60.38709677419355,0.0,0.02631578947368421,0.10526315789473684,7.2631578947368425
396,andrey-zeits,19,0,0,1,81.0,44.13333333333333,0.0,0.0,0.05263157894736842,4.2631578947368425
397,simon-geschke,58,0,0,4,310.0,45.02127659574468,0.0,0.0,0.06896551724137931,5.344827586206897
398,aleksandr-vlasov,26,1,5,8,780.0,26.695652173913043,0.038461538461538464,0.19230769230769232,0.3076923076923077,30.0
399,ruben-fernandez,34,0,0,1,99.0,46.69230769230769,0.0,0.0,0.029411764705882353,2.911764705882353
400,jack-haig,14,0,2,3,421.0,18.833333333333332,0.0,0.14285714285714285,0.21428571428571427,30.071428571428573
401,warren-barguil,52,1,4,22,1337.0,18.96,0.019230769230769232,0.07692307692307693,0.4230769230769231,25.71153846153846
402,brent-van-moer,62,0,1,1,152.0,57.13725490196079,0.0,0.016129032258064516,0.016129032258064516,2.4516129032258065
403,romain-combaud,27,0,0,0,60.0,79.13636363636364,0.0,0.0,0.0,2.2222222222222223
404,merhawi-kudus,21,0,0,0,100.0,42.5,0.0,0.0,0.0,4.761904761904762
405,jan-hirt,10,0,0,0,25.0,53.0,0.0,0.0,0.0,2.5
406,laurent-pichon,64,0,0,3,267.0,51.982142857142854,0.0,0.0,0.046875,4.171875
407,nickolas-zukowsky,37,0,1,2,163.0,51.266666666666666,0.0,0.02702702702702703,0.05405405405405406,4.405405405405405
408,jonas-vingegaard-rasmussen,21,1,1,2,302.0,52.5,0.047619047619047616,0.047619047619047616,0.09523809523809523,14.380952380952381
409,charlesetienne-chretien,13,0,0,0,5.0,79.125,0.0,0.0,0.0,0.38461538461538464
410,primoz-roglic,18,5,6,9,1336.0,17.058823529411764,0.2777777777777778,0.3333333333333333,0.5,74.22222222222223
411,emanuel-buchmann,24,0,0,6,250.0,30.058823529411764,0.0,0.0,0.25,10.416666666666666
412,wilco-kelderman,18,0,1,1,128.0,41.2,0.0,0.05555555555555555,0.05555555555555555,7.111111111111111
413,johan-esteban-chaves,21,0,2,5,374.0,29.61904761904762,0.0,0.09523809523809523,0.23809523809523808,17.80952380952381
414,sergio-higuita,29,0,2,10,699.0,27.416666666666668,0.0,0.06896551724137931,0.3448275862068966,24.103448275862068
415,jose-herrada,37,0,0,0,64.0,58.0,0.0,0.0,0.0,1.7297297297297298
416,luca-covili,40,0,0,0,29.0,53.6875,0.0,0.0,0.0,0.725
417,matteo-fabbro,26,0,0,0,94.0,52.8235294117647,0.0,0.0,0.0,3.6153846153846154
418,domen-novak,29,0,0,0,5.0,81.875,0.0,0.0,0.0,0.1724137931034483
419,andrea-vendrame,42,0,3,14,805.0,24.43243243243243,0.0,0.07142857142857142,0.3333333333333333,19.166666666666668
420,steven-kruijswijk,6,0,0,0,17.0,38.75,0.0,0.0,0.0,2.8333333333333335
421,daniel-navarro,21,0,0,0,20.0,46.30769230769231,0.0,0.0,0.0,0.9523809523809523
422,samuele-battistella,36,2,2,6,343.0,42.38095238095238,0.05555555555555555,0.05555555555555555,0.16666666666666666,9.527777777777779
423,stefan-bissegger,25,0,1,2,154.0,68.16666666666667,0.0,0.04,0.08,6.16
424,thomas-pidcock,27,2,6,11,1264.0,25.64,0.07407407407407407,0.2222222222222222,0.4074074074074074,46.81481481481482
425,andreas-kron,79,0,1,12,478.0,44.131147540983605,0.0,0.012658227848101266,0.1518987341772152,6.050632911392405
426,tobias-foss,12,0,1,2,124.0,59.111111111111114,0.0,0.08333333333333333,0.16666666666666666,10.333333333333334
427,mikkel-bjerg,39,0,0,1,108.0,44.714285714285715,0.0,0.0,0.02564102564102564,2.769230769230769
428,georg-zimmermann,42,0,1,8,360.0,37.35294117647059,0.0,0.023809523809523808,0.19047619047619047,8.571428571428571
429,kaden-groves,21,0,0,2,91.0,52.0,0.0,0.0,0.09523809523809523,4.333333333333333
430,jonas-rutsch,37,0,0,0,135.0,53.827586206896555,0.0,0.0,0.0,3.6486486486486487
431,jake-stewart,31,0,2,4,343.0,43.916666666666664,0.0,0.06451612903225806,0.12903225806451613,11.064516129032258
432,ilan-van-wilder,25,0,1,1,130.0,40.294117647058826,0.0,0.04,0.04,5.2
433,ide-schelling,60,1,1,4,389.0,67.8695652173913,0.016666666666666666,0.016666666666666666,0.06666666666666667,6.483333333333333
434,mauro-schmid,20,0,0,1,179.0,37.0,0.0,0.0,0.05,8.95
435,vadim-pronskiy,17,0,0,0,20.0,48.36363636363637,0.0,0.0,0.0,1.1764705882352942
436,robin-froidevaux,10,0,0,1,23.0,43.0,0.0,0.0,0.1,2.3
437,yevgeniy-fedorov,30,1,1,1,115.0,68.0,0.03333333333333333,0.03333333333333333,0.03333333333333333,3.8333333333333335
438,simon-guglielmi,47,0,0,1,106.0,45.23255813953488,0.0,0.0,0.02127659574468085,2.25531914893617
439,alfred-wright,29,0,0,2,232.0,66.54166666666667,0.0,0.0,0.06896551724137931,8.0
440,andre-carvalho,52,0,0,0,62.0,75.90243902439025,0.0,0.0,0.0,1.1923076923076923
441,attila-valter,20,0,0,4,312.0,32.76470588235294,0.0,0.0,0.2,15.6
442,stanislaw-aniolkowski,54,0,0,9,383.0,43.476190476190474,0.0,0.0,0.16666666666666666,7.092592592592593
443,daan-hoole,40,0,0,1,75.0,68.08,0.0,0.0,0.025,1.875
444,barnabas-peak,46,0,1,2,142.0,64.96666666666667,0.0,0.021739130434782608,0.043478260869565216,3.0869565217391304
445,johan-jacobs,43,0,0,0,118.0,61.94117647058823,0.0,0.0,0.0,2.744186046511628
446,kevin-vermaerke,22,0,0,1,69.0,76.86666666666666,0.0,0.0,0.045454545454545456,3.1363636363636362
447,idar-andersen,9,1,1,2,94.0,28.166666666666668,0.1111111111111111,0.1111111111111111,0.2222222222222222,10.444444444444445
448,leon-heinschke,31,0,0,0,15.0,91.0,0.0,0.0,0.0,0.4838709677419355
449,joel-suter,37,0,1,1,89.0,70.91304347826087,0.0,0.02702702702702703,0.02702702702702703,2.4054054054054053
450,alessandro-covi,72,1,5,14,651.0,39.75471698113208,0.013888888888888888,0.06944444444444445,0.19444444444444445,9.041666666666666
451,gleb-brussenskiy,11,0,0,0,0.0,46.666666666666664,0.0,0.0,0.0,0.0
452,ben-healy,24,0,1,1,70.0,75.9,0.0,0.041666666666666664,0.041666666666666664,2.9166666666666665
453,filip-maciejuk,19,0,0,0,31.0,63.0,0.0,0.0,0.0,1.631578947368421
454,marijn-van-den-berg,26,1,2,5,311.0,37.916666666666664,0.038461538461538464,0.07692307692307693,0.19230769230769232,11.961538461538462
455,luc-wirtgen,45,0,0,2,105.0,58.486486486486484,0.0,0.0,0.044444444444444446,2.3333333333333335
456,jens-reynders,49,0,0,5,188.0,42.575,0.0,0.0,0.10204081632653061,3.836734693877551
457,tomas-barta,4,0,0,0,0.0,51.5,0.0,0.0,0.0,0.0
458,mathias-norsgaard,43,0,0,0,71.0,71.30555555555556,0.0,0.0,0.0,1.6511627906976745
459,inigo-elosegui,30,0,0,0,40.0,75.6,0.0,0.0,0.0,1.3333333333333333
460,henok-mulubrhan,15,0,0,1,28.0,58.375,0.0,0.0,0.06666666666666667,1.8666666666666667
461,joao-almeida,20,0,3,4,351.0,41.75,0.0,0.15,0.2,17.55
462,giovanni-aleotti,34,0,1,2,224.0,55.310344827586206,0.0,0.029411764705882353,0.058823529411764705,6.588235294117647
463,roger-adria,29,0,1,3,205.0,35.0,0.0,0.034482758620689655,0.10344827586206896,7.068965517241379
464,paul-wright,16,0,0,0,0.0,71.2,0.0,0.0,0.0,0.0
465,martin-urianstad,44,0,0,0,54.0,65.47222222222223,0.0,0.0,0.0,1.2272727272727273
466,eddy-fine,52,0,0,1,86.0,63.80952380952381,0.0,0.0,0.019230769230769232,1.6538461538461537
467,arthur-kluckers,8,0,0,0,0.0,76.0,0.0,0.0,0.0,0.0
468,michel-ries,41,0,0,3,101.0,64.46875,0.0,0.0,0.07317073170731707,2.4634146341463414
469,jonas-iversby-hvideberg,21,0,0,1,45.0,56.1764705882353,0.0,0.0,0.047619047619047616,2.142857142857143
470,veljko-stojnic,14,0,0,0,0.0,52.857142857142854,0.0,0.0,0.0,0.0
471,matis-louvel,65,2,5,13,735.0,36.90909090909091,0.03076923076923077,0.07692307692307693,0.2,11.307692307692308
472,petr-kelemeh,8,0,0,1,14.0,49.857142857142854,0.0,0.0,0.125,1.75
473,matteo-jorgenson,29,0,0,1,102.0,48.86363636363637,0.0,0.0,0.034482758620689655,3.5172413793103448
474,biniam-girmay,52,3,9,21,1374.0,26.0,0.057692307692307696,0.17307692307692307,0.40384615384615385,26.423076923076923
475,jacob-hindsgaul-madsen,13,0,0,0,5.0,89.2,0.0,0.0,0.0,0.38461538461538464
476,pier-andre-cote,41,0,0,2,102.0,49.63333333333333,0.0,0.0,0.04878048780487805,2.4878048780487805
477,jacob-eriksson,9,0,0,1,32.0,48.0,0.0,0.0,0.1111111111111111,3.5555555555555554
478,natnael-tesfatsion,34,0,1,5,256.0,41.458333333333336,0.0,0.029411764705882353,0.14705882352941177,7.529411764705882
479,ethan-batt,7,0,0,0,0.0,89.83333333333333,0.0,0.0,0.0,0.0
480,james-fouche,17,0,0,0,26.0,55.7,0.0,0.0,0.0,1.5294117647058822
481,karl-patrick-lauk,27,0,0,0,17.0,73.375,0.0,0.0,0.0,0.6296296296296297
482,francisco-galvan,23,0,1,2,102.0,50.8,0.0,0.043478260869565216,0.08695652173913043,4.434782608695652
483,alberto-dainese,31,0,4,7,334.0,36.7,0.0,0.12903225806451613,0.22580645161290322,10.774193548387096
484,valentin-ferron,52,0,4,6,325.0,47.28260869565217,0.0,0.07692307692307693,0.11538461538461539,6.25
485,stan-van-tricht,33,0,0,4,149.0,44.6,0.0,0.0,0.12121212121212122,4.515151515151516
486,erik-fetter,21,0,0,0,50.0,67.5,0.0,0.0,0.0,2.380952380952381
487,tobias-bayer,27,0,1,1,101.0,57.05263157894737,0.0,0.037037037037037035,0.037037037037037035,3.740740740740741
488,alexander-konychev,51,0,0,0,70.0,71.27777777777777,0.0,0.0,0.0,1.3725490196078431
489,nils-eekhoff,32,0,1,3,217.0,43.75,0.0,0.03125,0.09375,6.78125
490,lucas-eriksson,32,0,0,1,121.0,49.214285714285715,0.0,0.0,0.03125,3.78125
491,rohan-dennis,1,0,0,0,0.0,,0.0,0.0,0.0,0.0
492,benjamin-perry,26,0,0,0,45.0,79.76470588235294,0.0,0.0,0.0,1.7307692307692308
493,yuriy-natarov,23,0,0,0,25.0,70.33333333333333,0.0,0.0,0.0,1.0869565217391304
494,stefan-de-bod,24,0,0,0,81.0,51.470588235294116,0.0,0.0,0.0,3.375
495,antonio-barac,1,0,0,0,0.0,,0.0,0.0,0.0,0.0
496,rory-townsend,18,0,0,2,43.0,41.5,0.0,0.0,0.1111111111111111,2.388888888888889
497,jhonatan-narvaez,27,0,0,5,338.0,35.31578947368421,0.0,0.0,0.18518518518518517,12.518518518518519
498,jefferson-cepeda-hernandez,2,0,0,0,0.0,,0.0,0.0,0.0,0.0
499,marc-soler,16,0,0,0,30.0,64.58333333333333,0.0,0.0,0.0,1.875
500,manuel-penalver,25,0,0,2,84.0,50.31578947368421,0.0,0.0,0.08,3.36
501,victor-langellotti,28,0,0,1,25.0,50.90909090909091,0.0,0.0,0.03571428571428571,0.8928571428571429
502,jon-aberasturi,30,0,1,5,187.0,58.04545454545455,0.0,0.03333333333333333,0.16666666666666666,6.233333333333333
503,matteo-malucelli,10,0,0,1,28.0,56.333333333333336,0.0,0.0,0.1,2.8
504,david-gonzalez-lopez,20,0,0,0,21.0,56.411764705882355,0.0,0.0,0.0,1.05
505,urko-berrade-fernandez,27,0,0,0,26.0,40.35,0.0,0.0,0.0,0.9629629629629629
506,lorrenzo-manzin,63,0,0,6,261.0,58.68292682926829,0.0,0.0,0.09523809523809523,4.142857142857143
507,matteo-sobrero,27,0,2,2,109.0,49.53846153846154,0.0,0.07407407407407407,0.07407407407407407,4.037037037037037
508,marco-tizza,48,0,0,5,172.0,44.54054054054054,0.0,0.0,0.10416666666666667,3.5833333333333335
509,mattia-bais,54,0,0,3,104.0,42.625,0.0,0.0,0.05555555555555555,1.9259259259259258
510,simone-raccani,48,0,0,0,49.0,50.921052631578945,0.0,0.0,0.0,1.0208333333333333
511,filippo-conca,31,0,0,1,52.0,54.0,0.0,0.0,0.03225806451612903,1.6774193548387097
512,luca-colnaghi,23,0,0,2,79.0,56.857142857142854,0.0,0.0,0.08695652173913043,3.4347826086956523
513,jacopo-mosca,42,0,0,1,111.0,65.23529411764706,0.0,0.0,0.023809523809523808,2.642857142857143
514,kevin-colleoni,33,0,0,1,62.0,53.07142857142857,0.0,0.0,0.030303030303030304,1.878787878787879
515,filippo-zana,32,0,0,0,83.0,42.375,0.0,0.0,0.0,2.59375
516,andrea-bagioli,36,1,3,8,533.0,33.93103448275862,0.027777777777777776,0.08333333333333333,0.2222222222222222,14.805555555555555
517,filippo-magli2,25,0,0,0,31.0,77.1875,0.0,0.0,0.0,1.24
518,thibault-guernalec,35,0,0,1,38.0,66.96,0.0,0.0,0.02857142857142857,1.0857142857142856
519,alexander-kamp,47,0,1,3,297.0,68.1923076923077,0.0,0.02127659574468085,0.06382978723404255,6.319148936170213
520,giulio-masotto,14,0,0,0,0.0,145.0,0.0,0.0,0.0,0.0
521,filippo-baroncini,17,0,0,1,60.0,42.0,0.0,0.0,0.058823529411764705,3.5294117647058822
522,samuele-zambelli,14,0,1,1,41.0,54.375,0.0,0.07142857142857142,0.07142857142857142,2.9285714285714284
523,davide-bais,32,0,0,2,66.0,53.083333333333336,0.0,0.0,0.0625,2.0625
524,matteo-amella,11,0,0,0,0.0,43.5,0.0,0.0,0.0,0.0
525,julen-amezqueta,30,0,0,1,49.0,51.708333333333336,0.0,0.0,0.03333333333333333,1.6333333333333333
526,thibaut-pinot,16,0,0,3,155.0,24.071428571428573,0.0,0.0,0.1875,9.6875
527,alessandro-iacchi,22,0,0,0,0.0,67.71428571428571,0.0,0.0,0.0,0.0
528,davide-baldaccini,15,0,0,0,0.0,41.5,0.0,0.0,0.0,0.0
529,luca-mozzato,62,0,5,20,877.0,32.80701754385965,0.0,0.08064516129032258,0.3225806451612903,14.14516129032258
530,nicolo-parisini,17,0,0,0,14.0,35.42857142857143,0.0,0.0,0.0,0.8235294117647058
531,jordi-meeus,39,2,7,12,754.0,41.233333333333334,0.05128205128205128,0.1794871794871795,0.3076923076923077,19.333333333333332
532,ludovic-robeet,65,1,1,2,240.0,69.07843137254902,0.015384615384615385,0.015384615384615385,0.03076923076923077,3.6923076923076925
533,matthew-gibson,16,0,0,0,0.0,89.66666666666667,0.0,0.0,0.0,0.0
534,joan-bou,23,0,0,0,0.0,66.71428571428571,0.0,0.0,0.0,0.0
535,victor-lafay,40,0,1,3,204.0,51.52173913043478,0.0,0.025,0.075,5.1
536,arvid-de-kleijn,28,1,1,7,242.0,34.625,0.03571428571428571,0.03571428571428571,0.25,8.642857142857142
537,maikel-zijlaard,19,0,0,0,7.0,54.81818181818182,0.0,0.0,0.0,0.3684210526315789
538,lennert-teugels,43,0,0,2,88.0,43.3,0.0,0.0,0.046511627906976744,2.046511627906977
539,felix-gall,24,0,0,3,105.0,60.083333333333336,0.0,0.0,0.125,4.375
540,niklas-markl,34,0,0,1,81.0,66.45454545454545,0.0,0.0,0.029411764705882353,2.3823529411764706
541,jonas-rickaert,34,1,2,4,334.0,50.6,0.029411764705882353,0.058823529411764705,0.11764705882352941,9.823529411764707
542,stephen-clancy,7,0,0,0,0.0,,0.0,0.0,0.0,0.0
543,fabian-lienhard,56,0,0,2,210.0,60.12765957446808,0.0,0.0,0.03571428571428571,3.75
544,simon-pellaud,34,0,0,1,92.0,52.74074074074074,0.0,0.0,0.029411764705882353,2.7058823529411766
545,roland-thalmann,20,0,0,2,65.0,37.55555555555556,0.0,0.0,0.1,3.25
546,matteo-badilatti,13,0,0,1,36.0,39.1,0.0,0.0,0.07692307692307693,2.769230769230769
547,yannis-voisard,22,0,0,0,7.0,62.588235294117645,0.0,0.0,0.0,0.3181818181818182
548,jannik-steimle,38,0,0,1,132.0,56.57575757575758,0.0,0.0,0.02631578947368421,3.473684210526316
549,tim-merlier,44,8,16,26,1808.0,20.11627906976744,0.18181818181818182,0.36363636363636365,0.5909090909090909,41.09090909090909
550,tim-naberman,26,0,0,0,5.0,72.05555555555556,0.0,0.0,0.0,0.19230769230769232
551,itamar-einhorn,32,0,0,2,129.0,57.25,0.0,0.0,0.0625,4.03125
552,charlie-quarterman,14,0,0,0,5.0,79.44444444444444,0.0,0.0,0.0,0.35714285714285715
553,attilio-viviani,37,0,0,0,10.0,63.193548387096776,0.0,0.0,0.0,0.2702702702702703
554,alexandre-delettre,48,0,0,2,90.0,54.80952380952381,0.0,0.0,0.041666666666666664,1.875
555,nicolas-dalla-valle,12,0,0,0,0.0,106.5,0.0,0.0,0.0,0.0
556,samuel-gaze,7,0,0,0,8.0,50.75,0.0,0.0,0.0,1.1428571428571428
557,alexis-renard,34,0,1,1,126.0,62.869565217391305,0.0,0.029411764705882353,0.029411764705882353,3.7058823529411766
558,laurens-huys,48,0,0,0,60.0,62.911764705882355,0.0,0.0,0.0,1.25
559,corey-davis,13,0,0,0,0.0,71.5,0.0,0.0,0.0,0.0
560,louis-bendixen,6,0,0,0,8.0,46.6,0.0,0.0,0.0,1.3333333333333333
561,cedric-beullens,64,0,0,2,191.0,43.0,0.0,0.0,0.03125,2.984375
562,soren-waerenskjold,28,0,1,3,154.0,34.13333333333333,0.0,0.03571428571428571,0.10714285714285714,5.5
563,mark-cavendish,26,2,7,7,535.0,47.89473684210526,0.07692307692307693,0.2692307692307692,0.2692307692307692,20.576923076923077
564,erlend-blikra,24,0,0,2,56.0,61.63157894736842,0.0,0.0,0.08333333333333333,2.3333333333333335
565,victor-campenaerts,51,1,2,5,470.0,36.82608695652174,0.0196078431372549,0.0392156862745098,0.09803921568627451,9.215686274509803
566,juri-hollmann,39,0,0,0,66.0,64.3,0.0,0.0,0.0,1.6923076923076923
567,mika-heming,9,0,0,0,0.0,55.75,0.0,0.0,0.0,0.0
568,valerio-conti,30,0,2,2,138.0,50.63636363636363,0.0,0.06666666666666667,0.06666666666666667,4.6
569,paul-double,17,0,0,2,50.0,41.714285714285715,0.0,0.0,0.11764705882352941,2.9411764705882355
570,jelle-wallays,55,1,1,1,159.0,70.77272727272727,0.01818181818181818,0.01818181818181818,0.01818181818181818,2.890909090909091
571,alexander-krieger,22,0,0,0,86.0,45.8421052631579,0.0,0.0,0.0,3.909090909090909
572,clement-champoussin,34,0,1,10,420.0,34.16129032258065,0.0,0.029411764705882353,0.29411764705882354,12.352941176470589
573,juan-pedro-lopez,15,0,0,0,27.0,61.5,0.0,0.0,0.0,1.8
574,rudy-porter,2,0,0,0,5.0,63.0,0.0,0.0,0.0,2.5
575,martin-laas,41,0,2,2,115.0,69.41176470588235,0.0,0.04878048780487805,0.04878048780487805,2.8048780487804876
576,cameron-wurf,24,0,0,0,15.0,97.625,0.0,0.0,0.0,0.625
577,blake-quick,8,0,0,0,0.0,58.333333333333336,0.0,0.0,0.0,0.0
578,santiago-buitrago-sanchez,15,0,1,1,71.0,57.888888888888886,0.0,0.06666666666666667,0.06666666666666667,4.733333333333333
579,quinn-simmons,28,0,0,5,306.0,45.76470588235294,0.0,0.0,0.17857142857142858,10.928571428571429
580,gilles-de-wilde,50,0,0,1,75.0,66.3529411764706,0.0,0.0,0.02,1.5
581,quinten-hermans,25,0,2,4,440.0,39.72222222222222,0.0,0.08,0.16,17.6
582,einer-augusto-rubio-reyes,25,0,0,1,58.0,40.476190476190474,0.0,0.0,0.04,2.32
583,kobe-goossens,34,2,2,7,310.0,38.30769230769231,0.058823529411764705,0.058823529411764705,0.20588235294117646,9.117647058823529
584,florian-vermeersch,62,1,2,5,580.0,45.3,0.016129032258064516,0.03225806451612903,0.08064516129032258,9.35483870967742
585,stefano-oldani,37,0,3,8,377.0,35.172413793103445,0.0,0.08108108108108109,0.21621621621621623,10.18918918918919
586,harold-tejada,8,0,0,0,5.0,43.2,0.0,0.0,0.0,0.625
587,kamil-malecki,28,0,0,0,20.0,71.13333333333334,0.0,0.0,0.0,0.7142857142857143
588,chris-harper,11,0,0,0,28.0,67.22222222222223,0.0,0.0,0.0,2.5454545454545454
589,benjamin-thomas-2,19,0,0,2,143.0,38.8235294117647,0.0,0.0,0.10526315789473684,7.526315789473684
590,harm-vanhoucke,21,0,0,0,43.0,62.27777777777778,0.0,0.0,0.0,2.0476190476190474
591,albert-torres,12,0,0,0,21.0,75.27272727272727,0.0,0.0,0.0,1.75
592,jeremy-cabot,36,0,0,1,28.0,63.0,0.0,0.0,0.027777777777777776,0.7777777777777778
593,sergio-samitier,19,0,0,0,15.0,63.833333333333336,0.0,0.0,0.0,0.7894736842105263
594,ben-tulett,17,0,0,2,197.0,28.357142857142858,0.0,0.0,0.11764705882352941,11.588235294117647
595,rigoberto-uran,17,0,0,5,311.0,28.066666666666666,0.0,0.0,0.29411764705882354,18.294117647058822
596,mauri-vansevenant,28,1,3,3,391.0,50.26923076923077,0.03571428571428571,0.10714285714285714,0.10714285714285714,13.964285714285714
597,mark-donovan,18,0,0,0,55.0,73.07142857142857,0.0,0.0,0.0,3.0555555555555554
598,julian-mertens,46,0,0,0,60.0,59.3235294117647,0.0,0.0,0.0,1.3043478260869565
599,thymen-arensman,12,0,0,0,25.0,76.8,0.0,0.0,0.0,2.0833333333333335
600,stephen-williams,22,0,0,0,54.0,68.3076923076923,0.0,0.0,0.0,2.4545454545454546
601,andres-camilo-ardila,25,0,0,0,4.0,66.70588235294117,0.0,0.0,0.0,0.16
602,christopher-froome,6,0,0,0,12.0,11.0,0.0,0.0,0.0,2.0
603,fabio-van-den-bossche,30,0,0,0,50.0,58.592592592592595,0.0,0.0,0.0,1.6666666666666667
604,carlos-rodriguez-cano,18,0,0,4,328.0,30.0,0.0,0.0,0.2222222222222222,18.22222222222222
605,donavan-grondin,57,0,0,1,82.0,45.92307692307692,0.0,0.0,0.017543859649122806,1.4385964912280702
606,markus-hoelgaard,23,0,0,1,192.0,44.68421052631579,0.0,0.0,0.043478260869565216,8.347826086956522
607,andreas-leknessund,18,0,0,1,117.0,66.0625,0.0,0.0,0.05555555555555555,6.5
608,torstein-traeen,17,0,0,1,57.0,55.46666666666667,0.0,0.0,0.058823529411764705,3.3529411764705883
609,finn-fisher-black,21,0,0,0,21.0,78.41666666666667,0.0,0.0,0.0,1.0
610,paniego-fuentes,23,0,0,2,67.0,46.473684210526315,0.0,0.0,0.08695652173913043,2.9130434782608696
611,kristian-aasvold,13,0,0,1,15.0,49.63636363636363,0.0,0.0,0.07692307692307693,1.1538461538461537
612,diego-pablo-sevilla,25,0,0,0,25.0,68.55555555555556,0.0,0.0,0.0,1.0
613,antonio-soto,22,1,1,4,182.0,35.0,0.045454545454545456,0.045454545454545456,0.18181818181818182,8.272727272727273
614,jhojan-garcia,13,0,0,0,7.0,56.55555555555556,0.0,0.0,0.0,0.5384615384615384
615,sergio-martin,27,0,0,0,5.0,52.59090909090909,0.0,0.0,0.0,0.18518518518518517
616,ibon-ruiz,27,0,0,0,10.0,77.82352941176471,0.0,0.0,0.0,0.37037037037037035
617,peio-goikoetxea,21,0,0,0,0.0,81.63636363636364,0.0,0.0,0.0,0.0
618,jose-felix-parra,19,0,0,0,16.0,55.15384615384615,0.0,0.0,0.0,0.8421052631578947
619,oier-lazkano,28,0,0,0,26.0,67.0,0.0,0.0,0.0,0.9285714285714286
620,marti-marquez,15,0,0,0,1.0,52.5,0.0,0.0,0.0,0.06666666666666667
621,christian-scaroni,31,0,0,3,149.0,32.44444444444444,0.0,0.0,0.0967741935483871,4.806451612903226
622,andrea-piccolo,27,0,3,8,414.0,23.761904761904763,0.0,0.1111111111111111,0.2962962962962963,15.333333333333334
623,alessio-martinelli,13,0,0,3,72.0,25.625,0.0,0.0,0.23076923076923078,5.538461538461538
624,riccardo-lucca,26,0,0,0,8.0,79.28571428571429,0.0,0.0,0.0,0.3076923076923077
625,antonio-tiberi,24,0,0,1,65.0,57.388888888888886,0.0,0.0,0.041666666666666664,2.7083333333333335
626,marco-brenner,23,0,0,0,21.0,64.7,0.0,0.0,0.0,0.9130434782608695
627,gotzon-martin,27,0,0,4,149.0,27.72,0.0,0.0,0.14814814814814814,5.518518518518518
628,txomin-juaristi,28,0,0,0,4.0,67.63157894736842,0.0,0.0,0.0,0.14285714285714285
629,maxime-bouet,27,0,0,1,92.0,32.31818181818182,0.0,0.0,0.037037037037037035,3.4074074074074074
630,carlos-canal,19,0,0,3,110.0,32.6875,0.0,0.0,0.15789473684210525,5.7894736842105265
631,stephen-bassett,46,0,0,0,9.0,66.54166666666667,0.0,0.0,0.0,0.1956521739130435
632,ibai-azurmendi-sagastibel,11,0,0,0,6.0,53.857142857142854,0.0,0.0,0.0,0.5454545454545454
633,jonas-abrahamsen,42,0,0,0,23.0,75.93103448275862,0.0,0.0,0.0,0.5476190476190477
634,anders-skaarseth,58,0,0,0,129.0,62.638297872340424,0.0,0.0,0.0,2.2241379310344827
635,erik-nordsaeter-resell,51,0,0,1,94.0,58.0,0.0,0.0,0.0196078431372549,1.8431372549019607
636,samuele-rivi,31,0,0,1,33.0,87.52173913043478,0.0,0.0,0.03225806451612903,1.064516129032258
637,martin-marcellusi,11,0,0,0,12.0,51.0,0.0,0.0,0.0,1.0909090909090908
638,brandon-smith-rivera-vargas,20,0,0,0,15.0,62.42857142857143,0.0,0.0,0.0,0.75
639,samuele-zoccarato,34,0,0,1,64.0,55.61904761904762,0.0,0.0,0.029411764705882353,1.8823529411764706
640,ryan-christensen,18,0,0,0,14.0,39.13333333333333,0.0,0.0,0.0,0.7777777777777778
641,clement-davy,37,0,0,0,29.0,85.72413793103448,0.0,0.0,0.0,0.7837837837837838
642,sean-quinn,15,0,0,1,56.0,50.23076923076923,0.0,0.0,0.06666666666666667,3.7333333333333334
643,jefferson-alexander-cepeda,22,0,0,1,51.0,35.642857142857146,0.0,0.0,0.045454545454545456,2.3181818181818183
644,jonathan-milan,19,0,0,0,48.0,69.85714285714286,0.0,0.0,0.0,2.526315789473684
645,sander-de-pestel,54,0,0,0,28.0,70.5,0.0,0.0,0.0,0.5185185185185185
646,laurenz-rex,53,0,0,2,122.0,57.0,0.0,0.0,0.03773584905660377,2.30188679245283
647,marco-frigo,9,0,0,0,0.0,55.75,0.0,0.0,0.0,0.0
648,paul-penhoet,22,0,0,2,70.0,39.64705882352941,0.0,0.0,0.09090909090909091,3.1818181818181817
649,antoine-raugel,32,0,0,0,23.0,57.541666666666664,0.0,0.0,0.0,0.71875
650,simone-bevilacqua,17,0,0,0,0.0,99.25,0.0,0.0,0.0,0.0
651,dusan-rajovic,18,0,0,0,12.0,48.0,0.0,0.0,0.0,0.6666666666666666
652,antonio-angulo,29,0,0,0,42.0,53.541666666666664,0.0,0.0,0.0,1.4482758620689655
653,simon-carr,20,0,0,1,132.0,47.833333333333336,0.0,0.0,0.05,6.6
654,mulu-kinfe-hailemichael,17,0,0,0,0.0,65.66666666666667,0.0,0.0,0.0,0.0
655,jose-manuel-diaz-gallego,17,0,0,0,43.0,38.9375,0.0,0.0,0.0,2.5294117647058822
656,marco-murgano,11,0,0,0,0.0,61.333333333333336,0.0,0.0,0.0,0.0
657,carlos-garcia-pierna,25,0,0,0,12.0,67.71428571428571,0.0,0.0,0.0,0.48
658,orluis-aular,27,0,0,1,38.0,55.26315789473684,0.0,0.0,0.037037037037037035,1.4074074074074074
659,mikel-bizkarra,25,0,0,0,26.0,50.8,0.0,0.0,0.0,1.04
660,josu-etxeberria-azpilikueta,22,0,0,0,0.0,103.7,0.0,0.0,0.0,0.0
661,mattias-skjelmose-jensen,14,0,1,4,253.0,41.15384615384615,0.0,0.07142857142857142,0.2857142857142857,18.071428571428573
662,nicolas-prodhomme,25,0,0,0,12.0,51.81818181818182,0.0,0.0,0.0,0.48
663,lewis-askey,41,0,1,1,142.0,52.45945945945946,0.0,0.024390243902439025,0.024390243902439025,3.4634146341463414
664,jensen-plowright,7,0,0,1,20.0,25.333333333333332,0.0,0.0,0.14285714285714285,2.857142857142857
665,olav-kooij,15,1,2,4,342.0,46.42857142857143,0.06666666666666667,0.13333333333333333,0.26666666666666666,22.8
666,alex-colman,45,0,0,0,30.0,74.65625,0.0,0.0,0.0,0.6666666666666666
667,ben-zwiehoff,22,0,0,3,83.0,53.411764705882355,0.0,0.0,0.13636363636363635,3.772727272727273
668,abner-gonzalez-rivera,21,0,0,2,82.0,51.75,0.0,0.0,0.09523809523809523,3.9047619047619047
669,thomas-champion,49,0,0,0,20.0,75.625,0.0,0.0,0.0,0.40816326530612246
670,karel-vacek,13,0,0,0,0.0,83.33333333333333,0.0,0.0,0.0,0.0
671,andrii-ponomar,18,0,0,1,19.0,54.38461538461539,0.0,0.0,0.05555555555555555,1.0555555555555556
672,arne-marit,46,1,1,10,409.0,42.16216216216216,0.021739130434782608,0.021739130434782608,0.21739130434782608,8.891304347826088
673,david-dekker,20,0,0,0,23.0,70.41666666666667,0.0,0.0,0.0,1.15
674,ruben-apers,56,0,0,1,82.0,62.916666666666664,0.0,0.0,0.017857142857142856,1.4642857142857142
675,sebastien-grignard,50,0,0,0,55.0,83.71875,0.0,0.0,0.0,1.1
676,frederik-rodenberg,7,0,0,0,0.0,112.0,0.0,0.0,0.0,0.0
677,niklas-larsen,16,0,0,0,5.0,46.142857142857146,0.0,0.0,0.0,0.3125
678,ward-vanhoof,56,0,0,0,79.0,50.577777777777776,0.0,0.0,0.0,1.4107142857142858
679,tom-paquot,63,0,1,3,98.0,64.33333333333333,0.0,0.015873015873015872,0.047619047619047616,1.5555555555555556
680,rune-herregodts,37,1,3,6,325.0,49.62068965517241,0.02702702702702703,0.08108108108108109,0.16216216216216217,8.783783783783784
681,sylvain-moniquet,28,0,0,2,133.0,50.5,0.0,0.0,0.07142857142857142,4.75
682,maxim-van-gils,28,0,0,2,188.0,31.1,0.0,0.0,0.07142857142857142,6.714285714285714
683,juan-ayuso-pesquera,15,1,3,5,345.0,16.636363636363637,0.06666666666666667,0.2,0.3333333333333333,23.0
684,jon-agirre,23,0,0,0,5.0,66.75,0.0,0.0,0.0,0.21739130434782608
685,lars-van-den-berg,21,0,0,1,55.0,58.88235294117647,0.0,0.0,0.047619047619047616,2.619047619047619
686,sebastian-berwick,21,0,0,0,10.0,74.53846153846153,0.0,0.0,0.0,0.47619047619047616
687,javier-romo,21,0,0,0,13.0,53.07692307692308,0.0,0.0,0.0,0.6190476190476191
688,jokin-murguialday-elorza,22,0,0,0,5.0,72.72222222222223,0.0,0.0,0.0,0.22727272727272727
689,pelayo-sanchez-mayo,26,0,1,1,55.0,52.916666666666664,0.0,0.038461538461538464,0.038461538461538464,2.1153846153846154
690,jon-barrenetxea-golzarri,28,0,0,0,16.0,54.31818181818182,0.0,0.0,0.0,0.5714285714285714
691,xabier-mikel-azparren-irurzun,19,0,0,0,0.0,89.27272727272727,0.0,0.0,0.0,0.0
692,jordi-lopez-caravaca,30,0,0,1,43.0,36.89473684210526,0.0,0.0,0.03333333333333333,1.4333333333333333
693,raul-garcia-pierna,19,0,0,0,11.0,47.0,0.0,0.0,0.0,0.5789473684210527
694,gijs-leemreize,11,0,0,0,15.0,69.375,0.0,0.0,0.0,1.3636363636363635
695,mario-aparicio-munoz,17,0,0,0,5.0,87.0,0.0,0.0,0.0,0.29411764705882354
696,frederik-wandahl,30,0,0,1,70.0,55.08695652173913,0.0,0.0,0.03333333333333333,2.3333333333333335
697,clement-berthet,22,0,0,0,127.0,33.55,0.0,0.0,0.0,5.7727272727272725
698,diego-andres-camargo,6,0,0,0,0.0,66.0,0.0,0.0,0.0,0.0
699,eric-antonio-fagundez,1,0,0,0,0.0,,0.0,0.0,0.0,0.0
700,vojtech-repa,4,0,0,0,0.0,73.5,0.0,0.0,0.0,0.0
701,danny-van-der-tuuk,19,0,0,0,5.0,77.8,0.0,0.0,0.0,0.2631578947368421
702,maurice-ballerstedt,23,0,0,1,33.0,58.6875,0.0,0.0,0.043478260869565216,1.434782608695652
703,marius-mayrhofer,16,1,1,3,258.0,32.0,0.0625,0.0625,0.1875,16.125
704,wessel-krul,18,0,0,1,37.0,41.8,0.0,0.0,0.05555555555555555,2.0555555555555554
705,hugo-page,35,0,2,4,303.0,45.96774193548387,0.0,0.05714285714285714,0.11428571428571428,8.657142857142857
706,michel-hessmann,10,0,0,0,22.0,76.77777777777777,0.0,0.0,0.0,2.2
707,dries-de-pooter,21,0,0,0,13.0,47.72222222222222,0.0,0.0,0.0,0.6190476190476191
708,rick-pluimers,15,0,0,1,20.0,41.92857142857143,0.0,0.0,0.06666666666666667,1.3333333333333333
709,jacob-scott,13,0,0,1,32.0,47.0,0.0,0.0,0.07692307692307693,2.4615384615384617
710,matthew-bostock,9,0,0,4,79.0,37.125,0.0,0.0,0.4444444444444444,8.777777777777779
711,magnus-sheffield,26,1,1,1,210.0,55.95454545454545,0.038461538461538464,0.038461538461538464,0.038461538461538464,8.076923076923077
712,gianmarco-garofoli,5,0,0,0,1.0,50.333333333333336,0.0,0.0,0.0,0.2
713,casper-van-uden,27,0,0,2,122.0,37.04347826086956,0.0,0.0,0.07407407407407407,4.518518518518518
714,laurence-pithie,9,0,1,2,61.0,34.6,0.0,0.1111111111111111,0.2222222222222222,6.777777777777778
715,enzo-paleni,10,0,0,1,16.0,56.857142857142854,0.0,0.0,0.1,1.6
716,pavel-bittner,22,0,0,2,70.0,49.05555555555556,0.0,0.0,0.09090909090909091,3.1818181818181817
717,jules-hesters,23,0,0,2,74.0,48.5,0.0,0.0,0.08695652173913043,3.217391304347826
718,henri-vandenabeele,8,0,0,0,5.0,80.0,0.0,0.0,0.0,0.625
719,tobias-lund-andresen,14,0,0,0,18.0,60.833333333333336,0.0,0.0,0.0,1.2857142857142858
720,leo-hayter,11,0,0,0,5.0,79.57142857142857,0.0,0.0,0.0,0.45454545454545453
721,oscar-onley,7,0,0,0,5.0,54.4,0.0,0.0,0.0,0.7142857142857143
722,stefano-gandin,7,0,0,1,20.0,22.0,0.0,0.0,0.14285714285714285,2.857142857142857
723,lorenzo-milesi,13,0,0,0,0.0,57.285714285714285,0.0,0.0,0.0,0.0
724,alex-tolio,13,0,0,0,6.0,61.0,0.0,0.0,0.0,0.46153846153846156
725,mattia-petrucci,3,0,0,0,0.0,72.0,0.0,0.0,0.0,0.0
726,negasi-abreha,7,0,0,0,5.0,82.33333333333333,0.0,0.0,0.0,0.7142857142857143
727,mathias-vacek,17,0,1,3,104.0,49.54545454545455,0.0,0.058823529411764705,0.17647058823529413,6.117647058823529
728,alessandro-fancellu,16,0,0,0,5.0,67.4,0.0,0.0,0.0,0.3125
729,unai-cuadrado,25,0,0,1,18.0,55.142857142857146,0.0,0.0,0.04,0.72
730,jason-tesson,32,0,2,9,335.0,24.764705882352942,0.0,0.0625,0.28125,10.46875
731,alois-charrin,13,0,0,0,0.0,61.77777777777778,0.0,0.0,0.0,0.0
732,felipe-orts,14,0,0,0,5.0,85.71428571428571,0.0,0.0,0.0,0.35714285714285715
733,iker-ballarin-manso,21,0,0,0,0.0,92.15384615384616,0.0,0.0,0.0,0.0
734,ben-turner,20,1,2,4,335.0,45.36842105263158,0.05,0.1,0.2,16.75
735,jarrad-drizners,8,0,0,0,5.0,52.0,0.0,0.0,0.0,0.625
736,lorenzo-germani,9,0,0,0,18.0,63.333333333333336,0.0,0.0,0.0,2.0
737,luke-mudgway,13,0,0,0,13.0,46.0,0.0,0.0,0.0,1.0
738,tim-van-dijke,10,0,0,0,13.0,68.0,0.0,0.0,0.0,1.3
739,reuben-thompson,3,0,0,0,0.0,57.0,0.0,0.0,0.0,0.0
740,josh-kench,8,0,0,0,0.0,42.5,0.0,0.0,0.0,0.0
741,logan-currie,12,0,0,0,5.0,51.857142857142854,0.0,0.0,0.0,0.4166666666666667
742,thomas-gloag,5,0,0,0,45.0,37.0,0.0,0.0,0.0,9.0
743,jan-maas,11,0,0,0,41.0,38.45454545454545,0.0,0.0,0.0,3.727272727272727
744,fabio-christen,14,0,0,0,0.0,57.166666666666664,0.0,0.0,0.0,0.0
745,ander-okamika,28,0,0,2,51.0,53.34782608695652,0.0,0.0,0.07142857142857142,1.8214285714285714
746,mason-hollyman,11,0,0,0,3.0,41.6,0.0,0.0,0.0,0.2727272727272727
747,oscar-pelegri,30,0,0,0,27.0,63.04761904761905,0.0,0.0,0.0,0.9
748,samuel-watson,14,0,0,1,67.0,51.0,0.0,0.0,0.07142857142857142,4.785714285714286
749,ethan-vernon,13,1,2,4,205.0,36.833333333333336,0.07692307692307693,0.15384615384615385,0.3076923076923077,15.76923076923077
750,enrico-zanoncello,13,0,0,0,17.0,63.166666666666664,0.0,0.0,0.0,1.3076923076923077
751,cory-greenberg,1,0,0,0,0.0,143.0,0.0,0.0,0.0,0.0
752,johan-meens,34,0,0,0,10.0,67.6470588235294,0.0,0.0,0.0,0.29411764705882354
753,louis-blouwe,31,0,0,0,22.0,58.95238095238095,0.0,0.0,0.0,0.7096774193548387
754,bailey-o-donnell,7,0,0,0,0.0,96.0,0.0,0.0,0.0,0.0
755,sindre-kulset,7,0,0,0,0.0,71.25,0.0,0.0,0.0,0.0
756,anton-palzer,21,0,0,0,0.0,61.4375,0.0,0.0,0.0,0.0
757,tom-sexton,20,0,0,0,5.0,62.333333333333336,0.0,0.0,0.0,0.25
758,cyrus-monk,21,0,0,0,0.0,70.93333333333334,0.0,0.0,0.0,0.0
759,declan-irvine,7,0,0,0,0.0,91.0,0.0,0.0,0.0,0.0
760,nathan-vandepitte,12,0,0,1,29.0,58.666666666666664,0.0,0.0,0.08333333333333333,2.4166666666666665
761,logan-phippen,8,0,0,0,0.0,,0.0,0.0,0.0,0.0
762,ollie-jones,4,0,0,0,0.0,35.0,0.0,0.0,0.0,0.0
763,lorenzo-quartucci2,4,0,0,0,0.0,22.0,0.0,0.0,0.0,0.0
764,omar-el-gouzi,20,0,0,0,14.0,57.57142857142857,0.0,0.0,0.0,0.7
765,jesus-david-pena-jimenez,5,0,0,0,5.0,83.33333333333333,0.0,0.0,0.0,1.0
766,alessandro-santaromita,10,0,0,0,0.0,74.66666666666667,0.0,0.0,0.0,0.0
767,alessandro-verre,21,0,0,2,60.0,43.857142857142854,0.0,0.0,0.09523809523809523,2.857142857142857
768,luca-rastelli,7,0,0,0,0.0,76.0,0.0,0.0,0.0,0.0
769,andrea-pietrobon,7,0,0,0,0.0,105.0,0.0,0.0,0.0,0.0
770,alex-jaime-fernandez,22,0,0,1,39.0,42.6,0.0,0.0,0.045454545454545456,1.7727272727272727
771,tord-gudmestad,20,0,0,0,21.0,47.4,0.0,0.0,0.0,1.05
772,sean-flynn,19,0,0,0,39.0,37.05555555555556,0.0,0.0,0.0,2.0526315789473686
773,fredrik-dversnes,22,0,0,0,42.0,52.10526315789474,0.0,0.0,0.0,1.9090909090909092
774,axel-zingle,49,2,5,18,650.0,29.272727272727273,0.04081632653061224,0.10204081632653061,0.3673469387755102,13.26530612244898
775,ceriel-desal,24,0,0,0,13.0,60.68181818181818,0.0,0.0,0.0,0.5416666666666666
776,matthew-riccitello,6,0,0,0,0.0,55.666666666666664,0.0,0.0,0.0,0.0
777,harrison-wood,8,0,0,0,5.0,61.42857142857143,0.0,0.0,0.0,0.625
778,mathis-le-berre,12,0,0,0,17.0,59.36363636363637,0.0,0.0,0.0,1.4166666666666667
779,corbin-strong,21,0,1,5,311.0,31.0,0.0,0.047619047619047616,0.23809523809523808,14.80952380952381
780,johannes-adamietz,12,0,0,0,0.0,58.0,0.0,0.0,0.0,0.0
781,thomas-bonnet,18,0,0,0,0.0,70.16666666666667,0.0,0.0,0.0,0.0
782,thibau-nys,6,0,1,1,63.0,12.75,0.0,0.16666666666666666,0.16666666666666666,10.5
783,valentin-retailleau,20,0,0,0,4.0,79.63636363636364,0.0,0.0,0.0,0.2
784,alan-jousseaume,35,0,0,1,58.0,57.629629629629626,0.0,0.0,0.02857142857142857,1.6571428571428573
785,james-oram,7,0,0,0,6.0,48.333333333333336,0.0,0.0,0.0,0.8571428571428571
786,dorian-de-maeght,22,0,0,0,9.0,60.92857142857143,0.0,0.0,0.0,0.4090909090909091
787,hugo-toumire,28,0,0,0,12.0,61.6,0.0,0.0,0.0,0.42857142857142855
788,emilien-jeanniere,9,0,0,0,0.0,79.0,0.0,0.0,0.0,0.0
789,robbe-ceurens,3,0,0,0,0.0,,0.0,0.0,0.0,0.0
790,lucas-dauge,6,0,0,0,0.0,101.5,0.0,0.0,0.0,0.0
791,paul-lapeira,27,0,0,1,67.0,54.857142857142854,0.0,0.0,0.037037037037037035,2.4814814814814814
792,campbell-stewart,26,0,0,1,44.0,61.23529411764706,0.0,0.0,0.038461538461538464,1.6923076923076923
793,matthew-dinham,6,0,0,1,25.0,48.8,0.0,0.0,0.16666666666666666,4.166666666666667
794,alessio-nieri,9,0,0,0,0.0,58.0,0.0,0.0,0.0,0.0
795,aaron-gate,15,0,0,1,63.0,41.54545454545455,0.0,0.0,0.06666666666666667,4.2
796,matevz-govekar,8,0,0,2,59.0,73.2,0.0,0.0,0.25,7.375
797,georg-steinhauser,11,0,0,0,7.0,51.57142857142857,0.0,0.0,0.0,0.6363636363636364
798,felix-engelhardt,7,0,0,1,31.0,49.5,0.0,0.0,0.14285714285714285,4.428571428571429
799,walter-calzoni,6,0,0,0,17.0,36.4,0.0,0.0,0.0,2.8333333333333335
800,magnus-kulset,1,0,0,0,0.0,91.0,0.0,0.0,0.0,0.0
801,louis-barre,29,0,0,2,58.0,61.95238095238095,0.0,0.0,0.06896551724137931,2.0
802,embret-svestad-bardseng,3,0,0,0,0.0,40.333333333333336,0.0,0.0,0.0,0.0
803,julius-johansen,24,0,0,0,15.0,68.85714285714286,0.0,0.0,0.0,0.625
804,alan-banaszek,5,0,0,1,20.0,64.25,0.0,0.0,0.2,4.0
805,johan-price-pejtersen,8,0,0,0,5.0,77.66666666666667,0.0,0.0,0.0,0.625
806,jay-vine,10,0,0,0,17.0,51.0,0.0,0.0,0.0,1.7
807,kevin-vauquelin,20,0,0,2,77.0,36.2,0.0,0.0,0.1,3.85
808,alexandre-balmer,22,0,0,2,90.0,59.25,0.0,0.0,0.09090909090909091,4.090909090909091
809,pau-miquel-delgado,16,0,0,0,18.0,47.916666666666664,0.0,0.0,0.0,1.125
810,antonio-puppio,25,0,0,1,40.0,62.714285714285715,0.0,0.0,0.04,1.6
811,rainer-kepplinger,5,0,0,0,5.0,57.0,0.0,0.0,0.0,1.0
812,ewen-costiou,7,0,0,0,19.0,63.666666666666664,0.0,0.0,0.0,2.7142857142857144
813,sjoerd-bax,15,1,1,1,86.0,61.666666666666664,0.06666666666666667,0.06666666666666667,0.06666666666666667,5.733333333333333
814,kim-heiduk,20,0,0,0,20.0,44.8,0.0,0.0,0.0,1.0
815,taj-jones,24,0,0,0,20.0,79.07692307692308,0.0,0.0,0.0,0.8333333333333334
816,anthon-charmig,5,0,0,0,15.0,66.2,0.0,0.0,0.0,3.0
817,jason-osborne,8,0,0,0,0.0,62.833333333333336,0.0,0.0,0.0,0.0
818,tobias-halland-johannessen,11,0,0,1,67.0,57.22222222222222,0.0,0.0,0.09090909090909091,6.090909090909091
819,unai-iribar-jauregi,21,0,0,0,11.0,55.93333333333333,0.0,0.0,0.0,0.5238095238095238
820,felix-gros,19,0,0,0,35.0,54.0,0.0,0.0,0.0,1.8421052631578947
821,luke-plapp,5,0,0,0,22.0,67.5,0.0,0.0,0.0,4.4
822,asbjorn-hellemose,13,0,0,0,10.0,61.81818181818182,0.0,0.0,0.0,0.7692307692307693
823,michal-schlegel,15,0,0,0,0.0,63.63636363636363,0.0,0.0,0.0,0.0
824,milan-vader,2,0,0,0,10.0,42.0,0.0,0.0,0.0,5.0
825,arnaud-de-lie,43,9,14,28,1632.0,17.95,0.20930232558139536,0.32558139534883723,0.6511627906976745,37.95348837209303
826,milan-fretin,32,0,0,1,59.0,60.38095238095238,0.0,0.0,0.03125,1.84375
827,sam-welsford,12,1,2,3,191.0,41.36363636363637,0.08333333333333333,0.16666666666666666,0.25,15.916666666666666
828,sandy-dujardin,33,0,2,8,314.0,32.642857142857146,0.0,0.06060606060606061,0.24242424242424243,9.515151515151516
829,kelland-brien,18,0,0,1,84.0,72.2,0.0,0.0,0.05555555555555555,4.666666666666667
830,tuur-dens,20,0,0,0,5.0,83.85714285714286,0.0,0.0,0.0,0.25
831,william-blume-levy,19,0,0,0,21.0,83.25,0.0,0.0,0.0,1.105263157894737
832,victor-koretzky,14,0,0,0,25.0,56.666666666666664,0.0,0.0,0.0,1.7857142857142858
833,jenno-berckmoes,21,0,0,2,84.0,48.1875,0.0,0.0,0.09523809523809523,4.0
834,vito-braet,29,0,0,2,76.0,53.458333333333336,0.0,0.0,0.06896551724137931,2.6206896551724137
835,cian-uijtdebroeks,12,0,0,1,41.0,40.9,0.0,0.0,0.08333333333333333,3.4166666666666665
836,vinicius-rangel-costa,13,0,0,0,15.0,86.33333333333333,0.0,0.0,0.0,1.1538461538461537
837,kamiel-bonneu,23,0,0,2,50.0,64.77777777777777,0.0,0.0,0.08695652173913043,2.1739130434782608
838,eugenio-sanchez,15,0,0,0,5.0,83.33333333333333,0.0,0.0,0.0,0.3333333333333333
839,anders-halland-johannessen,6,0,0,0,10.0,87.0,0.0,0.0,0.0,1.6666666666666667
840,igor-arrieta-lizarraga,18,0,0,0,6.0,48.142857142857146,0.0,0.0,0.0,0.3333333333333333
841,marc-brustenga-masague,12,0,0,0,5.0,96.0,0.0,0.0,0.0,0.4166666666666667
842,madis-mihkels,7,0,0,3,90.0,15.4,0.0,0.0,0.42857142857142855,12.857142857142858
843,martin-svrcek,10,0,0,0,5.0,37.25,0.0,0.0,0.0,0.5
844,lennert-van-eetvelt,9,0,2,2,99.0,21.285714285714285,0.0,0.2222222222222222,0.2222222222222222,11.0
845,bastien-tronchon,5,0,0,0,3.0,53.0,0.0,0.0,0.0,0.6
846,alec-segaert,3,0,0,0,4.0,27.666666666666668,0.0,0.0,0.0,1.3333333333333333
847,romain-gregoire1,13,0,0,3,136.0,37.0,0.0,0.0,0.23076923076923078,10.461538461538462
848,nils-brun,12,0,0,0,5.0,56.72727272727273,0.0,0.0,0.0,0.4166666666666667
849,sebastian-kolze-changizi,8,0,0,0,0.0,85.8,0.0,0.0,0.0,0.0
850,fran-miholjevic,3,0,0,0,0.0,53.0,0.0,0.0,0.0,0.0
851,enekoitz-azparren-irurzun,5,0,0,0,0.0,72.66666666666667,0.0,0.0,0.0,0.0
852,ivan-romeo,7,0,0,0,5.0,84.66666666666667,0.0,0.0,0.0,0.7142857142857143
853,nurbergen-nurlykhassym,10,0,0,0,0.0,79.33333333333333,0.0,0.0,0.0,0.0
854,scott-mcgill,2,0,0,0,15.0,86.0,0.0,0.0,0.0,7.5
855,derek-gee,12,0,0,0,21.0,58.125,0.0,0.0,0.0,1.75
856,luis-joe-luhrs,17,0,0,0,16.0,62.9,0.0,0.0,0.0,0.9411764705882353
857,asier-etxeberria,8,0,0,0,0.0,68.57142857142857,0.0,0.0,0.0,0.0
858,valentin-paret-peintre,19,0,0,0,3.0,56.6,0.0,0.0,0.0,0.15789473684210525
859,xabier-isasa-larranaga,11,0,0,0,0.0,69.9090909090909,0.0,0.0,0.0,0.0
860,iuri-leitao,3,0,0,0,0.0,99.0,0.0,0.0,0.0,0.0
861,calum-johnston,10,0,0,0,0.0,68.14285714285714,0.0,0.0,0.0,0.0
862,arno-claeys,8,0,0,0,0.0,85.5,0.0,0.0,0.0,0.0
863,alexander-salby,3,0,0,0,0.0,109.0,0.0,0.0,0.0,0.0
864,alex-baudin,4,0,0,0,32.0,22.0,0.0,0.0,0.0,8.0
865,matheo-vercher,8,0,1,1,43.0,28.4,0.0,0.125,0.125,5.375
866,axel-mariault,23,0,0,0,24.0,57.64705882352941,0.0,0.0,0.0,1.0434782608695652
867,michael-vink,9,0,0,0,5.0,100.0,0.0,0.0,0.0,0.5555555555555556
868,simone-olivero,4,0,0,0,0.0,,0.0,0.0,0.0,0.0
869,jan-stockli,11,0,0,0,0.0,58.5,0.0,0.0,0.0,0.0
870,gage-hecht,16,0,0,0,0.0,101.5,0.0,0.0,0.0,0.0
871,bart-lemmen,3,0,0,1,16.0,14.5,0.0,0.0,0.3333333333333333,5.333333333333333
872,toon-clynhens,14,0,0,0,0.0,57.888888888888886,0.0,0.0,0.0,0.0
873,marcus-sander-hansen,3,0,0,0,0.0,69.0,0.0,0.0,0.0,0.0
874,ivan-cobo-cayon,9,0,0,0,10.0,30.0,0.0,0.0,0.0,1.1111111111111112
875,cameron-scott,6,0,0,0,0.0,39.25,0.0,0.0,0.0,0.0
876,mitchel-fitzsimons,6,0,0,0,0.0,74.0,0.0,0.0,0.0,0.0
877,adne-holter,7,0,0,0,0.0,43.75,0.0,0.0,0.0,0.0
878,elias-maris,9,0,0,0,0.0,59.111111111111114,0.0,0.0,0.0,0.0
879,max-poole,2,0,0,0,0.0,81.0,0.0,0.0,0.0,0.0
880,lenny-martinez,7,0,0,2,52.0,19.833333333333332,0.0,0.0,0.2857142857142857,7.428571428571429
881,alex-martin-gutierrez,9,0,0,0,4.0,53.714285714285715,0.0,0.0,0.0,0.4444444444444444
882,chih-hao-tu,1,0,0,0,0.0,,0.0,0.0,0.0,0.0
883,welay-hagos-berhe,3,0,0,0,0.0,69.33333333333333,0.0,0.0,0.0,0.0
884,pierre-gautherat,8,0,0,2,45.0,45.857142857142854,0.0,0.0,0.25,5.625
885,mark-stewart,4,0,0,0,0.0,73.0,0.0,0.0,0.0,0.0
886,matyas-kopecky,4,0,0,0,0.0,46.0,0.0,0.0,0.0,0.0
887,hamish-beadle,5,0,0,0,0.0,46.0,0.0,0.0,0.0,0.0
888,andoni-lopez-de-abetxuko-jimenez,4,0,0,0,0.0,94.0,0.0,0.0,0.0,0.0
889,miguel-angel-fernandez-ruiz,1,0,0,0,0.0,,0.0,0.0,0.0,0.0
890,iker-bonillo-martin,2,0,0,0,0.0,116.0,0.0,0.0,0.0,0.0
891,filippo-ridolfo,3,0,0,0,0.0,,0.0,0.0,0.0,0.0
892,stian-fredheim,3,0,0,0,5.0,23.0,0.0,0.0,0.0,1.6666666666666667
893,gerd-de-keijzer,1,0,0,0,0.0,,0.0,0.0,0.0,0.0
894,manuele-tarozzi,1,0,0,0,0.0,44.0,0.0,0.0,0.0,0.0
895,florian-lipowitz,1,0,0,0,0.0,46.0,0.0,0.0,0.0,0.0
896,gleb-syritsa,4,0,0,0,0.0,133.0,0.0,0.0,0.0,0.0
897,giulio-pellizzari,3,0,0,0,0.0,71.66666666666667,0.0,0.0,0.0,0.0
898,alessandro-pinarello,2,0,0,0,0.0,59.5,0.0,0.0,0.0,0.0
899,igor-chzhan,1,0,0,0,0.0,86.0,0.0,0.0,0.0,0.0
900,george-jackson,1,0,0,0,0.0,,0.0,0.0,0.0,0.0
901,luca-van-boven,3,0,0,0,5.0,84.0,0.0,0.0,0.0,1.6666666666666667
902,vincent-van-hemelen,10,0,0,0,0.0,53.8,0.0,0.0,0.0,0.0
903,filippo-colombo1,3,0,0,0,5.0,76.0,0.0,0.0,0.0,1.6666666666666667
904,marcel-camprubi,3,0,0,0,0.0,80.0,0.0,0.0,0.0,0.0
905,davide-piganzoli,4,0,0,0,0.0,73.0,0.0,0.0,0.0,0.0
906,javier-serrano,5,0,0,0,0.0,86.0,0.0,0.0,0.0,0.0
907,alejandro-franco-gonzalez,6,0,0,0,0.0,106.0,0.0,0.0,0.0,0.0
908,mikel-retegi,7,0,0,0,0.0,72.83333333333333,0.0,0.0,0.0,0.0
909,jared-scott,2,0,0,0,0.0,97.0,0.0,0.0,0.0,0.0
910,jarne-van-de-paar,3,0,1,1,40.0,42.666666666666664,0.0,0.3333333333333333,0.3333333333333333,13.333333333333334
911,vince-gerits,4,0,0,0,0.0,90.66666666666667,0.0,0.0,0.0,0.0
912,daniel-babor,4,0,0,1,18.0,21.5,0.0,0.0,0.25,4.5
913,xabier-berasategi-garmendia,4,0,0,0,0.0,71.0,0.0,0.0,0.0,0.0
914,liam-slock,4,0,0,0,0.0,60.0,0.0,0.0,0.0,0.0
915,joseba-lopez-cuesta,4,0,0,0,0.0,100.5,0.0,0.0,0.0,0.0
916,fernando-tercero-lopez,2,0,0,0,0.0,78.0,0.0,0.0,0.0,0.0
917,michael-leonard1,3,0,0,0,0.0,110.5,0.0,0.0,0.0,0.0
918,clement-alleno,2,0,0,0,0.0,96.0,0.0,0.0,0.0,0.0
919,noah-vandenbranden,1,0,0,0,0.0,117.0,0.0,0.0,0.0,0.0
920,josh-burnett,1,0,0,0,0.0,,0.0,0.0,0.0,0.0
921,aaron-van-der-beken,3,0,0,0,0.0,69.0,0.0,0.0,0.0,0.0
922,german-nicolas-tivani-perez,1,0,0,0,0.0,33.0,0.0,0.0,0.0,0.0
