,rider_code,nb_race_time_trial,nb_win_time_trial,nb_pod_time_trial,nb_top10_time_trial,pts_time_trial,avg_rnk_time_trial,pct_win_time_trial,pct_pod_time_trial,pct_top10_time_trial,avg_pts_time_trial
0,richard-carapaz,18,0,0,3,38.0,30.944444444444443,0.0,0.0,0.16666666666666666,2.111111111111111
1,,0.0,,,,,,,,,
2,primoz-roglic,20,10,13,18,1146.0,3.75,0.5,0.65,0.9,57.3
3,mikel-landa,14,0,0,0,2.0,50.785714285714285,0.0,0.0,0.0,0.14285714285714285
4,bauke-mollema,16,0,1,5,124.0,29.75,0.0,0.0625,0.3125,7.75
5,rafal-majka,18,0,0,1,18.0,59.55555555555556,0.0,0.0,0.05555555555555555,1.0
6,simon-yates,11,1,2,2,100.0,39.27272727272727,0.09090909090909091,0.18181818181818182,0.18181818181818182,9.090909090909092
7,pavel-sivakov,13,0,0,1,19.0,31.615384615384617,0.0,0.0,0.07692307692307693,1.4615384615384615
8,hugh-carthy,17,0,0,3,41.0,34.1764705882353,0.0,0.0,0.17647058823529413,2.411764705882353
9,joe-dombrowski,15,0,0,0,0.0,82.86666666666666,0.0,0.0,0.0,0.0
10,valentin-madouas,15,0,0,0,0.0,74.46666666666667,0.0,0.0,0.0,0.0
11,jan-polanc,14,0,0,0,13.0,28.428571428571427,0.0,0.0,0.0,0.9285714285714286
12,davide-formolo,16,0,0,0,0.0,50.125,0.0,0.0,0.0,0.0
13,giulio-ciccone,16,0,0,0,0.0,90.93333333333334,0.0,0.0,0.0,0.0
14,fausto-masnada,12,0,0,1,7.0,37.833333333333336,0.0,0.0,0.08333333333333333,0.5833333333333334
15,victor-de-la-parte,13,0,0,0,4.0,57.15384615384615,0.0,0.0,0.0,0.3076923076923077
16,edward-irl-dunbar,9,0,0,0,10.0,56.333333333333336,0.0,0.0,0.0,1.1111111111111112
17,damiano-caruso,16,0,0,5,69.0,26.5625,0.0,0.0,0.3125,4.3125
18,lucas-hamilton,18,0,0,0,0.0,53.388888888888886,0.0,0.0,0.0,0.0
19,andrey-zeits,13,0,0,0,0.0,85.6923076923077,0.0,0.0,0.0,0.0
20,jan-hirt,20,0,0,0,0.0,99.05263157894737,0.0,0.0,0.0,0.0
21,mattia-cattaneo,16,0,1,10,139.0,14.25,0.0,0.0625,0.625,8.6875
22,alexis-vuillermoz,12,0,0,0,0.0,89.1,0.0,0.0,0.0,0.0
23,francois-bidard,12,0,0,0,0.0,119.91666666666667,0.0,0.0,0.0,0.0
24,pello-bilbao,21,0,0,3,43.0,32.0,0.0,0.0,0.14285714285714285,2.0476190476190474
25,ben-o-connor,17,0,0,1,5.0,37.375,0.0,0.0,0.058823529411764705,0.29411764705882354
26,bob-jungels,18,0,0,3,48.0,26.27777777777778,0.0,0.0,0.16666666666666666,2.6666666666666665
27,chris-hamilton,17,0,0,0,0.0,73.6470588235294,0.0,0.0,0.0,0.0
28,jai-hindley,15,0,0,0,1.0,50.46666666666667,0.0,0.0,0.0,0.06666666666666667
29,ion-izagirre,22,0,1,4,43.0,34.095238095238095,0.0,0.045454545454545456,0.18181818181818182,1.9545454545454546
30,pieter-serry,11,0,0,0,0.0,56.27272727272727,0.0,0.0,0.0,0.0
31,andrey-amador,17,0,0,0,0.0,80.11764705882354,0.0,0.0,0.0,0.0
32,johan-esteban-chaves,15,0,0,0,0.0,65.4,0.0,0.0,0.0,0.0
33,koen-bouwman,16,0,0,0,0.0,52.6875,0.0,0.0,0.0,0.0
34,diego-ulissi,16,0,0,0,2.0,36.0625,0.0,0.0,0.0,0.125
35,ivan-ramiro-sosa,8,0,0,0,0.0,116.75,0.0,0.0,0.0,0.0
36,amanuel-ghebreigzabhier,11,0,0,0,10.0,78.27272727272727,0.0,0.0,0.0,0.9090909090909091
37,antonio-pedrero,15,0,0,0,0.0,109.13333333333334,0.0,0.0,0.0,0.0
38,dario-cataldo,19,0,0,0,0.0,66.42105263157895,0.0,0.0,0.0,0.0
39,gianluca-brambilla,17,0,0,0,0.0,96.05882352941177,0.0,0.0,0.0,0.0
40,jose-joaquin-rojas,15,0,0,0,0.0,108.33333333333333,0.0,0.0,0.0,0.0
41,thomas-de-gendt,25,0,2,4,122.0,34.8,0.0,0.08,0.16,4.88
42,lawrence-warbasse,16,0,0,0,0.0,66.33333333333333,0.0,0.0,0.0,0.0
43,andrea-vendrame,15,0,0,0,0.0,77.93333333333334,0.0,0.0,0.0,0.0
44,sepp-kuss,21,0,0,1,6.0,68.61904761904762,0.0,0.0,0.047619047619047616,0.2857142857142857
45,giovanni-carboni,7,0,0,0,0.0,107.85714285714286,0.0,0.0,0.0,0.0
46,nans-peters,17,0,0,0,0.0,74.41176470588235,0.0,0.0,0.0,0.0
47,nicola-conci,12,0,0,0,0.0,86.41666666666667,0.0,0.0,0.0,0.0
48,tosh-van-der-sande,15,0,0,0,0.0,123.93333333333334,0.0,0.0,0.0,0.0
49,antwan-tolhoek,14,0,0,0,0.0,108.07142857142857,0.0,0.0,0.0,0.0
50,christopher-juul-jensen,16,0,0,0,0.0,77.6875,0.0,0.0,0.0,0.0
51,lukasz-owsian,12,0,0,0,0.0,91.0,0.0,0.0,0.0,0.0
52,cesare-benedetti,18,0,0,0,0.0,104.55555555555556,0.0,0.0,0.0,0.0
53,antonio-nibali,14,0,0,0,0.0,121.5,0.0,0.0,0.0,0.0
54,kristian-sbaragli,12,0,0,0,0.0,123.36363636363636,0.0,0.0,0.0,0.0
55,luke-durbridge,17,0,0,1,42.0,29.0,0.0,0.0,0.058823529411764705,2.4705882352941178
56,jhonatan-narvaez,13,0,0,0,0.0,94.46153846153847,0.0,0.0,0.0,0.0
57,tobias-ludvigsson,13,0,0,3,33.0,33.92307692307692,0.0,0.0,0.23076923076923078,2.5384615384615383
58,luca-covili,6,0,0,0,0.0,125.83333333333333,0.0,0.0,0.0,0.0
59,lorenzo-rota,14,0,0,0,0.0,97.64285714285714,0.0,0.0,0.0,0.0
60,salvatore-puccio,15,0,0,0,0.0,81.86666666666666,0.0,0.0,0.0,0.0
61,hector-carretero,16,0,0,0,0.0,102.75,0.0,0.0,0.0,0.0
62,manuele-boaro,13,0,0,0,0.0,58.0,0.0,0.0,0.0,0.0
63,ryan-gibbons,10,0,0,0,10.0,51.7,0.0,0.0,0.0,1.0
64,reto-hollenstein,16,0,0,0,0.0,84.0625,0.0,0.0,0.0,0.0
65,jack-bauer,10,0,0,0,0.0,58.0,0.0,0.0,0.0,0.0
66,michael-gogl,10,0,0,0,0.0,88.88888888888889,0.0,0.0,0.0,0.0
67,andrea-garosio,5,0,0,0,0.0,117.6,0.0,0.0,0.0,0.0
68,krists-neilands,13,0,0,0,0.0,64.38461538461539,0.0,0.0,0.0,0.0
69,mikkel-honore,15,0,0,1,3.0,53.2,0.0,0.0,0.06666666666666667,0.2
70,mirco-maestri,7,0,0,0,0.0,100.85714285714286,0.0,0.0,0.0,0.0
71,jos-van-emden,20,0,2,4,108.0,22.61111111111111,0.0,0.1,0.2,5.4
72,chad-haga,14,1,1,3,129.0,23.285714285714285,0.07142857142857142,0.07142857142857142,0.21428571428571427,9.214285714285714
73,sam-bennett,23,0,0,0,0.0,100.77272727272727,0.0,0.0,0.0,0.0
74,jonathan-klever-caicedo,15,0,0,0,0.0,85.86666666666666,0.0,0.0,0.0,0.0
75,victor-campenaerts,13,1,4,6,297.0,19.307692307692307,0.07692307692307693,0.3076923076923077,0.46153846153846156,22.846153846153847
76,olivier-le-gac,13,0,0,0,0.0,110.0,0.0,0.0,0.0,0.0
77,michael-schwarzmann,13,0,0,0,0.0,129.92307692307693,0.0,0.0,0.0,0.0
78,josef-cerny,17,0,0,6,124.0,29.470588235294116,0.0,0.0,0.35294117647058826,7.294117647058823
79,marco-haller,13,0,0,0,0.0,122.3076923076923,0.0,0.0,0.0,0.0
80,jenthe-biermans,9,0,0,0,0.0,105.0,0.0,0.0,0.0,0.0
81,jasha-sutterlin,15,0,0,1,16.0,37.86666666666667,0.0,0.0,0.06666666666666667,1.0666666666666667
82,pascal-ackermann,10,0,0,0,0.0,110.5,0.0,0.0,0.0,0.0
83,arnaud-demare,16,0,0,0,0.0,76.125,0.0,0.0,0.0,0.0
84,nico-denz,17,0,0,0,4.0,77.75,0.0,0.0,0.0,0.23529411764705882
85,guillaume-boivin,12,0,0,0,0.0,117.08333333333333,0.0,0.0,0.0,0.0
86,lluis-guillermo-mas,10,0,0,0,10.0,48.6,0.0,0.0,0.0,1.0
87,rudiger-selig,6,0,0,0,0.0,139.66666666666666,0.0,0.0,0.0,0.0
88,kamil-gradek,10,0,0,0,21.0,58.1,0.0,0.0,0.0,2.1
89,davide-cimolai,15,0,0,0,0.0,132.07142857142858,0.0,0.0,0.0,0.0
90,simone-consonni,13,0,0,0,0.0,98.6923076923077,0.0,0.0,0.0,0.0
91,jacopo-guarnieri,14,0,0,0,0.0,127.0,0.0,0.0,0.0,0.0
92,ramon-sinkeldam,13,0,0,0,0.0,106.23076923076923,0.0,0.0,0.0,0.0
93,juan-jose-lobato,6,0,0,0,0.0,136.5,0.0,0.0,0.0,0.0
94,miles-scotson,16,0,0,1,8.0,63.06666666666667,0.0,0.0,0.0625,0.5
95,tom-bohli,17,0,0,0,4.0,59.05882352941177,0.0,0.0,0.0,0.23529411764705882
96,egan-bernal,9,0,0,2,22.0,26.0,0.0,0.0,0.2222222222222222,2.4444444444444446
97,aleksandr-vlasov,13,1,1,4,81.0,16.923076923076923,0.07692307692307693,0.07692307692307693,0.3076923076923077,6.230769230769231
98,daniel-felipe-martinez,15,0,1,6,92.0,15.6,0.0,0.06666666666666667,0.4,6.133333333333334
99,joao-almeida,15,0,3,9,193.0,9.428571428571429,0.0,0.2,0.6,12.866666666666667
100,romain-bardet,13,0,0,0,2.0,41.23076923076923,0.0,0.0,0.0,0.15384615384615385
101,tobias-foss,10,1,2,6,355.0,9.2,0.1,0.2,0.6,35.5
102,david-martin-romero,10,0,0,0,3.0,55.4,0.0,0.0,0.0,0.3
103,george-bennett,16,0,0,0,10.0,68.0625,0.0,0.0,0.0,0.625
104,attila-valter,11,0,0,0,0.0,65.18181818181819,0.0,0.0,0.0,0.0
105,lorenzo-fortunato,5,0,0,0,0.0,130.4,0.0,0.0,0.0,0.0
106,gorka-izagirre,17,0,0,0,0.0,65.46666666666667,0.0,0.0,0.0,0.0
107,louis-vervaeke,8,0,0,0,0.0,77.28571428571429,0.0,0.0,0.0,0.0
108,jonathan-castroviejo,18,0,0,1,27.0,51.888888888888886,0.0,0.0,0.05555555555555555,1.5
109,gianni-moscon,9,0,0,2,14.0,53.22222222222222,0.0,0.0,0.2222222222222222,1.5555555555555556
110,nelson-oliveira,21,0,1,4,273.0,20.61904761904762,0.0,0.047619047619047616,0.19047619047619047,13.0
111,alberto-bettiol,10,0,1,3,95.0,20.2,0.0,0.1,0.3,9.5
112,michael-storer,13,0,0,0,0.0,93.6923076923077,0.0,0.0,0.0,0.0
113,matteo-fabbro,13,0,0,0,0.0,73.07692307692308,0.0,0.0,0.0,0.0
114,luis-leon-sanchez,21,0,0,2,11.0,53.80952380952381,0.0,0.0,0.09523809523809523,0.5238095238095238
115,matteo-badilatti,14,0,0,0,0.0,112.14285714285714,0.0,0.0,0.0,0.0
116,harold-tejada,10,0,0,0,0.0,47.9,0.0,0.0,0.0,0.0
117,rudy-molard,13,0,0,0,0.0,56.76923076923077,0.0,0.0,0.0,0.0
118,alessandro-covi,7,0,0,0,0.0,74.42857142857143,0.0,0.0,0.0,0.0
119,einer-augusto-rubio-reyes,8,0,0,0,0.0,123.0,0.0,0.0,0.0,0.0
120,vadim-pronskiy,9,0,0,0,0.0,75.44444444444444,0.0,0.0,0.0,0.0
121,felix-grossschartner,16,0,0,3,18.0,37.9375,0.0,0.0,0.1875,1.125
122,quinten-hermans,7,0,0,0,0.0,68.28571428571429,0.0,0.0,0.0,0.0
123,simone-petilli,10,0,0,0,0.0,102.0,0.0,0.0,0.0,0.0
124,eduardo-sepulveda,11,0,0,0,10.0,109.0909090909091,0.0,0.0,0.0,0.9090909090909091
125,patrick-bevin,15,0,1,8,271.0,24.666666666666668,0.0,0.06666666666666667,0.5333333333333333,18.066666666666666
126,rein-taaramae,16,0,0,1,14.0,73.9375,0.0,0.0,0.0625,0.875
127,jacopo-mosca,10,0,0,0,0.0,94.7,0.0,0.0,0.0,0.0
128,james-knox,17,0,0,0,1.0,53.705882352941174,0.0,0.0,0.0,0.058823529411764705
129,geoffrey-bouchard,16,0,0,0,0.0,81.0,0.0,0.0,0.0,0.0
130,nicolas-edet,24,0,0,0,20.0,73.52173913043478,0.0,0.0,0.0,0.8333333333333334
131,tony-gallopin,14,0,0,0,0.0,59.5,0.0,0.0,0.0,0.0
132,matteo-sobrero,16,1,1,6,171.0,16.125,0.0625,0.0625,0.375,10.6875
133,nikias-arndt,17,0,0,2,29.0,40.529411764705884,0.0,0.0,0.11764705882352941,1.7058823529411764
134,lars-van-den-berg,3,0,0,0,0.0,99.66666666666667,0.0,0.0,0.0,0.0
135,jimmy-janssens,3,0,0,0,0.0,92.0,0.0,0.0,0.0,0.0
136,simon-carr,7,0,0,0,0.0,40.285714285714285,0.0,0.0,0.0,0.0
137,andrii-ponomar,4,0,0,0,0.0,107.5,0.0,0.0,0.0,0.0
138,remi-cavagna,20,2,8,14,511.0,13.6,0.1,0.4,0.7,25.55
139,simon-pellaud,13,0,0,0,0.0,119.61538461538461,0.0,0.0,0.0,0.0
140,jan-tratnik,19,0,1,4,96.0,25.526315789473685,0.0,0.05263157894736842,0.21052631578947367,5.052631578947368
141,simone-raccani,6,0,0,0,0.0,93.33333333333333,0.0,0.0,0.0,0.0
142,andrea-pasqualon,12,0,0,0,0.0,101.16666666666667,0.0,0.0,0.0,0.0
143,filippo-zana,6,0,0,0,0.0,104.16666666666667,0.0,0.0,0.0,0.0
144,vincenzo-albanese,6,0,0,0,0.0,89.66666666666667,0.0,0.0,0.0,0.0
145,yukiya-arashiro,10,0,0,0,0.0,110.9,0.0,0.0,0.0,0.0
146,jens-keukeleire,12,0,0,0,0.0,85.66666666666667,0.0,0.0,0.0,0.0
147,stefano-oldani,10,0,0,0,0.0,83.7,0.0,0.0,0.0,0.0
148,giovanni-aleotti,8,0,0,0,0.0,65.375,0.0,0.0,0.0,0.0
149,samuele-battistella,8,0,0,1,4.0,61.0,0.0,0.0,0.125,0.5
150,callum-scotson,10,0,0,0,0.0,68.7,0.0,0.0,0.0,0.0
151,harm-vanhoucke,15,0,0,0,0.0,82.13333333333334,0.0,0.0,0.0,0.0
152,gianni-vermeersch,8,0,0,0,0.0,121.57142857142857,0.0,0.0,0.0,0.0
153,valerio-conti,11,0,0,0,0.0,68.54545454545455,0.0,0.0,0.0,0.0
154,simon-guglielmi,8,0,0,0,0.0,127.875,0.0,0.0,0.0,0.0
155,dries-de-bondt,6,0,0,0,0.0,109.0,0.0,0.0,0.0,0.0
156,natnael-tesfatsion,5,0,0,0,0.0,145.2,0.0,0.0,0.0,0.0
157,mauro-schmid,6,0,0,2,23.0,49.5,0.0,0.0,0.3333333333333333,3.8333333333333335
158,matteo-jorgenson,8,0,0,0,0.0,30.625,0.0,0.0,0.0,0.0
159,senne-leysen,9,0,0,0,0.0,65.55555555555556,0.0,0.0,0.0,0.0
160,oscar-riesebeek,7,0,0,0,0.0,56.857142857142854,0.0,0.0,0.0,0.0
161,samuele-zoccarato,4,0,0,0,0.0,145.0,0.0,0.0,0.0,0.0
162,davide-gabburo,6,0,0,0,0.0,139.66666666666666,0.0,0.0,0.0,0.0
163,taco-van-der-hoorn,10,0,0,0,0.0,123.5,0.0,0.0,0.0,0.0
164,filippo-fiorelli,6,0,0,0,0.0,152.16666666666666,0.0,0.0,0.0,0.0
165,fernando-gaviria,13,0,0,0,0.0,90.92307692307692,0.0,0.0,0.0,0.0
166,daniel-oss,14,0,0,0,0.0,99.92857142857143,0.0,0.0,0.0,0.0
167,edoardo-affini,14,0,4,5,257.0,15.076923076923077,0.0,0.2857142857142857,0.35714285714285715,18.357142857142858
168,max-kanter,9,0,0,0,0.0,100.42857142857143,0.0,0.0,0.0,0.0
169,peter-sagan,18,0,0,1,4.0,81.58823529411765,0.0,0.0,0.05555555555555555,0.2222222222222222
170,filippo-ganna,20,10,14,20,1480.0,3.1,0.5,0.7,1.0,74.0
171,lawrence-naesen,5,0,0,0,0.0,112.4,0.0,0.0,0.0,0.0
172,michael-hepburn,12,0,0,3,19.0,28.083333333333332,0.0,0.0,0.25,1.5833333333333333
173,filippo-magli2,4,0,0,0,0.0,141.25,0.0,0.0,0.0,0.0
174,max-walscheid,14,0,0,5,96.0,27.071428571428573,0.0,0.0,0.35714285714285715,6.857142857142857
175,julius-van-den-berg,11,0,0,0,0.0,54.81818181818182,0.0,0.0,0.0,0.0
176,juan-sebastian-molano,14,0,0,0,0.0,104.0,0.0,0.0,0.0,0.0
177,wesley-kreder,8,0,0,0,0.0,133.375,0.0,0.0,0.0,0.0
178,samuele-rivi,5,0,0,0,0.0,100.8,0.0,0.0,0.0,0.0
179,lukasz-wisniowski,11,0,0,0,0.0,65.72727272727273,0.0,0.0,0.0,0.0
180,elia-viviani,18,0,0,0,0.0,96.94444444444444,0.0,0.0,0.0,0.0
181,maciej-bodnar,20,0,2,2,94.0,31.1,0.0,0.1,0.1,4.7
182,albert-torres,13,0,0,0,0.0,93.6923076923077,0.0,0.0,0.0,0.0
183,alexander-krieger,7,0,0,0,0.0,122.28571428571429,0.0,0.0,0.0,0.0
184,matteo-moschetti,11,0,0,0,0.0,121.27272727272727,0.0,0.0,0.0,0.0
185,attilio-viviani,6,0,0,0,0.0,146.83333333333334,0.0,0.0,0.0,0.0
186,emanuel-buchmann,14,0,0,1,11.0,51.642857142857146,0.0,0.0,0.07142857142857142,0.7857142857142857
187,juan-pedro-lopez,9,0,0,0,0.0,74.88888888888889,0.0,0.0,0.0,0.0
188,santiago-buitrago-sanchez,7,0,0,0,0.0,60.857142857142854,0.0,0.0,0.0,0.0
189,guillaume-martin,16,0,0,0,0.0,60.625,0.0,0.0,0.0,0.0
190,wilco-kelderman,19,0,0,3,33.0,33.8421052631579,0.0,0.0,0.15789473684210525,1.736842105263158
191,thymen-arensman,14,1,3,5,149.0,26.571428571428573,0.07142857142857142,0.21428571428571427,0.35714285714285715,10.642857142857142
192,lennard-kamna,10,0,0,1,13.0,26.6,0.0,0.0,0.1,1.3
193,sam-oomen,15,0,0,0,0.0,61.333333333333336,0.0,0.0,0.0,0.0
194,mikael-cherel,10,0,0,0,0.0,135.1,0.0,0.0,0.0,0.0
195,gijs-leemreize,7,0,0,0,0.0,59.142857142857146,0.0,0.0,0.0,0.0
196,mauri-vansevenant,10,0,0,0,0.0,42.4,0.0,0.0,0.0,0.0
197,domen-novak,10,0,0,0,0.0,112.5,0.0,0.0,0.0,0.0
198,damien-howson,14,0,0,0,0.0,55.357142857142854,0.0,0.0,0.0,0.0
199,wout-poels,17,0,0,0,5.0,61.76470588235294,0.0,0.0,0.0,0.29411764705882354
200,ben-tulett,8,0,0,4,44.0,23.833333333333332,0.0,0.0,0.5,5.5
201,mattias-skjelmose-jensen,6,0,0,0,0.0,34.666666666666664,0.0,0.0,0.0,0.0
202,fabio-felline,13,0,0,0,0.0,33.15384615384615,0.0,0.0,0.0,0.0
203,martijn-tusveld,16,0,0,0,2.0,54.875,0.0,0.0,0.0,0.125
204,rui-costa,14,0,0,2,7.0,64.64285714285714,0.0,0.0,0.14285714285714285,0.5
205,sylvain-moniquet,10,0,0,0,0.0,79.3,0.0,0.0,0.0,0.0
206,felix-gall,7,0,0,0,0.0,64.71428571428571,0.0,0.0,0.0,0.0
207,ben-zwiehoff,7,0,0,0,0.0,70.14285714285714,0.0,0.0,0.0,0.0
208,alessandro-tonelli,7,0,0,0,0.0,108.71428571428571,0.0,0.0,0.0,0.0
209,mathieu-van-der-poel,7,0,2,4,149.0,17.833333333333332,0.0,0.2857142857142857,0.5714285714285714,21.285714285714285
210,william-barta,9,0,1,2,53.0,33.666666666666664,0.0,0.1111111111111111,0.2222222222222222,5.888888888888889
211,jorge-arcas,13,0,0,0,0.0,112.0,0.0,0.0,0.0,0.0
212,merhawi-kudus,9,0,0,0,0.0,110.55555555555556,0.0,0.0,0.0,0.0
213,pascal-eenkhoorn,6,0,0,0,0.0,73.16666666666667,0.0,0.0,0.0,0.0
214,nicolas-prodhomme,8,0,0,0,0.0,114.25,0.0,0.0,0.0,0.0
215,ben-swift,11,0,0,0,0.0,95.63636363636364,0.0,0.0,0.0,0.0
216,edoardo-zambanini,9,0,0,0,0.0,108.0,0.0,0.0,0.0,0.0
217,diego-andres-camargo,9,0,0,0,0.0,78.11111111111111,0.0,0.0,0.0,0.0
218,mattia-bais,6,0,0,0,0.0,128.5,0.0,0.0,0.0,0.0
219,erik-fetter,3,0,0,0,0.0,27.333333333333332,0.0,0.0,0.0,0.0
220,lilian-calmejane,10,0,0,0,0.0,96.2,0.0,0.0,0.0,0.0
221,anthony-perez,13,0,0,0,0.0,57.38461538461539,0.0,0.0,0.0,0.0
222,jaakko-hanninen,8,0,0,0,0.0,127.5,0.0,0.0,0.0,0.0
223,alessandro-de-marchi,13,0,1,1,40.0,34.92307692307692,0.0,0.07692307692307693,0.07692307692307693,3.076923076923077
224,pierre-luc-perichon,12,0,0,0,0.0,68.5,0.0,0.0,0.0,0.0
225,magnus-cort-nielsen,16,0,1,3,100.0,45.6875,0.0,0.0625,0.1875,6.25
226,oier-lazkano,5,0,0,0,10.0,81.2,0.0,0.0,0.0,2.0
227,davide-ballerini,11,0,0,0,0.0,65.27272727272727,0.0,0.0,0.0,0.0
228,tobias-bayer,5,0,0,0,0.0,79.4,0.0,0.0,0.0,0.0
229,romain-combaud,9,0,0,0,0.0,97.44444444444444,0.0,0.0,0.0,0.0
230,aime-de-gendt,8,0,0,0,0.0,107.375,0.0,0.0,0.0,0.0
231,luca-rastelli,4,0,0,0,0.0,117.75,0.0,0.0,0.0,0.0
232,lawson-craddock,19,0,0,7,194.0,15.0,0.0,0.0,0.3684210526315789,10.210526315789474
233,patrick-gamper,8,0,0,0,0.0,94.125,0.0,0.0,0.0,0.0
234,barnabas-peak,8,0,0,0,20.0,48.875,0.0,0.0,0.0,2.5
235,ignatas-konovalovas,12,0,0,0,0.0,102.83333333333333,0.0,0.0,0.0,0.0
236,otto-vergaerde,6,0,0,0,0.0,130.8,0.0,0.0,0.0,0.0
237,alberto-dainese,9,0,0,0,0.0,80.11111111111111,0.0,0.0,0.0,0.0
238,davide-bais,4,0,0,0,0.0,123.5,0.0,0.0,0.0,0.0
239,edward-theuns,16,0,0,0,0.0,91.75,0.0,0.0,0.0,0.0
240,rick-zabel,14,0,0,0,0.0,114.28571428571429,0.0,0.0,0.0,0.0
241,phil-bauhaus,9,0,0,0,0.0,124.88888888888889,0.0,0.0,0.0,0.0
242,rui-oliveira,8,0,0,0,0.0,103.75,0.0,0.0,0.0,0.0
243,clement-davy,5,0,0,0,0.0,88.2,0.0,0.0,0.0,0.0
244,mark-cavendish,7,0,0,0,0.0,93.83333333333333,0.0,0.0,0.0,0.0
245,bert-van-lerberghe,7,0,0,0,0.0,110.28571428571429,0.0,0.0,0.0,0.0
246,adam-yates,15,0,0,5,42.0,21.4,0.0,0.0,0.3333333333333333,2.8
247,jakob-fuglsang,17,0,0,2,10.0,37.470588235294116,0.0,0.0,0.11764705882352941,0.5882352941176471
248,thibaut-pinot,11,0,0,2,29.0,42.0,0.0,0.0,0.18181818181818182,2.6363636363636362
249,julian-alaphilippe,13,1,2,5,159.0,29.46153846153846,0.07692307692307693,0.15384615384615385,0.38461538461538464,12.23076923076923
250,simon-clarke,16,0,0,0,0.0,98.0625,0.0,0.0,0.0,0.0
251,tiesj-benoot,13,0,0,0,0.0,56.53846153846154,0.0,0.0,0.0,0.0
252,aleksey-lutsenko,18,1,1,2,90.0,28.22222222222222,0.05555555555555555,0.05555555555555555,0.1111111111111111,5.0
253,greg-van-avermaet,13,0,0,0,0.0,71.53846153846153,0.0,0.0,0.0,0.0
254,matej-mohoric,13,0,0,1,2.0,55.38461538461539,0.0,0.0,0.07692307692307693,0.15384615384615385
255,tim-wellens,10,0,0,1,1.0,45.4,0.0,0.0,0.1,0.1
256,toms-skujins,16,0,0,0,10.0,75.125,0.0,0.0,0.0,0.625
257,robert-gesink,11,0,0,0,0.0,52.54545454545455,0.0,0.0,0.0,0.0
258,ruben-guerreiro,16,0,0,0,0.0,59.9375,0.0,0.0,0.0,0.0
259,sep-vanmarcke,8,0,0,0,0.0,73.625,0.0,0.0,0.0,0.0
260,julien-simon,10,0,0,0,0.0,95.6,0.0,0.0,0.0,0.0
261,michael-schar,16,0,0,0,0.0,64.0,0.0,0.0,0.0,0.0
262,joey-rosskopf,9,0,0,1,10.0,51.22222222222222,0.0,0.0,0.1111111111111111,1.1111111111111112
263,soren-kragh-andersen,12,0,1,7,52.0,13.166666666666666,0.0,0.08333333333333333,0.5833333333333334,4.333333333333333
264,zdenek-stybar,10,0,0,0,0.0,66.1,0.0,0.0,0.0,0.0
265,simone-velasco,6,0,0,0,0.0,74.16666666666667,0.0,0.0,0.0,0.0
266,tom-van-asbroeck,4,0,0,0,0.0,107.5,0.0,0.0,0.0,0.0
267,clement-venturini,11,0,0,0,0.0,115.72727272727273,0.0,0.0,0.0,0.0
268,matthieu-ladagnous,9,0,0,0,0.0,74.11111111111111,0.0,0.0,0.0,0.0
269,mads-pedersen,11,0,0,4,39.0,49.36363636363637,0.0,0.0,0.36363636363636365,3.5454545454545454
270,kasper-asgreen,16,0,3,12,491.0,9.875,0.0,0.1875,0.75,30.6875
271,yves-lampaert,10,2,2,5,232.0,27.8,0.2,0.2,0.5,23.2
272,ben-hermans,5,0,0,0,0.0,56.8,0.0,0.0,0.0,0.0
273,laurens-de-plus,8,0,0,2,12.0,47.0,0.0,0.0,0.25,1.5
274,nathan-van-hooydonck,10,0,0,0,0.0,58.111111111111114,0.0,0.0,0.0,0.0
275,stefan-kung,23,2,8,18,961.0,7.086956521739131,0.08695652173913043,0.34782608695652173,0.782608695652174,41.78260869565217
276,gijs-van-hoecke,4,0,0,0,0.0,48.25,0.0,0.0,0.0,0.0
277,jasper-stuyven,14,0,0,0,0.0,77.07142857142857,0.0,0.0,0.0,0.0
278,guillaume-van-keirsbulck,6,0,0,0,0.0,73.33333333333333,0.0,0.0,0.0,0.0
279,carl-fredrik-hagen,8,0,0,0,0.0,73.625,0.0,0.0,0.0,0.0
280,silvan-dillier,11,0,0,0,0.0,90.36363636363636,0.0,0.0,0.0,0.0
281,dorian-godon,10,0,0,0,0.0,44.1,0.0,0.0,0.0,0.0
282,eduard-prades,3,0,0,0,0.0,98.33333333333333,0.0,0.0,0.0,0.0
283,rohan-dennis,17,3,6,12,709.0,9.0,0.17647058823529413,0.35294117647058826,0.7058823529411765,41.705882352941174
284,sebastian-schonberger,5,0,0,0,0.0,120.6,0.0,0.0,0.0,0.0
285,benjamin-thomas-2,17,0,0,2,43.0,30.235294117647058,0.0,0.0,0.11764705882352941,2.5294117647058822
286,dmitriy-gruzdev,14,0,0,0,20.0,79.21428571428571,0.0,0.0,0.0,1.4285714285714286
287,mads-wurtz-schmidt,9,0,0,0,0.0,45.77777777777778,0.0,0.0,0.0,0.0
288,michael-morkov,15,0,0,0,0.0,85.66666666666667,0.0,0.0,0.0,0.0
289,omar-fraile,17,0,0,0,2.0,51.8,0.0,0.0,0.0,0.11764705882352941
290,tadej-pogacar,14,2,5,12,530.0,5.785714285714286,0.14285714285714285,0.35714285714285715,0.8571428571428571,37.857142857142854
291,wout-van-aert,13,5,9,12,1000.0,2.25,0.38461538461538464,0.6923076923076923,0.9230769230769231,76.92307692307692
292,marc-soler,17,0,0,3,23.0,46.35294117647059,0.0,0.0,0.17647058823529413,1.3529411764705883
293,hugo-houle,19,0,0,0,40.0,46.55555555555556,0.0,0.0,0.0,2.1052631578947367
294,cristian-rodriguez,8,0,0,0,0.0,103.375,0.0,0.0,0.0,0.0
295,geraint-thomas,19,0,3,11,341.0,12.473684210526315,0.0,0.15789473684210525,0.5789473684210527,17.94736842105263
296,patrick-konrad,19,0,0,1,17.0,48.73684210526316,0.0,0.0,0.05263157894736842,0.8947368421052632
297,alex-aranburu,10,0,1,2,52.0,53.6,0.0,0.1,0.2,5.2
298,sergio-higuita,11,0,0,0,0.0,34.63636363636363,0.0,0.0,0.0,0.0
299,gonzalo-serrano,5,0,0,0,0.0,74.2,0.0,0.0,0.0,0.0
300,jasper-de-buyst,10,0,0,0,0.0,114.33333333333333,0.0,0.0,0.0,0.0
301,michal-kwiatkowski,13,0,2,3,56.0,58.38461538461539,0.0,0.15384615384615385,0.23076923076923078,4.3076923076923075
302,quinn-simmons,7,0,0,0,0.0,87.71428571428571,0.0,0.0,0.0,0.0
303,robert-stannard,10,0,0,0,0.0,91.4,0.0,0.0,0.0,0.0
304,hugo-hofstetter,7,0,0,0,0.0,109.71428571428571,0.0,0.0,0.0,0.0
305,timo-roosen,8,0,0,0,0.0,81.875,0.0,0.0,0.0,0.0
306,loic-vliegen,5,0,0,0,0.0,95.4,0.0,0.0,0.0,0.0
307,luka-mezgec,10,0,0,0,0.0,114.1,0.0,0.0,0.0,0.0
308,thibault-guernalec,5,0,0,0,0.0,23.0,0.0,0.0,0.0,0.0
309,kevin-ledanois,4,0,0,0,0.0,103.5,0.0,0.0,0.0,0.0
310,brent-van-moer,9,0,0,1,6.0,59.0,0.0,0.0,0.1111111111111111,0.6666666666666666
311,alfred-wright,12,0,0,1,22.0,33.916666666666664,0.0,0.0,0.08333333333333333,1.8333333333333333
312,laurent-pichon,5,0,0,0,0.0,53.2,0.0,0.0,0.0,0.0
313,kevin-geniets,12,0,0,0,0.0,40.083333333333336,0.0,0.0,0.0,0.0
314,ivo-emanuel-alves,7,0,0,0,10.0,65.42857142857143,0.0,0.0,0.0,1.4285714285714286
315,xandro-meurisse,11,0,0,0,0.0,37.27272727272727,0.0,0.0,0.0,0.0
316,emils-liepins,6,0,0,0,0.0,81.16666666666667,0.0,0.0,0.0,0.0
317,adrien-petit,7,0,0,0,0.0,92.14285714285714,0.0,0.0,0.0,0.0
318,tim-merlier,6,0,0,0,0.0,117.0,0.0,0.0,0.0,0.0
319,niccolo-bonifazio,5,0,0,0,0.0,136.4,0.0,0.0,0.0,0.0
320,lorrenzo-manzin,4,0,0,0,0.0,110.25,0.0,0.0,0.0,0.0
321,mark-padun,15,0,0,1,1.0,89.33333333333333,0.0,0.0,0.06666666666666667,0.06666666666666667
322,frederik-frison,7,0,0,0,0.0,101.57142857142857,0.0,0.0,0.0,0.0
323,ryan-mullen,12,0,0,0,30.0,47.166666666666664,0.0,0.0,0.0,2.5
324,matteo-malucelli,2,0,0,0,0.0,138.0,0.0,0.0,0.0,0.0
325,thomas-scully,11,0,0,5,66.0,28.0,0.0,0.0,0.45454545454545453,6.0
326,davide-martinelli,6,0,0,0,0.0,88.33333333333333,0.0,0.0,0.0,0.0
327,david-gaudu,15,0,0,0,0.0,48.6,0.0,0.0,0.0,0.0
328,steven-kruijswijk,15,0,0,5,69.0,34.6,0.0,0.0,0.3333333333333333,4.6
329,michael-woods,14,0,0,0,0.0,78.85714285714286,0.0,0.0,0.0,0.0
330,sebastien-reichenbach,11,0,0,0,0.0,57.81818181818182,0.0,0.0,0.0,0.0
331,julien-bernard,17,0,0,0,0.0,82.47058823529412,0.0,0.0,0.0,0.0
332,niklas-eg,9,0,0,0,0.0,67.55555555555556,0.0,0.0,0.0,0.0
333,dylan-van-baarle,17,0,0,4,40.0,35.94117647058823,0.0,0.0,0.23529411764705882,2.3529411764705883
334,louis-meintjes,18,0,0,0,0.0,71.66666666666667,0.0,0.0,0.0,0.0
335,hermann-pernsteiner,12,0,0,0,0.0,55.666666666666664,0.0,0.0,0.0,0.0
336,tsgabu-gebremaryam-grmay,16,0,0,0,0.0,98.33333333333333,0.0,0.0,0.0,0.0
337,roland-thalmann,6,0,0,0,0.0,81.83333333333333,0.0,0.0,0.0,0.0
338,jonas-gregaard,9,0,0,0,0.0,88.0,0.0,0.0,0.0,0.0
339,kenny-elissonde,16,0,0,0,0.0,105.5,0.0,0.0,0.0,0.0
340,odd-christian-eiking,7,0,0,0,0.0,106.0,0.0,0.0,0.0,0.0
341,florian-stork,6,0,0,0,0.0,66.66666666666667,0.0,0.0,0.0,0.0
342,lennard-hofstede,9,0,0,0,0.0,116.77777777777777,0.0,0.0,0.0,0.0
343,jonas-vingegaard-rasmussen,13,0,4,8,220.0,21.692307692307693,0.0,0.3076923076923077,0.6153846153846154,16.923076923076923
344,remco-evenepoel,12,2,7,10,760.0,5.666666666666667,0.16666666666666666,0.5833333333333334,0.8333333333333334,63.333333333333336
345,shane-archbold,7,0,0,0,0.0,119.33333333333333,0.0,0.0,0.0,0.0
346,alexandr-riabushenko,8,0,0,0,10.0,86.625,0.0,0.0,0.0,1.25
347,florian-senechal,12,0,0,0,0.0,71.18181818181819,0.0,0.0,0.0,0.0
348,ilan-van-wilder,7,0,0,2,23.0,45.6,0.0,0.0,0.2857142857142857,3.2857142857142856
349,jesus-herrada-lopez,11,0,0,0,0.0,71.27272727272727,0.0,0.0,0.0,0.0
350,kobe-goossens,11,0,0,0,0.0,58.81818181818182,0.0,0.0,0.0,0.0
351,clement-champoussin,11,0,0,0,0.0,49.666666666666664,0.0,0.0,0.0,0.0
352,jose-herrada,9,0,0,0,0.0,85.625,0.0,0.0,0.0,0.0
353,antonio-tiberi,8,0,0,0,0.0,42.875,0.0,0.0,0.0,0.0
354,steff-cras,13,0,0,0,0.0,52.46153846153846,0.0,0.0,0.0,0.0
355,marc-hirschi,17,0,0,0,0.0,70.76470588235294,0.0,0.0,0.0,0.0
356,dion-smith,10,0,0,0,0.0,74.5,0.0,0.0,0.0,0.0
357,andreas-kron,12,0,0,0,0.0,73.16666666666667,0.0,0.0,0.0,0.0
358,marco-brenner,6,0,0,1,10.0,50.666666666666664,0.0,0.0,0.16666666666666666,1.6666666666666667
359,jack-haig,13,0,0,0,0.0,53.69230769230769,0.0,0.0,0.0,0.0
360,stephen-williams,7,0,0,0,0.0,87.85714285714286,0.0,0.0,0.0,0.0
361,javier-romo,3,0,0,0,0.0,56.0,0.0,0.0,0.0,0.0
362,jake-stewart,5,0,0,0,0.0,78.2,0.0,0.0,0.0,0.0
363,neilson-powless,18,0,0,1,13.0,36.5,0.0,0.0,0.05555555555555555,0.7222222222222222
364,stefan-bissegger,15,3,6,10,455.0,20.466666666666665,0.2,0.4,0.6666666666666666,30.333333333333332
365,owain-doull,10,0,0,0,0.0,53.9,0.0,0.0,0.0,0.0
366,joel-suter,3,0,0,0,0.0,70.66666666666667,0.0,0.0,0.0,0.0
367,thomas-champion,7,0,0,0,0.0,103.14285714285714,0.0,0.0,0.0,0.0
368,christopher-froome,12,0,0,0,0.0,91.36363636363636,0.0,0.0,0.0,0.0
369,alexander-edmondson,7,0,0,0,0.0,35.714285714285715,0.0,0.0,0.0,0.0
370,johan-jacobs,7,0,0,0,0.0,56.0,0.0,0.0,0.0,0.0
371,charlie-quarterman,4,0,0,0,0.0,35.25,0.0,0.0,0.0,0.0
372,jordi-meeus,10,0,0,0,0.0,103.22222222222223,0.0,0.0,0.0,0.0
373,fabian-lienhard,8,0,0,0,0.0,102.625,0.0,0.0,0.0,0.0
374,mathias-norsgaard,8,0,0,1,7.0,56.333333333333336,0.0,0.0,0.125,0.875
375,gerben-thijssen,3,0,0,0,0.0,115.33333333333333,0.0,0.0,0.0,0.0
376,gino-mader,16,0,2,2,36.0,44.8125,0.0,0.125,0.125,2.25
377,simon-geschke,15,0,1,1,30.0,73.73333333333333,0.0,0.06666666666666667,0.06666666666666667,2.0
378,juan-ayuso-pesquera,3,0,0,2,4.0,11.666666666666666,0.0,0.0,0.6666666666666666,1.3333333333333333
379,luke-plapp,5,0,1,1,44.0,43.4,0.0,0.2,0.2,8.8
380,carlos-verona,18,0,0,0,0.0,117.88888888888889,0.0,0.0,0.0,0.0
381,sean-quinn,4,0,0,0,0.0,40.0,0.0,0.0,0.0,0.0
382,finn-fisher-black,5,0,0,0,10.0,40.4,0.0,0.0,0.0,2.0
383,dylan-teuns,14,0,0,2,18.0,30.571428571428573,0.0,0.0,0.14285714285714285,1.2857142857142858
384,andreas-leknessund,13,0,0,0,40.0,33.76923076923077,0.0,0.0,0.0,3.076923076923077
385,abner-gonzalez-rivera,2,0,0,0,0.0,48.0,0.0,0.0,0.0,0.0
386,jose-felix-parra,3,0,0,0,0.0,78.0,0.0,0.0,0.0,0.0
387,quentin-pacher,11,0,0,0,0.0,79.63636363636364,0.0,0.0,0.0,0.0
388,ruben-fernandez,14,0,0,0,0.0,75.57142857142857,0.0,0.0,0.0,0.0
389,oscar-rodriguez,13,0,0,0,0.0,42.69230769230769,0.0,0.0,0.0,0.0
390,ben-healy,3,0,0,0,0.0,30.0,0.0,0.0,0.0,0.0
391,magnus-sheffield,4,0,1,2,40.0,19.25,0.0,0.25,0.5,10.0
392,pau-miquel-delgado,2,0,0,0,0.0,77.5,0.0,0.0,0.0,0.0
393,anton-palzer,5,0,0,0,0.0,86.6,0.0,0.0,0.0,0.0
394,maximilian-schachmann,14,1,1,4,82.0,25.615384615384617,0.07142857142857142,0.07142857142857142,0.2857142857142857,5.857142857142857
395,stefan-de-bod,16,0,0,3,34.0,30.8,0.0,0.0,0.1875,2.125
396,ethan-hayter,8,0,2,5,223.0,8.833333333333334,0.0,0.25,0.625,27.875
397,yannis-voisard,2,0,0,0,0.0,60.5,0.0,0.0,0.0,0.0
398,filippo-colombo1,1,0,0,0,0.0,85.0,0.0,0.0,0.0,0.0
399,carlos-garcia-pierna,1,0,0,0,0.0,95.0,0.0,0.0,0.0,0.0
400,urko-berrade-fernandez,4,0,0,0,0.0,71.0,0.0,0.0,0.0,0.0
401,valentin-paret-peintre,2,0,0,0,0.0,111.5,0.0,0.0,0.0,0.0
402,amund-grondahl-jansen,11,0,0,0,0.0,119.27272727272727,0.0,0.0,0.0,0.0
403,sebastien-grignard,5,0,0,0,0.0,99.2,0.0,0.0,0.0,0.0
404,frederik-wandahl,4,0,0,0,0.0,121.0,0.0,0.0,0.0,0.0
405,raul-garcia-pierna,5,0,0,1,0.0,44.4,0.0,0.0,0.2,0.0
406,georg-steinhauser,1,0,0,0,0.0,79.0,0.0,0.0,0.0,0.0
407,harry-sweeny,10,0,0,0,0.0,53.625,0.0,0.0,0.0,0.0
408,michel-hessmann,4,0,0,2,6.0,49.5,0.0,0.0,0.5,1.5
409,nils-brun,1,0,0,0,0.0,84.0,0.0,0.0,0.0,0.0
410,laurens-huys,4,0,0,0,0.0,110.5,0.0,0.0,0.0,0.0
411,casper-pedersen,10,0,0,0,0.0,78.3,0.0,0.0,0.0,0.0
412,johan-price-pejtersen,4,1,1,2,22.0,39.75,0.25,0.25,0.5,5.5
413,julius-johansen,6,0,0,0,0.0,54.0,0.0,0.0,0.0,0.0
414,gregor-muhlberger,12,0,0,0,0.0,93.63636363636364,0.0,0.0,0.0,0.0
415,enric-mas,18,0,0,5,46.0,30.61111111111111,0.0,0.0,0.2777777777777778,2.5555555555555554
416,aurelien-paret-peintre,14,0,0,0,0.0,58.5,0.0,0.0,0.0,0.0
417,matteo-trentin,9,0,0,1,1.0,77.77777777777777,0.0,0.0,0.1111111111111111,0.1111111111111111
418,dries-devenyns,14,0,0,0,0.0,64.78571428571429,0.0,0.0,0.0,0.0
419,paul-ourselin,5,0,0,0,0.0,73.2,0.0,0.0,0.0,0.0
420,sven-erik-bystrom,9,0,0,0,0.0,83.11111111111111,0.0,0.0,0.0,0.0
421,michael-matthews,15,0,1,2,26.0,33.46666666666667,0.0,0.06666666666666667,0.13333333333333333,1.7333333333333334
422,stan-dewulf,11,0,0,0,0.0,76.63636363636364,0.0,0.0,0.0,0.0
423,yuriy-natarov,9,0,0,0,10.0,84.22222222222223,0.0,0.0,0.0,1.1111111111111112
424,lukas-postlberger,10,0,0,1,2.0,56.2,0.0,0.0,0.1,0.2
425,brandon-mcnulty,20,0,3,7,141.0,33.3,0.0,0.15,0.35,7.05
426,pierre-latour,15,0,0,3,48.0,36.266666666666666,0.0,0.0,0.2,3.2
427,ivan-garcia-cortina,12,0,0,0,0.0,77.25,0.0,0.0,0.0,0.0
428,colin-joyce,3,0,0,0,0.0,126.0,0.0,0.0,0.0,0.0
429,john-degenkolb,12,0,0,0,0.0,78.08333333333333,0.0,0.0,0.0,0.0
430,fabien-grellier,7,0,0,0,0.0,103.57142857142857,0.0,0.0,0.0,0.0
431,szymon-sajnok,6,0,0,0,0.0,89.5,0.0,0.0,0.0,0.0
432,luke-rowe,14,0,0,0,0.0,132.64285714285714,0.0,0.0,0.0,0.0
433,alexander-kristoff,11,0,0,0,0.0,106.8,0.0,0.0,0.0,0.0
434,mathieu-burgaudeau,6,0,0,0,0.0,88.5,0.0,0.0,0.0,0.0
435,clement-berthet,3,0,0,0,0.0,63.666666666666664,0.0,0.0,0.0,0.0
436,jonas-rutsch,8,0,0,1,7.0,40.25,0.0,0.0,0.125,0.875
437,bryan-coquard,7,0,0,0,0.0,107.28571428571429,0.0,0.0,0.0,0.0
438,kristian-aasvold,1,0,0,0,0.0,32.0,0.0,0.0,0.0,0.0
439,tim-declercq,11,0,0,0,0.0,84.0909090909091,0.0,0.0,0.0,0.0
440,markus-hoelgaard,2,0,0,0,0.0,88.0,0.0,0.0,0.0,0.0
441,benoit-cosnefroy,13,0,0,0,0.0,100.3076923076923,0.0,0.0,0.0,0.0
442,alexander-kamp,6,0,0,0,0.0,103.66666666666667,0.0,0.0,0.0,0.0
443,baptiste-planckaert,4,0,0,0,0.0,110.25,0.0,0.0,0.0,0.0
444,anthony-turgis,12,0,0,0,0.0,79.0,0.0,0.0,0.0,0.0
445,robin-froidevaux,1,0,0,0,0.0,34.0,0.0,0.0,0.0,0.0
446,lewis-askey,1,0,0,0,0.0,68.0,0.0,0.0,0.0,0.0
447,daryl-impey,9,0,0,0,0.0,59.0,0.0,0.0,0.0,0.0
448,david-de-la-cruz,14,0,0,2,31.0,38.857142857142854,0.0,0.0,0.14285714285714285,2.2142857142857144
449,daniel-navarro,10,0,0,0,0.0,118.5,0.0,0.0,0.0,0.0
450,luis-angel-mate,8,0,0,0,0.0,117.5,0.0,0.0,0.0,0.0
451,gotzon-martin,6,0,0,0,0.0,115.83333333333333,0.0,0.0,0.0,0.0
452,julen-amezqueta,6,0,0,0,0.0,97.5,0.0,0.0,0.0,0.0
453,mikel-bizkarra,8,0,0,0,0.0,90.75,0.0,0.0,0.0,0.0
454,floris-de-tier,6,0,0,0,0.0,137.2,0.0,0.0,0.0,0.0
455,nick-schultz,13,0,0,0,0.0,74.15384615384616,0.0,0.0,0.0,0.0
456,mikel-iturria,8,0,0,0,0.0,109.0,0.0,0.0,0.0,0.0
457,angel-madrazo,7,0,0,0,0.0,125.28571428571429,0.0,0.0,0.0,0.0
458,imanol-erviti,14,0,0,0,0.0,86.42857142857143,0.0,0.0,0.0,0.0
459,thomas-pidcock,4,0,0,0,1.0,59.5,0.0,0.0,0.0,0.25
460,jetse-bol,7,0,0,0,0.0,133.0,0.0,0.0,0.0,0.0
461,jay-vine,4,0,0,0,0.0,64.25,0.0,0.0,0.0,0.0
462,ander-okamika,5,0,0,0,0.0,141.2,0.0,0.0,0.0,0.0
463,damien-touze,7,0,0,0,0.0,60.42857142857143,0.0,0.0,0.0,0.0
464,antonio-soto,3,0,0,0,0.0,68.33333333333333,0.0,0.0,0.0,0.0
465,pelayo-sanchez-mayo,3,0,0,0,0.0,93.0,0.0,0.0,0.0,0.0
466,maxim-van-gils,9,0,0,0,0.0,97.88888888888889,0.0,0.0,0.0,0.0
467,fernando-barcelo,7,0,0,0,0.0,133.14285714285714,0.0,0.0,0.0,0.0
468,andrea-bagioli,6,0,0,1,12.0,41.833333333333336,0.0,0.0,0.16666666666666666,2.0
469,eddy-fine,3,0,0,0,0.0,135.33333333333334,0.0,0.0,0.0,0.0
470,joan-bou,4,0,0,0,0.0,107.75,0.0,0.0,0.0,0.0
471,carlos-canal,4,0,0,0,0.0,104.5,0.0,0.0,0.0,0.0
472,xabier-mikel-azparren-irurzun,6,0,0,0,0.0,36.333333333333336,0.0,0.0,0.0,0.0
473,alex-kirsch,11,0,0,0,0.0,81.0909090909091,0.0,0.0,0.0,0.0
474,florian-vermeersch,8,0,1,2,11.0,26.625,0.0,0.125,0.25,1.375
475,edward-planckaert,6,0,0,0,0.0,126.5,0.0,0.0,0.0,0.0
476,piet-allegaert,5,0,0,0,0.0,115.75,0.0,0.0,0.0,0.0
477,jon-aberasturi,6,0,0,0,0.0,151.33333333333334,0.0,0.0,0.0,0.0
478,sebastian-berwick,5,0,0,0,0.0,110.8,0.0,0.0,0.0,0.0
479,martin-laas,4,0,0,0,0.0,146.75,0.0,0.0,0.0,0.0
480,fabio-jakobsen,8,0,0,0,0.0,134.875,0.0,0.0,0.0,0.0
481,mikkel-bjerg,16,1,3,7,166.0,15.375,0.0625,0.1875,0.4375,10.375
482,nils-eekhoff,6,0,0,1,4.0,47.5,0.0,0.0,0.16666666666666666,0.6666666666666666
483,daan-hoole,4,0,0,2,15.0,16.5,0.0,0.0,0.5,3.75
484,inigo-elosegui,2,0,0,0,0.0,50.5,0.0,0.0,0.0,0.0
485,ethan-vernon,3,0,0,1,4.0,21.666666666666668,0.0,0.0,0.3333333333333333,1.3333333333333333
486,antonio-puppio,1,0,0,0,0.0,22.0,0.0,0.0,0.0,0.0
487,filip-maciejuk,5,0,0,0,0.0,41.0,0.0,0.0,0.0,0.0
488,biniam-girmay,4,0,0,0,0.0,69.75,0.0,0.0,0.0,0.0
489,nickolas-zukowsky,4,0,0,0,0.0,90.75,0.0,0.0,0.0,0.0
490,juri-hollmann,2,0,0,0,0.0,42.5,0.0,0.0,0.0,0.0
491,yevgeniy-fedorov,7,0,0,0,10.0,32.285714285714285,0.0,0.0,0.0,1.4285714285714286
492,chih-hao-tu,1,0,0,0,0.0,40.0,0.0,0.0,0.0,0.0
493,andre-carvalho,2,0,0,0,0.0,87.5,0.0,0.0,0.0,0.0
494,james-fouche,1,0,0,0,0.0,44.0,0.0,0.0,0.0,0.0
495,nils-politt,13,0,1,2,49.0,42.23076923076923,0.0,0.07692307692307693,0.15384615384615385,3.769230769230769
496,soren-waerenskjold,2,1,1,2,27.0,2.5,0.5,0.5,1.0,13.5
497,mick-van-dijke,3,0,0,1,6.0,20.0,0.0,0.0,0.3333333333333333,2.0
498,filippo-baroncini,1,0,0,1,0.0,9.0,0.0,0.0,1.0,0.0
499,logan-currie,2,0,0,1,7.0,7.5,0.0,0.0,0.5,3.5
500,fran-miholjevic,2,0,0,0,0.0,11.5,0.0,0.0,0.0,0.0
501,alexandre-balmer,2,0,0,0,0.0,22.0,0.0,0.0,0.0,0.0
502,jenno-berckmoes,1,0,0,0,0.0,22.0,0.0,0.0,0.0,0.0
503,marcus-sander-hansen,1,0,0,0,0.0,23.0,0.0,0.0,0.0,0.0
504,kevin-vauquelin,1,0,0,0,0.0,25.0,0.0,0.0,0.0,0.0
505,maurice-ballerstedt,1,0,0,0,0.0,28.0,0.0,0.0,0.0,0.0
506,matthew-riccitello,1,0,0,0,0.0,30.0,0.0,0.0,0.0,0.0
507,marco-frigo,1,0,0,0,0.0,33.0,0.0,0.0,0.0,0.0
508,igor-chzhan,1,0,0,0,0.0,37.0,0.0,0.0,0.0,0.0
509,arthur-kluckers,1,0,0,0,0.0,41.0,0.0,0.0,0.0,0.0
510,negasi-abreha,1,0,0,0,0.0,64.0,0.0,0.0,0.0,0.0
511,henok-mulubrhan,1,0,0,0,0.0,,0.0,0.0,0.0,0.0
512,carlos-rodriguez-cano,4,0,0,1,35.0,24.0,0.0,0.0,0.25,8.75
513,rigoberto-uran,14,1,1,4,184.0,31.357142857142858,0.07142857142857142,0.07142857142857142,0.2857142857142857,13.142857142857142
514,aaron-gate,1,0,0,1,32.0,4.0,0.0,0.0,1.0,32.0
515,rune-herregodts,2,0,0,1,24.0,11.5,0.0,0.0,0.5,12.0
516,anthony-delaplace,8,0,0,0,8.0,68.375,0.0,0.0,0.0,1.0
517,mathijs-paasschens,1,0,0,0,2.0,19.0,0.0,0.0,0.0,2.0
518,emilien-jeanniere,1,0,0,0,0.0,24.0,0.0,0.0,0.0,0.0
519,tao-geoghegan-hart,17,0,0,3,37.0,44.8235294117647,0.0,0.0,0.17647058823529413,2.176470588235294
520,alec-segaert,1,0,1,1,14.0,2.0,0.0,1.0,1.0,14.0
521,leo-hayter,1,0,1,1,8.0,3.0,0.0,1.0,1.0,8.0
522,mathias-vacek,2,0,0,1,0.0,30.0,0.0,0.0,0.5,0.0
523,lorenzo-milesi,1,0,0,1,0.0,10.0,0.0,0.0,1.0,0.0
524,lennert-van-eetvelt,1,0,0,0,0.0,14.0,0.0,0.0,0.0,0.0
525,davide-piganzoli,1,0,0,0,0.0,16.0,0.0,0.0,0.0,0.0
526,gleb-brussenskiy,1,0,0,0,0.0,22.0,0.0,0.0,0.0,0.0
527,danny-van-der-tuuk,1,0,0,0,0.0,24.0,0.0,0.0,0.0,0.0
528,ahmed-madan,1,0,0,0,0.0,32.0,0.0,0.0,0.0,0.0
529,ivan-romeo,1,0,0,0,0.0,,0.0,0.0,0.0,0.0
530,bruno-armirail,14,0,0,3,82.0,43.285714285714285,0.0,0.0,0.21428571428571427,5.857142857142857
531,derek-gee,1,0,0,0,10.0,19.0,0.0,0.0,0.0,10.0
532,alexander-salby,1,0,0,0,10.0,42.0,0.0,0.0,0.0,10.0
533,jhojan-garcia,2,0,0,0,0.0,96.5,0.0,0.0,0.0,0.0
534,jonathan-lastra,6,0,0,0,0.0,116.83333333333333,0.0,0.0,0.0,0.0
535,sergio-samitier,11,0,0,0,0.0,113.0909090909091,0.0,0.0,0.0,0.0
536,jesus-ezquerra-muela,5,0,0,0,0.0,112.0,0.0,0.0,0.0,0.0
537,jonas-koch,7,0,0,0,0.0,133.0,0.0,0.0,0.0,0.0
538,david-gonzalez-lopez,1,0,0,0,0.0,151.0,0.0,0.0,0.0,0.0
539,danny-van-poppel,10,0,0,0,0.0,97.2,0.0,0.0,0.0,0.0
540,daniel-mclay,6,0,0,0,0.0,115.33333333333333,0.0,0.0,0.0,0.0
541,edvald-boasson-hagen,12,0,0,0,0.0,74.9090909090909,0.0,0.0,0.0,0.0
542,fabien-doubey,10,0,0,0,0.0,70.8,0.0,0.0,0.0,0.0
543,remy-mertz,3,0,0,0,0.0,91.66666666666667,0.0,0.0,0.0,0.0
544,oliver-naesen,12,0,0,0,0.0,83.5,0.0,0.0,0.0,0.0
545,maxime-bouet,7,0,0,0,0.0,74.85714285714286,0.0,0.0,0.0,0.0
546,warren-barguil,9,0,0,0,1.0,88.22222222222223,0.0,0.0,0.0,0.1111111111111111
547,vegard-stake-laengen,8,0,0,0,0.0,93.625,0.0,0.0,0.0,0.0
548,alvaro-jose-hodeg,7,0,0,0,0.0,96.85714285714286,0.0,0.0,0.0,0.0
549,mike-teunissen,11,0,0,0,0.0,71.9,0.0,0.0,0.0,0.0
550,heinrich-haussler,8,0,0,0,0.0,97.71428571428571,0.0,0.0,0.0,0.0
551,christophe-laporte,12,0,0,2,6.0,54.0,0.0,0.0,0.16666666666666666,0.5
552,caleb-ewan,12,0,0,0,0.0,142.41666666666666,0.0,0.0,0.0,0.0
553,alessandro-fedeli,1,0,0,0,0.0,107.0,0.0,0.0,0.0,0.0
554,geoffrey-soupe,3,0,0,0,0.0,102.0,0.0,0.0,0.0,0.0
555,elie-gesbert,6,0,0,0,0.0,116.16666666666667,0.0,0.0,0.0,0.0
556,jakub-mareczko,5,0,0,0,0.0,148.0,0.0,0.0,0.0,0.0
557,dylan-groenewegen,10,0,0,0,0.0,135.33333333333334,0.0,0.0,0.0,0.0
558,bram-welten,2,0,0,0,0.0,138.5,0.0,0.0,0.0,0.0
559,ludovic-robeet,2,0,0,0,0.0,104.5,0.0,0.0,0.0,0.0
560,jasper-philipsen,11,0,0,1,1.0,110.2,0.0,0.0,0.09090909090909091,0.09090909090909091
561,amaury-capiot,4,0,0,0,0.0,103.25,0.0,0.0,0.0,0.0
562,kristoffer-halvorsen,1,0,0,0,0.0,103.0,0.0,0.0,0.0,0.0
563,dries-van-gestel,3,0,0,0,0.0,107.66666666666667,0.0,0.0,0.0,0.0
564,aaron-verwilst,1,0,0,0,0.0,108.0,0.0,0.0,0.0,0.0
565,leonardo-basso,3,0,0,0,0.0,118.66666666666667,0.0,0.0,0.0,0.0
566,milan-menten,2,0,0,0,0.0,132.0,0.0,0.0,0.0,0.0
567,tom-devriendt,2,0,0,0,0.0,103.0,0.0,0.0,0.0,0.0
568,boy-van-poppel,7,0,0,0,0.0,107.42857142857143,0.0,0.0,0.0,0.0
569,lionel-taminiaux,3,0,0,0,0.0,121.33333333333333,0.0,0.0,0.0,0.0
570,yevgeniy-gidich,7,0,0,0,0.0,122.57142857142857,0.0,0.0,0.0,0.0
571,ide-schelling,5,0,0,1,3.0,111.6,0.0,0.0,0.2,0.6
572,mark-donovan,9,0,0,0,0.0,73.0,0.0,0.0,0.0,0.0
573,roger-adria,4,0,0,0,0.0,73.75,0.0,0.0,0.0,0.0
574,txomin-juaristi,1,0,0,0,0.0,103.0,0.0,0.0,0.0,0.0
575,filippo-conca,8,0,0,0,0.0,104.16666666666667,0.0,0.0,0.0,0.0
576,kevin-vermaerke,5,0,0,0,0.0,86.0,0.0,0.0,0.0,0.0
577,georg-zimmermann,9,0,0,0,0.0,102.33333333333333,0.0,0.0,0.0,0.0
578,jon-barrenetxea-golzarri,1,0,0,0,0.0,150.0,0.0,0.0,0.0,0.0
579,jon-agirre,2,0,0,0,0.0,153.5,0.0,0.0,0.0,0.0
580,unai-cuadrado,1,0,0,0,0.0,160.0,0.0,0.0,0.0,0.0
581,marti-marquez,2,0,0,0,0.0,100.0,0.0,0.0,0.0,0.0
582,francisco-galvan,3,0,0,0,0.0,93.5,0.0,0.0,0.0,0.0
583,jannik-steimle,4,0,0,1,6.0,18.75,0.0,0.0,0.25,1.5
584,jelle-wallays,6,0,0,0,0.0,99.33333333333333,0.0,0.0,0.0,0.0
585,matthew-walls,3,0,0,0,0.0,106.66666666666667,0.0,0.0,0.0,0.0
586,marc-sarreau,5,0,0,0,0.0,107.5,0.0,0.0,0.0,0.0
587,chris-harper,7,0,0,0,0.0,52.0,0.0,0.0,0.0,0.0
588,jonathan-milan,4,0,0,0,0.0,34.5,0.0,0.0,0.0,0.0
589,lasse-norman-leth,2,0,0,0,0.0,51.0,0.0,0.0,0.0,0.0
590,brandon-smith-rivera-vargas,1,0,0,0,0.0,48.0,0.0,0.0,0.0,0.0
591,david-dekker,3,0,0,0,0.0,64.0,0.0,0.0,0.0,0.0
592,cees-bol,10,0,0,0,0.0,104.6,0.0,0.0,0.0,0.0
593,kevin-colleoni,3,0,0,0,0.0,96.0,0.0,0.0,0.0,0.0
594,omer-goldstein,8,0,0,0,0.0,90.625,0.0,0.0,0.0,0.0
595,kaden-groves,7,0,0,0,0.0,81.14285714285714,0.0,0.0,0.0,0.0
596,giacomo-nizzolo,7,0,0,0,0.0,123.14285714285714,0.0,0.0,0.0,0.0
597,jonas-rickaert,7,0,0,0,0.0,57.666666666666664,0.0,0.0,0.0,0.0
598,alan-riou,2,0,0,0,0.0,66.0,0.0,0.0,0.0,0.0
599,matis-louvel,5,0,0,0,0.0,80.0,0.0,0.0,0.0,0.0
600,andres-camilo-ardila,3,0,0,0,0.0,113.0,0.0,0.0,0.0,0.0
601,michel-ries,3,0,0,0,0.0,91.33333333333333,0.0,0.0,0.0,0.0
602,karel-vacek,1,0,0,0,0.0,145.0,0.0,0.0,0.0,0.0
603,olav-kooij,5,0,0,0,0.0,104.8,0.0,0.0,0.0,0.0
604,kenneth-van-rooy,1,0,0,0,0.0,84.0,0.0,0.0,0.0,0.0
605,alexis-renard,4,0,0,0,0.0,91.0,0.0,0.0,0.0,0.0
606,alexander-konychev,4,0,0,0,0.0,110.25,0.0,0.0,0.0,0.0
607,arne-marit,1,0,0,0,0.0,116.0,0.0,0.0,0.0,0.0
608,stanislaw-aniolkowski,3,0,0,0,0.0,121.33333333333333,0.0,0.0,0.0,0.0
609,laurenz-rex,1,0,0,0,0.0,134.0,0.0,0.0,0.0,0.0
610,guy-sagiv,4,0,0,0,0.0,128.5,0.0,0.0,0.0,0.0
611,arjen-livyns,1,0,0,0,0.0,145.0,0.0,0.0,0.0,0.0
612,ward-vanhoof,1,0,0,0,0.0,,0.0,0.0,0.0,0.0
613,connor-swift,7,0,0,0,0.0,45.57142857142857,0.0,0.0,0.0,0.0
614,clement-russo,6,0,0,0,0.0,86.83333333333333,0.0,0.0,0.0,0.0
615,cyril-barthe,7,0,0,0,0.0,106.57142857142857,0.0,0.0,0.0,0.0
616,nacer-bouhanni,3,0,0,0,0.0,154.33333333333334,0.0,0.0,0.0,0.0
617,franck-bonnamour,7,0,0,0,0.0,104.0,0.0,0.0,0.0,0.0
618,niklas-markl,3,0,0,0,0.0,98.66666666666667,0.0,0.0,0.0,0.0
619,valentin-ferron,3,0,0,0,0.0,70.66666666666667,0.0,0.0,0.0,0.0
620,victor-lafay,6,0,0,0,0.0,112.66666666666667,0.0,0.0,0.0,0.0
621,giovanni-lonardi,5,0,0,0,0.0,139.0,0.0,0.0,0.0,0.0
622,jefferson-alexander-cepeda,5,0,0,0,0.0,163.2,0.0,0.0,0.0,0.0
623,james-shaw,3,0,0,0,0.0,66.0,0.0,0.0,0.0,0.0
624,jeremy-cabot,3,0,0,0,0.0,72.33333333333333,0.0,0.0,0.0,0.0
625,milan-vader,1,0,0,0,0.0,29.0,0.0,0.0,0.0,0.0
626,paul-lapeira,2,0,0,0,0.0,54.0,0.0,0.0,0.0,0.0
627,leon-heinschke,2,0,0,0,0.0,99.5,0.0,0.0,0.0,0.0
628,hugo-page,3,0,0,0,0.0,65.0,0.0,0.0,0.0,0.0
629,igor-arrieta-lizarraga,1,0,0,0,0.0,72.0,0.0,0.0,0.0,0.0
630,orluis-aular,1,0,0,0,0.0,73.0,0.0,0.0,0.0,0.0
631,ibon-ruiz,1,0,0,0,0.0,77.0,0.0,0.0,0.0,0.0
632,alan-jousseaume,1,0,0,0,0.0,82.0,0.0,0.0,0.0,0.0
633,tim-naberman,1,0,0,0,0.0,93.0,0.0,0.0,0.0,0.0
634,xabier-isasa-larranaga,1,0,0,0,0.0,99.0,0.0,0.0,0.0,0.0
635,asier-etxeberria,1,0,0,0,0.0,120.0,0.0,0.0,0.0,0.0
636,jokin-murguialday-elorza,1,0,0,0,0.0,137.0,0.0,0.0,0.0,0.0
637,victor-langellotti,1,0,0,0,0.0,142.0,0.0,0.0,0.0,0.0
638,ibai-azurmendi-sagastibel,2,0,0,0,0.0,143.5,0.0,0.0,0.0,0.0
639,jesus-david-pena-jimenez,1,0,0,0,0.0,153.0,0.0,0.0,0.0,0.0
640,marijn-van-den-berg,2,0,0,0,0.0,43.0,0.0,0.0,0.0,0.0
641,kelland-brien,3,0,0,0,0.0,50.666666666666664,0.0,0.0,0.0,0.0
642,jarrad-drizners,4,0,0,0,0.0,65.5,0.0,0.0,0.0,0.0
643,stan-van-tricht,1,0,0,0,0.0,65.0,0.0,0.0,0.0,0.0
644,campbell-stewart,2,0,0,0,0.0,102.0,0.0,0.0,0.0,0.0
645,marc-brustenga-masague,1,0,0,0,0.0,94.0,0.0,0.0,0.0,0.0
646,taj-jones,3,0,0,0,0.0,108.33333333333333,0.0,0.0,0.0,0.0
647,victor-koretzky,1,0,0,0,0.0,91.0,0.0,0.0,0.0,0.0
648,luca-mozzato,4,0,0,0,0.0,141.25,0.0,0.0,0.0,0.0
649,tobias-halland-johannessen,1,0,0,0,0.0,28.0,0.0,0.0,0.0,0.0
650,hugo-toumire,1,0,0,0,0.0,100.0,0.0,0.0,0.0,0.0
651,anders-skaarseth,2,0,0,0,0.0,111.5,0.0,0.0,0.0,0.0
652,idar-andersen,2,0,0,0,0.0,82.0,0.0,0.0,0.0,0.0
653,sandy-dujardin,1,0,0,0,0.0,144.0,0.0,0.0,0.0,0.0
654,anthon-charmig,1,0,0,0,0.0,145.0,0.0,0.0,0.0,0.0
655,christian-scaroni,1,0,0,0,0.0,38.0,0.0,0.0,0.0,0.0
656,sergio-martin,2,0,0,0,0.0,81.0,0.0,0.0,0.0,0.0
657,kamil-malecki,4,0,0,0,0.0,97.0,0.0,0.0,0.0,0.0
658,alexandre-delettre,1,0,0,0,0.0,74.0,0.0,0.0,0.0,0.0
659,jonas-iversby-hvideberg,2,0,0,0,0.0,107.5,0.0,0.0,0.0,0.0
660,michal-schlegel,1,0,0,0,0.0,82.0,0.0,0.0,0.0,0.0
661,sam-welsford,1,0,0,0,0.0,83.0,0.0,0.0,0.0,0.0
662,antoine-raugel,2,0,0,0,0.0,88.0,0.0,0.0,0.0,0.0
663,peter-kusztor,1,0,0,0,0.0,94.0,0.0,0.0,0.0,0.0
664,iuri-leitao,1,0,0,0,0.0,104.0,0.0,0.0,0.0,0.0
665,david-lozano,1,0,0,0,0.0,114.0,0.0,0.0,0.0,0.0
666,umberto-poli,1,0,0,0,0.0,117.0,0.0,0.0,0.0,0.0
667,andrea-peron,1,0,0,0,0.0,127.0,0.0,0.0,0.0,0.0
668,sam-brand,1,0,0,0,0.0,,0.0,0.0,0.0,0.0
669,simone-bevilacqua,2,0,0,0,0.0,115.0,0.0,0.0,0.0,0.0
670,etienne-van-empel,2,0,0,0,0.0,149.0,0.0,0.0,0.0,0.0
671,rasmus-tiller,1,0,0,0,0.0,93.0,0.0,0.0,0.0,0.0
672,cameron-wurf,1,0,0,0,0.0,75.0,0.0,0.0,0.0,0.0
673,itamar-einhorn,1,0,0,0,0.0,141.0,0.0,0.0,0.0,0.0
674,cedric-beullens,1,0,0,0,0.0,105.0,0.0,0.0,0.0,0.0
675,ben-turner,1,0,0,0,0.0,126.0,0.0,0.0,0.0,0.0
676,vojtech-repa,1,0,0,0,0.0,127.0,0.0,0.0,0.0,0.0
677,jose-manuel-diaz-gallego,1,0,0,0,0.0,142.0,0.0,0.0,0.0,0.0
